typeCode,freqCode,refPeriodId,refYear,refMonth,period,reporterCode,reporterISO,reporterDesc,flowCode,flowDesc,partnerCode,partnerISO,partnerDesc,partner2Code,partner2ISO,partner2Desc,classificationCode,classificationSearchCode,isOriginalClassification,cmdCode,cmdDesc,aggrLevel,isLeaf,customsCode,customsDesc,mosCode,motCode,motDesc,qtyUnitCode,qtyUnitAbbr,qty,isQtyEstimated,altQtyUnitCode,altQtyUnitAbbr,altQty,isAltQtyEstimated,netWgt,isNetWgtEstimated,grossWgt,isGrossWgtEstimated,cifvalue,fobvalue,primaryValue,legacyEstimationFlag,isReported,isAggregate
C,M,20180101,2018,1,201801,97,EUR,European Union,M,Import,0,W00,World,0,W00,World,H5,HS,True,3923,"Plastic articles for the conveyance or packing of goods; stoppers, lids, caps and other closures of plastics",4,False,C00,TOTAL CPC,0,0,TOTAL MOT,8,kg,107680904.14,True,-1,N/A,0.0,False,107680904.14,True,0.0,False,471554223.555,,471554223.555,6,False,True
C,M,20180101,2018,1,201801,97,EUR,European Union,M,Import,0,W00,World,0,W00,World,H5,HS,True,3924,"Tableware, kitchenware, other household articles and hygienic or toilet articles, of plastics",4,False,C00,TOTAL CPC,0,0,TOTAL MOT,8,kg,38002982.433,True,-1,N/A,0.0,False,38002982.433,True,0.0,False,190751950.497,,190751950.497,6,False,True
C,M,20180101,2018,1,201801,97,EUR,European Union,M,Import,0,W00,World,0,W00,World,H5,HS,True,3926,"Articles of plastics and articles of other materials of heading no. 3901 to 3914, n.e.c. in chapter 39",4,False,C00,TOTAL CPC,0,0,TOTAL MOT,8,kg,113016128.696,True,-1,N/A,0.0,False,113016128.696,True,0.0,False,905114503.643,,905114503.643,6,False,True
C,M,20180101,2018,1,201801,97,EUR,European Union,M,Import,0,W00,World,0,W00,World,H5,HS,True,8414,"Air or vacuum pumps, air or other gas compressors and fans; ventilating or recycling hoods incorporating a fan whether or not fitted with filters",4,False,C00,TOTAL CPC,0,0,TOTAL MOT,-1,N/A,0.0,True,-1,N/A,0.0,False,61937286.705,True,0.0,False,685262874.745,,685262874.745,6,False,True
C,M,20180101,2018,1,201801,97,EUR,European Union,M,Import,0,W00,World,0,W00,World,H5,HS,True,8415,"Air conditioning machines; comprising a motor driven fan and elements for changing the temperature and humidity, including those machines in which the humidity cannot be separately regulated",4,False,C00,TOTAL CPC,0,0,TOTAL MOT,-1,N/A,0.0,False,-1,N/A,0.0,False,26329274.909,True,0.0,False,332591667.315,,332591667.315,4,False,True
C,M,20180101,2018,1,201801,97,EUR,European Union,M,Import,0,W00,World,0,W00,World,H5,HS,True,8418,"Refrigerators, freezers and other refrigerating or freezing equipment, electric or other; heat pumps other than air conditioning machines of heading no. 8415",4,False,C00,TOTAL CPC,0,0,TOTAL MOT,-1,N/A,0.0,False,-1,N/A,0.0,False,,False,0.0,False,398120127.493,,398120127.493,0,False,True
C,M,20180101,2018,1,201801,97,EUR,European Union,M,Import,0,W00,World,0,W00,World,H5,HS,True,8450,Household or laundry-type washing machines; including machines which both wash and dry,4,False,C00,TOTAL CPC,0,0,TOTAL MOT,-1,N/A,0.0,True,-1,N/A,0.0,False,50170679.052,True,0.0,False,157725427.498,,157725427.498,6,False,True
C,M,20180101,2018,1,201801,97,EUR,European Union,M,Import,0,W00,World,0,W00,World,H5,HS,True,8508,Vacuum cleaners,4,False,C00,TOTAL CPC,0,0,TOTAL MOT,-1,N/A,0.0,True,-1,N/A,0.0,False,21804998.599,True,0.0,False,229567328.997,,229567328.997,6,False,True
C,M,20180101,2018,1,201801,97,EUR,European Union,M,Import,0,W00,World,0,W00,World,H5,HS,True,8509,"Electro-mechanical domestic appliances; with self-contained electric motor, other than vacuum cleaners of heading 85.08.",4,False,C00,TOTAL CPC,0,0,TOTAL MOT,-1,N/A,0.0,True,-1,N/A,0.0,False,16868141.442,True,0.0,False,198776809.656,,198776809.656,6,False,True
C,M,20180101,2018,1,201801,97,EUR,European Union,M,Import,0,W00,World,0,W00,World,H5,HS,True,8516,"Electric water, space, soil heaters; electro-thermic hair-dressing apparatus; hand dryers, irons; electro-thermic appliances for domestic purposes; electro heating resistors, not of heading no. 8545",4,False,C00,TOTAL CPC,0,0,TOTAL MOT,-1,N/A,0.0,False,-1,N/A,0.0,False,98714538.691,True,0.0,False,674313583.165,,674313583.165,4,False,True
C,M,20180101,2018,1,201801,97,EUR,European Union,M,Import,0,W00,World,0,W00,World,H5,HS,True,9401,"Seats (not those of heading no. 9402), whether or not convertible into beds and parts thereof",4,False,C00,TOTAL CPC,0,0,TOTAL MOT,-1,N/A,0.0,False,-1,N/A,0.0,False,209777860.768,True,0.0,False,1119099396.651,,1119099396.651,4,False,True
C,M,20180101,2018,1,201801,97,EUR,European Union,M,Import,0,W00,World,0,W00,World,H5,HS,True,9403,"Furniture and parts thereof, n.e.c. in chapter 94",4,False,C00,TOTAL CPC,0,0,TOTAL MOT,-1,N/A,0.0,False,-1,N/A,0.0,False,314084636.33,True,0.0,False,962696362.014,,962696362.014,4,False,True
C,M,20180101,2018,1,201801,97,EUR,European Union,M,Import,0,W00,World,0,W00,World,H5,HS,True,9405,"Lamps, light fittings; including searchlights, spotlights and parts thereof, n.e.c.; illuminated signs, name-plates and the like, having permanently fixed light source and parts thereof n.e.c. or included",4,False,C00,TOTAL CPC,0,0,TOTAL MOT,8,kg,77943944.812,True,-1,N/A,0.0,False,77943944.812,True,0.0,False,835637173.891,,835637173.891,6,False,True
C,M,20180101,2018,1,201801,97,EUR,European Union,M,Import,0,W00,World,0,W00,World,H5,HS,True,9503,"Tricycles, scooters, pedal cars and similar wheeled toys; dolls' carriages; dolls; other toys; reduced-size (scale) models and similar recreational models, working or not; puzzles of all kinds",4,False,C00,TOTAL CPC,0,0,TOTAL MOT,8,kg,58356403.221,True,-1,N/A,0.0,False,58356403.221,True,0.0,False,618688269.624,,618688269.624,6,False,True
C,M,20180201,2018,2,201802,97,EUR,European Union,M,Import,0,W00,World,0,W00,World,H5,HS,True,3923,"Plastic articles for the conveyance or packing of goods; stoppers, lids, caps and other closures of plastics",4,False,C00,TOTAL CPC,0,0,TOTAL MOT,8,kg,95831912.231,True,-1,N/A,0.0,False,95831912.231,True,0.0,False,407546448.898,,407546448.898,6,False,True
C,M,20180201,2018,2,201802,97,EUR,European Union,M,Import,0,W00,World,0,W00,World,H5,HS,True,3924,"Tableware, kitchenware, other household articles and hygienic or toilet articles, of plastics",4,False,C00,TOTAL CPC,0,0,TOTAL MOT,8,kg,32762708.858,True,-1,N/A,0.0,False,32762708.858,True,0.0,False,165333874.789,,165333874.789,6,False,True
C,M,20180201,2018,2,201802,97,EUR,European Union,M,Import,0,W00,World,0,W00,World,H5,HS,True,3926,"Articles of plastics and articles of other materials of heading no. 3901 to 3914, n.e.c. in chapter 39",4,False,C00,TOTAL CPC,0,0,TOTAL MOT,-1,N/A,0.0,False,-1,N/A,0.0,False,,False,0.0,False,774745669.801,,774745669.801,0,False,True
C,M,20180201,2018,2,201802,97,EUR,European Union,M,Import,0,W00,World,0,W00,World,H5,HS,True,8414,"Air or vacuum pumps, air or other gas compressors and fans; ventilating or recycling hoods incorporating a fan whether or not fitted with filters",4,False,C00,TOTAL CPC,0,0,TOTAL MOT,-1,N/A,0.0,True,-1,N/A,0.0,False,60881556.537,True,0.0,False,615433107.073,,615433107.073,6,False,True
C,M,20180201,2018,2,201802,97,EUR,European Union,M,Import,0,W00,World,0,W00,World,H5,HS,True,8415,"Air conditioning machines; comprising a motor driven fan and elements for changing the temperature and humidity, including those machines in which the humidity cannot be separately regulated",4,False,C00,TOTAL CPC,0,0,TOTAL MOT,-1,N/A,0.0,False,-1,N/A,0.0,False,,False,0.0,False,366519049.749,,366519049.749,0,False,True
C,M,20180201,2018,2,201802,97,EUR,European Union,M,Import,0,W00,World,0,W00,World,H5,HS,True,8418,"Refrigerators, freezers and other refrigerating or freezing equipment, electric or other; heat pumps other than air conditioning machines of heading no. 8415",4,False,C00,TOTAL CPC,0,0,TOTAL MOT,-1,N/A,0.0,True,-1,N/A,0.0,False,66405334.261,True,0.0,False,357757417.599,,357757417.599,6,False,True
C,M,20180201,2018,2,201802,97,EUR,European Union,M,Import,0,W00,World,0,W00,World,H5,HS,True,8450,Household or laundry-type washing machines; including machines which both wash and dry,4,False,C00,TOTAL CPC,0,0,TOTAL MOT,-1,N/A,0.0,True,-1,N/A,0.0,False,41291419.184,True,0.0,False,129328118.458,,129328118.458,6,False,True
C,M,20180201,2018,2,201802,97,EUR,European Union,M,Import,0,W00,World,0,W00,World,H5,HS,True,8508,Vacuum cleaners,4,False,C00,TOTAL CPC,0,0,TOTAL MOT,-1,N/A,0.0,True,-1,N/A,0.0,False,19184645.653,True,0.0,False,209648422.523,,209648422.523,6,False,True
C,M,20180201,2018,2,201802,97,EUR,European Union,M,Import,0,W00,World,0,W00,World,H5,HS,True,8509,"Electro-mechanical domestic appliances; with self-contained electric motor, other than vacuum cleaners of heading 85.08.",4,False,C00,TOTAL CPC,0,0,TOTAL MOT,-1,N/A,0.0,True,-1,N/A,0.0,False,14153490.902,True,0.0,False,145218015.775,,145218015.775,6,False,True
C,M,20180201,2018,2,201802,97,EUR,European Union,M,Import,0,W00,World,0,W00,World,H5,HS,True,8516,"Electric water, space, soil heaters; electro-thermic hair-dressing apparatus; hand dryers, irons; electro-thermic appliances for domestic purposes; electro heating resistors, not of heading no. 8545",4,False,C00,TOTAL CPC,0,0,TOTAL MOT,-1,N/A,0.0,False,-1,N/A,0.0,False,87035510.66,True,0.0,False,587254540.901,,587254540.901,4,False,True
C,M,20180201,2018,2,201802,97,EUR,European Union,M,Import,0,W00,World,0,W00,World,H5,HS,True,9401,"Seats (not those of heading no. 9402), whether or not convertible into beds and parts thereof",4,False,C00,TOTAL CPC,0,0,TOTAL MOT,-1,N/A,0.0,False,-1,N/A,0.0,False,198020472.681,True,0.0,False,1034810012.786,,1034810012.786,4,False,True
C,M,20180201,2018,2,201802,97,EUR,European Union,M,Import,0,W00,World,0,W00,World,H5,HS,True,9403,"Furniture and parts thereof, n.e.c. in chapter 94",4,False,C00,TOTAL CPC,0,0,TOTAL MOT,-1,N/A,0.0,False,-1,N/A,0.0,False,282857247.719,True,0.0,False,873026086.044,,873026086.044,4,False,True
C,M,20180201,2018,2,201802,97,EUR,European Union,M,Import,0,W00,World,0,W00,World,H5,HS,True,9405,"Lamps, light fittings; including searchlights, spotlights and parts thereof, n.e.c.; illuminated signs, name-plates and the like, having permanently fixed light source and parts thereof n.e.c. or included",4,False,C00,TOTAL CPC,0,0,TOTAL MOT,8,kg,70879263.517,True,-1,N/A,0.0,False,70879263.517,True,0.0,False,732632749.625,,732632749.625,6,False,True
C,M,20180201,2018,2,201802,97,EUR,European Union,M,Import,0,W00,World,0,W00,World,H5,HS,True,9503,"Tricycles, scooters, pedal cars and similar wheeled toys; dolls' carriages; dolls; other toys; reduced-size (scale) models and similar recreational models, working or not; puzzles of all kinds",4,False,C00,TOTAL CPC,0,0,TOTAL MOT,8,kg,58184255.972,True,-1,N/A,0.0,False,58184255.972,True,0.0,False,566858343.609,,566858343.609,6,False,True
C,M,20180301,2018,3,201803,97,EUR,European Union,M,Import,0,W00,World,0,W00,World,H5,HS,True,3923,"Plastic articles for the conveyance or packing of goods; stoppers, lids, caps and other closures of plastics",4,False,C00,TOTAL CPC,0,0,TOTAL MOT,8,kg,101854626.992,True,-1,N/A,0.0,False,101854626.992,True,0.0,False,434841177.662,,434841177.662,6,False,True
C,M,20180301,2018,3,201803,97,EUR,European Union,M,Import,0,W00,World,0,W00,World,H5,HS,True,3924,"Tableware, kitchenware, other household articles and hygienic or toilet articles, of plastics",4,False,C00,TOTAL CPC,0,0,TOTAL MOT,8,kg,36180775.907,True,-1,N/A,0.0,False,36180775.907,True,0.0,False,178642161.072,,178642161.072,6,False,True
C,M,20180301,2018,3,201803,97,EUR,European Union,M,Import,0,W00,World,0,W00,World,H5,HS,True,3926,"Articles of plastics and articles of other materials of heading no. 3901 to 3914, n.e.c. in chapter 39",4,False,C00,TOTAL CPC,0,0,TOTAL MOT,8,kg,105883982.859,True,-1,N/A,0.0,False,105883982.859,True,0.0,False,815711450.057,,815711450.057,6,False,True
C,M,20180301,2018,3,201803,97,EUR,European Union,M,Import,0,W00,World,0,W00,World,H5,HS,True,8414,"Air or vacuum pumps, air or other gas compressors and fans; ventilating or recycling hoods incorporating a fan whether or not fitted with filters",4,False,C00,TOTAL CPC,0,0,TOTAL MOT,-1,N/A,0.0,True,-1,N/A,0.0,False,73412815.301,True,0.0,False,703719340.203,,703719340.203,6,False,True
C,M,20180301,2018,3,201803,97,EUR,European Union,M,Import,0,W00,World,0,W00,World,H5,HS,True,8415,"Air conditioning machines; comprising a motor driven fan and elements for changing the temperature and humidity, including those machines in which the humidity cannot be separately regulated",4,False,C00,TOTAL CPC,0,0,TOTAL MOT,-1,N/A,0.0,False,-1,N/A,0.0,False,49252917.482,True,0.0,False,482772193.018,,482772193.018,4,False,True
C,M,20180301,2018,3,201803,97,EUR,European Union,M,Import,0,W00,World,0,W00,World,H5,HS,True,8418,"Refrigerators, freezers and other refrigerating or freezing equipment, electric or other; heat pumps other than air conditioning machines of heading no. 8415",4,False,C00,TOTAL CPC,0,0,TOTAL MOT,-1,N/A,0.0,True,-1,N/A,0.0,False,77400211.641,True,0.0,False,403651265.277,,403651265.277,6,False,True
C,M,20180301,2018,3,201803,97,EUR,European Union,M,Import,0,W00,World,0,W00,World,H5,HS,True,8450,Household or laundry-type washing machines; including machines which both wash and dry,4,False,C00,TOTAL CPC,0,0,TOTAL MOT,-1,N/A,0.0,True,-1,N/A,0.0,False,43785110.581,True,0.0,False,137259619.734,,137259619.734,6,False,True
C,M,20180301,2018,3,201803,97,EUR,European Union,M,Import,0,W00,World,0,W00,World,H5,HS,True,8508,Vacuum cleaners,4,False,C00,TOTAL CPC,0,0,TOTAL MOT,-1,N/A,0.0,True,-1,N/A,0.0,False,17030950.302,True,0.0,False,203353154.58,,203353154.58,6,False,True
C,M,20180301,2018,3,201803,97,EUR,European Union,M,Import,0,W00,World,0,W00,World,H5,HS,True,8509,"Electro-mechanical domestic appliances; with self-contained electric motor, other than vacuum cleaners of heading 85.08.",4,False,C00,TOTAL CPC,0,0,TOTAL MOT,-1,N/A,0.0,True,-1,N/A,0.0,False,14882684.04,True,0.0,False,160432241.004,,160432241.004,6,False,True
C,M,20180301,2018,3,201803,97,EUR,European Union,M,Import,0,W00,World,0,W00,World,H5,HS,True,8516,"Electric water, space, soil heaters; electro-thermic hair-dressing apparatus; hand dryers, irons; electro-thermic appliances for domestic purposes; electro heating resistors, not of heading no. 8545",4,False,C00,TOTAL CPC,0,0,TOTAL MOT,-1,N/A,0.0,False,-1,N/A,0.0,False,84004975.358,True,0.0,False,598578372.788,,598578372.788,4,False,True
C,M,20180301,2018,3,201803,97,EUR,European Union,M,Import,0,W00,World,0,W00,World,H5,HS,True,9401,"Seats (not those of heading no. 9402), whether or not convertible into beds and parts thereof",4,False,C00,TOTAL CPC,0,0,TOTAL MOT,-1,N/A,0.0,False,-1,N/A,0.0,False,189282375.051,True,0.0,False,1016251332.807,,1016251332.807,4,False,True
C,M,20180301,2018,3,201803,97,EUR,European Union,M,Import,0,W00,World,0,W00,World,H5,HS,True,9403,"Furniture and parts thereof, n.e.c. in chapter 94",4,False,C00,TOTAL CPC,0,0,TOTAL MOT,-1,N/A,0.0,False,-1,N/A,0.0,False,283049027.578,True,0.0,False,882862112.501,,882862112.501,4,False,True
C,M,20180301,2018,3,201803,97,EUR,European Union,M,Import,0,W00,World,0,W00,World,H5,HS,True,9405,"Lamps, light fittings; including searchlights, spotlights and parts thereof, n.e.c.; illuminated signs, name-plates and the like, having permanently fixed light source and parts thereof n.e.c. or included",4,False,C00,TOTAL CPC,0,0,TOTAL MOT,-1,N/A,0.0,False,-1,N/A,0.0,False,,False,0.0,False,720040009.781,,720040009.781,0,False,True
C,M,20180301,2018,3,201803,97,EUR,European Union,M,Import,0,W00,World,0,W00,World,H5,HS,True,9503,"Tricycles, scooters, pedal cars and similar wheeled toys; dolls' carriages; dolls; other toys; reduced-size (scale) models and similar recreational models, working or not; puzzles of all kinds",4,False,C00,TOTAL CPC,0,0,TOTAL MOT,8,kg,60564175.185,True,-1,N/A,0.0,False,60564175.185,True,0.0,False,575375727.698,,575375727.698,6,False,True
C,M,20180401,2018,4,201804,97,EUR,European Union,M,Import,0,W00,World,0,W00,World,H5,HS,True,3923,"Plastic articles for the conveyance or packing of goods; stoppers, lids, caps and other closures of plastics",4,False,C00,TOTAL CPC,0,0,TOTAL MOT,8,kg,99283177.65,True,-1,N/A,0.0,False,99283177.65,True,0.0,False,435923311.87,,435923311.87,6,False,True
C,M,20180401,2018,4,201804,97,EUR,European Union,M,Import,0,W00,World,0,W00,World,H5,HS,True,3924,"Tableware, kitchenware, other household articles and hygienic or toilet articles, of plastics",4,False,C00,TOTAL CPC,0,0,TOTAL MOT,8,kg,29359532.679,True,-1,N/A,0.0,False,29359532.679,True,0.0,False,144991488.941,,144991488.941,6,False,True
C,M,20180401,2018,4,201804,97,EUR,European Union,M,Import,0,W00,World,0,W00,World,H5,HS,True,3926,"Articles of plastics and articles of other materials of heading no. 3901 to 3914, n.e.c. in chapter 39",4,False,C00,TOTAL CPC,0,0,TOTAL MOT,8,kg,90342257.023,True,-1,N/A,0.0,False,90342257.023,True,0.0,False,748753877.411,,748753877.411,6,False,True
C,M,20180401,2018,4,201804,97,EUR,European Union,M,Import,0,W00,World,0,W00,World,H5,HS,True,8414,"Air or vacuum pumps, air or other gas compressors and fans; ventilating or recycling hoods incorporating a fan whether or not fitted with filters",4,False,C00,TOTAL CPC,0,0,TOTAL MOT,-1,N/A,0.0,True,-1,N/A,0.0,False,,False,0.0,False,697779555.492,,697779555.492,2,False,True
C,M,20180401,2018,4,201804,97,EUR,European Union,M,Import,0,W00,World,0,W00,World,H5,HS,True,8415,"Air conditioning machines; comprising a motor driven fan and elements for changing the temperature and humidity, including those machines in which the humidity cannot be separately regulated",4,False,C00,TOTAL CPC,0,0,TOTAL MOT,-1,N/A,0.0,False,-1,N/A,0.0,False,58442949.785,True,0.0,False,588716407.875,,588716407.875,4,False,True
C,M,20180401,2018,4,201804,97,EUR,European Union,M,Import,0,W00,World,0,W00,World,H5,HS,True,8418,"Refrigerators, freezers and other refrigerating or freezing equipment, electric or other; heat pumps other than air conditioning machines of heading no. 8415",4,False,C00,TOTAL CPC,0,0,TOTAL MOT,-1,N/A,0.0,True,-1,N/A,0.0,False,81102856.268,True,0.0,False,426942715.961,,426942715.961,6,False,True
C,M,20180401,2018,4,201804,97,EUR,European Union,M,Import,0,W00,World,0,W00,World,H5,HS,True,8450,Household or laundry-type washing machines; including machines which both wash and dry,4,False,C00,TOTAL CPC,0,0,TOTAL MOT,-1,N/A,0.0,True,-1,N/A,0.0,False,52896779.587,True,0.0,False,163310144.516,,163310144.516,6,False,True
C,M,20180401,2018,4,201804,97,EUR,European Union,M,Import,0,W00,World,0,W00,World,H5,HS,True,8508,Vacuum cleaners,4,False,C00,TOTAL CPC,0,0,TOTAL MOT,-1,N/A,0.0,True,-1,N/A,0.0,False,14745865.093,True,0.0,False,192984204.496,,192984204.496,6,False,True
C,M,20180401,2018,4,201804,97,EUR,European Union,M,Import,0,W00,World,0,W00,World,H5,HS,True,8509,"Electro-mechanical domestic appliances; with self-contained electric motor, other than vacuum cleaners of heading 85.08.",4,False,C00,TOTAL CPC,0,0,TOTAL MOT,-1,N/A,0.0,True,-1,N/A,0.0,False,12224638.298,True,0.0,False,142983294.958,,142983294.958,6,False,True
C,M,20180401,2018,4,201804,97,EUR,European Union,M,Import,0,W00,World,0,W00,World,H5,HS,True,8516,"Electric water, space, soil heaters; electro-thermic hair-dressing apparatus; hand dryers, irons; electro-thermic appliances for domestic purposes; electro heating resistors, not of heading no. 8545",4,False,C00,TOTAL CPC,0,0,TOTAL MOT,-1,N/A,0.0,False,-1,N/A,0.0,False,70367545.045,True,0.0,False,530039968.482,,530039968.482,4,False,True
C,M,20180401,2018,4,201804,97,EUR,European Union,M,Import,0,W00,World,0,W00,World,H5,HS,True,9401,"Seats (not those of heading no. 9402), whether or not convertible into beds and parts thereof",4,False,C00,TOTAL CPC,0,0,TOTAL MOT,-1,N/A,0.0,False,-1,N/A,0.0,False,155509863.37,True,0.0,False,899589359.016,,899589359.016,4,False,True
C,M,20180401,2018,4,201804,97,EUR,European Union,M,Import,0,W00,World,0,W00,World,H5,HS,True,9403,"Furniture and parts thereof, n.e.c. in chapter 94",4,False,C00,TOTAL CPC,0,0,TOTAL MOT,-1,N/A,0.0,False,-1,N/A,0.0,False,,False,0.0,False,724650656.283,,724650656.283,0,False,True
C,M,20180401,2018,4,201804,97,EUR,European Union,M,Import,0,W00,World,0,W00,World,H5,HS,True,9405,"Lamps, light fittings; including searchlights, spotlights and parts thereof, n.e.c.; illuminated signs, name-plates and the like, having permanently fixed light source and parts thereof n.e.c. or included",4,False,C00,TOTAL CPC,0,0,TOTAL MOT,8,kg,46106845.545,True,-1,N/A,0.0,False,46106845.545,True,0.0,False,528967542.833,,528967542.833,6,False,True
C,M,20180401,2018,4,201804,97,EUR,European Union,M,Import,0,W00,World,0,W00,World,H5,HS,True,9503,"Tricycles, scooters, pedal cars and similar wheeled toys; dolls' carriages; dolls; other toys; reduced-size (scale) models and similar recreational models, working or not; puzzles of all kinds",4,False,C00,TOTAL CPC,0,0,TOTAL MOT,8,kg,44459631.012,True,-1,N/A,0.0,False,44459631.012,True,0.0,False,422142394.168,,422142394.168,6,False,True
C,M,20180501,2018,5,201805,97,EUR,European Union,M,Import,0,W00,World,0,W00,World,H5,HS,True,3923,"Plastic articles for the conveyance or packing of goods; stoppers, lids, caps and other closures of plastics",4,False,C00,TOTAL CPC,0,0,TOTAL MOT,8,kg,111445586.397,True,-1,N/A,0.0,False,111445586.397,True,0.0,False,463068678.437,,463068678.437,6,False,True
C,M,20180501,2018,5,201805,97,EUR,European Union,M,Import,0,W00,World,0,W00,World,H5,HS,True,3924,"Tableware, kitchenware, other household articles and hygienic or toilet articles, of plastics",4,False,C00,TOTAL CPC,0,0,TOTAL MOT,8,kg,36477980.765,True,-1,N/A,0.0,False,36477980.765,True,0.0,False,166037158.091,,166037158.091,6,False,True
C,M,20180501,2018,5,201805,97,EUR,European Union,M,Import,0,W00,World,0,W00,World,H5,HS,True,3926,"Articles of plastics and articles of other materials of heading no. 3901 to 3914, n.e.c. in chapter 39",4,False,C00,TOTAL CPC,0,0,TOTAL MOT,8,kg,109812133.12,True,-1,N/A,0.0,False,109812133.12,True,0.0,False,797760281.212,,797760281.212,6,False,True
C,M,20180501,2018,5,201805,97,EUR,European Union,M,Import,0,W00,World,0,W00,World,H5,HS,True,8414,"Air or vacuum pumps, air or other gas compressors and fans; ventilating or recycling hoods incorporating a fan whether or not fitted with filters",4,False,C00,TOTAL CPC,0,0,TOTAL MOT,-1,N/A,0.0,True,-1,N/A,0.0,False,77417384.007,True,0.0,False,709410877.024,,709410877.024,6,False,True
C,M,20180501,2018,5,201805,97,EUR,European Union,M,Import,0,W00,World,0,W00,World,H5,HS,True,8415,"Air conditioning machines; comprising a motor driven fan and elements for changing the temperature and humidity, including those machines in which the humidity cannot be separately regulated",4,False,C00,TOTAL CPC,0,0,TOTAL MOT,-1,N/A,0.0,False,-1,N/A,0.0,False,,False,0.0,False,602892503.072,,602892503.072,0,False,True
C,M,20180501,2018,5,201805,97,EUR,European Union,M,Import,0,W00,World,0,W00,World,H5,HS,True,8418,"Refrigerators, freezers and other refrigerating or freezing equipment, electric or other; heat pumps other than air conditioning machines of heading no. 8415",4,False,C00,TOTAL CPC,0,0,TOTAL MOT,-1,N/A,0.0,True,-1,N/A,0.0,False,96633956.761,True,0.0,False,469195613.627,,469195613.627,6,False,True
C,M,20180501,2018,5,201805,97,EUR,European Union,M,Import,0,W00,World,0,W00,World,H5,HS,True,8450,Household or laundry-type washing machines; including machines which both wash and dry,4,False,C00,TOTAL CPC,0,0,TOTAL MOT,-1,N/A,0.0,True,-1,N/A,0.0,False,54309459.575,True,0.0,False,164034682.713,,164034682.713,6,False,True
C,M,20180501,2018,5,201805,97,EUR,European Union,M,Import,0,W00,World,0,W00,World,H5,HS,True,8508,Vacuum cleaners,4,False,C00,TOTAL CPC,0,0,TOTAL MOT,-1,N/A,0.0,True,-1,N/A,0.0,False,19715517.654,True,0.0,False,214592185.892,,214592185.892,6,False,True
C,M,20180501,2018,5,201805,97,EUR,European Union,M,Import,0,W00,World,0,W00,World,H5,HS,True,8509,"Electro-mechanical domestic appliances; with self-contained electric motor, other than vacuum cleaners of heading 85.08.",4,False,C00,TOTAL CPC,0,0,TOTAL MOT,-1,N/A,0.0,True,-1,N/A,0.0,False,,False,0.0,False,155845098.282,,155845098.282,2,False,True
C,M,20180501,2018,5,201805,97,EUR,European Union,M,Import,0,W00,World,0,W00,World,H5,HS,True,8516,"Electric water, space, soil heaters; electro-thermic hair-dressing apparatus; hand dryers, irons; electro-thermic appliances for domestic purposes; electro heating resistors, not of heading no. 8545",4,False,C00,TOTAL CPC,0,0,TOTAL MOT,-1,N/A,0.0,False,-1,N/A,0.0,False,87057476.815,True,0.0,False,583893314.268,,583893314.268,4,False,True
C,M,20180501,2018,5,201805,97,EUR,European Union,M,Import,0,W00,World,0,W00,World,H5,HS,True,9401,"Seats (not those of heading no. 9402), whether or not convertible into beds and parts thereof",4,False,C00,TOTAL CPC,0,0,TOTAL MOT,-1,N/A,0.0,False,-1,N/A,0.0,False,185101887.394,True,0.0,False,950100851.5,,950100851.5,4,False,True
C,M,20180501,2018,5,201805,97,EUR,European Union,M,Import,0,W00,World,0,W00,World,H5,HS,True,9403,"Furniture and parts thereof, n.e.c. in chapter 94",4,False,C00,TOTAL CPC,0,0,TOTAL MOT,-1,N/A,0.0,False,-1,N/A,0.0,False,273914325.587,True,0.0,False,812364909.391,,812364909.391,4,False,True
C,M,20180501,2018,5,201805,97,EUR,European Union,M,Import,0,W00,World,0,W00,World,H5,HS,True,9405,"Lamps, light fittings; including searchlights, spotlights and parts thereof, n.e.c.; illuminated signs, name-plates and the like, having permanently fixed light source and parts thereof n.e.c. or included",4,False,C00,TOTAL CPC,0,0,TOTAL MOT,8,kg,62628022.833,True,-1,N/A,0.0,False,62628022.833,True,0.0,False,643417279.252,,643417279.252,6,False,True
C,M,20180501,2018,5,201805,97,EUR,European Union,M,Import,0,W00,World,0,W00,World,H5,HS,True,9503,"Tricycles, scooters, pedal cars and similar wheeled toys; dolls' carriages; dolls; other toys; reduced-size (scale) models and similar recreational models, working or not; puzzles of all kinds",4,False,C00,TOTAL CPC,0,0,TOTAL MOT,8,kg,58072121.532,True,-1,N/A,0.0,False,58072121.532,True,0.0,False,517236184.557,,517236184.557,6,False,True
C,M,20180601,2018,6,201806,97,EUR,European Union,M,Import,0,W00,World,0,W00,World,H5,HS,True,3923,"Plastic articles for the conveyance or packing of goods; stoppers, lids, caps and other closures of plastics",4,False,C00,TOTAL CPC,0,0,TOTAL MOT,8,kg,109631289.419,True,-1,N/A,0.0,False,109631289.419,True,0.0,False,460872268.958,,460872268.958,6,False,True
C,M,20180601,2018,6,201806,97,EUR,European Union,M,Import,0,W00,World,0,W00,World,H5,HS,True,3924,"Tableware, kitchenware, other household articles and hygienic or toilet articles, of plastics",4,False,C00,TOTAL CPC,0,0,TOTAL MOT,8,kg,37576197.05,True,-1,N/A,0.0,False,37576197.05,True,0.0,False,183183512.806,,183183512.806,6,False,True
C,M,20180601,2018,6,201806,97,EUR,European Union,M,Import,0,W00,World,0,W00,World,H5,HS,True,3926,"Articles of plastics and articles of other materials of heading no. 3901 to 3914, n.e.c. in chapter 39",4,False,C00,TOTAL CPC,0,0,TOTAL MOT,8,kg,105940785.885,True,-1,N/A,0.0,False,105940785.885,True,0.0,False,792183010.09,,792183010.09,6,False,True
C,M,20180601,2018,6,201806,97,EUR,European Union,M,Import,0,W00,World,0,W00,World,H5,HS,True,8414,"Air or vacuum pumps, air or other gas compressors and fans; ventilating or recycling hoods incorporating a fan whether or not fitted with filters",4,False,C00,TOTAL CPC,0,0,TOTAL MOT,-1,N/A,0.0,True,-1,N/A,0.0,False,68539658.626,True,0.0,False,667846857.215,,667846857.215,6,False,True
C,M,20180601,2018,6,201806,97,EUR,European Union,M,Import,0,W00,World,0,W00,World,H5,HS,True,8415,"Air conditioning machines; comprising a motor driven fan and elements for changing the temperature and humidity, including those machines in which the humidity cannot be separately regulated",4,False,C00,TOTAL CPC,0,0,TOTAL MOT,-1,N/A,0.0,False,-1,N/A,0.0,False,58124391.209,True,0.0,False,563889008.58,,563889008.58,4,False,True
C,M,20180601,2018,6,201806,97,EUR,European Union,M,Import,0,W00,World,0,W00,World,H5,HS,True,8418,"Refrigerators, freezers and other refrigerating or freezing equipment, electric or other; heat pumps other than air conditioning machines of heading no. 8415",4,False,C00,TOTAL CPC,0,0,TOTAL MOT,-1,N/A,0.0,False,-1,N/A,0.0,False,,False,0.0,False,457598261.524,,457598261.524,0,False,True
C,M,20180601,2018,6,201806,97,EUR,European Union,M,Import,0,W00,World,0,W00,World,H5,HS,True,8450,Household or laundry-type washing machines; including machines which both wash and dry,4,False,C00,TOTAL CPC,0,0,TOTAL MOT,-1,N/A,0.0,True,-1,N/A,0.0,False,53770813.361,True,0.0,False,159725607.291,,159725607.291,6,False,True
C,M,20180601,2018,6,201806,97,EUR,European Union,M,Import,0,W00,World,0,W00,World,H5,HS,True,8508,Vacuum cleaners,4,False,C00,TOTAL CPC,0,0,TOTAL MOT,-1,N/A,0.0,True,-1,N/A,0.0,False,18906689.773,True,0.0,False,213948476.493,,213948476.493,6,False,True
C,M,20180601,2018,6,201806,97,EUR,European Union,M,Import,0,W00,World,0,W00,World,H5,HS,True,8509,"Electro-mechanical domestic appliances; with self-contained electric motor, other than vacuum cleaners of heading 85.08.",4,False,C00,TOTAL CPC,0,0,TOTAL MOT,-1,N/A,0.0,True,-1,N/A,0.0,False,15117779.869,True,0.0,False,164155035.541,,164155035.541,6,False,True
C,M,20180601,2018,6,201806,97,EUR,European Union,M,Import,0,W00,World,0,W00,World,H5,HS,True,8516,"Electric water, space, soil heaters; electro-thermic hair-dressing apparatus; hand dryers, irons; electro-thermic appliances for domestic purposes; electro heating resistors, not of heading no. 8545",4,False,C00,TOTAL CPC,0,0,TOTAL MOT,-1,N/A,0.0,False,-1,N/A,0.0,False,90089795.546,True,0.0,False,602199761.547,,602199761.547,4,False,True
C,M,20180601,2018,6,201806,97,EUR,European Union,M,Import,0,W00,World,0,W00,World,H5,HS,True,9401,"Seats (not those of heading no. 9402), whether or not convertible into beds and parts thereof",4,False,C00,TOTAL CPC,0,0,TOTAL MOT,-1,N/A,0.0,False,-1,N/A,0.0,False,163579181.878,True,0.0,False,903657381.042,,903657381.042,4,False,True
C,M,20180601,2018,6,201806,97,EUR,European Union,M,Import,0,W00,World,0,W00,World,H5,HS,True,9403,"Furniture and parts thereof, n.e.c. in chapter 94",4,False,C00,TOTAL CPC,0,0,TOTAL MOT,-1,N/A,0.0,False,-1,N/A,0.0,False,265368309.358,True,0.0,False,796026740.565,,796026740.565,4,False,True
C,M,20180601,2018,6,201806,97,EUR,European Union,M,Import,0,W00,World,0,W00,World,H5,HS,True,9405,"Lamps, light fittings; including searchlights, spotlights and parts thereof, n.e.c.; illuminated signs, name-plates and the like, having permanently fixed light source and parts thereof n.e.c. or included",4,False,C00,TOTAL CPC,0,0,TOTAL MOT,8,kg,64538698.269,True,-1,N/A,0.0,False,64538698.269,True,0.0,False,693088463.871,,693088463.871,6,False,True
C,M,20180601,2018,6,201806,97,EUR,European Union,M,Import,0,W00,World,0,W00,World,H5,HS,True,9503,"Tricycles, scooters, pedal cars and similar wheeled toys; dolls' carriages; dolls; other toys; reduced-size (scale) models and similar recreational models, working or not; puzzles of all kinds",4,False,C00,TOTAL CPC,0,0,TOTAL MOT,8,kg,56571738.613,True,-1,N/A,0.0,False,56571738.613,True,0.0,False,541564952.912,,541564952.912,6,False,True
C,M,20180701,2018,7,201807,97,EUR,European Union,M,Import,0,W00,World,0,W00,World,H5,HS,True,3923,"Plastic articles for the conveyance or packing of goods; stoppers, lids, caps and other closures of plastics",4,False,C00,TOTAL CPC,0,0,TOTAL MOT,8,kg,109388668.101,True,-1,N/A,0.0,False,109388668.101,True,0.0,False,469910057.108,,469910057.108,6,False,True
C,M,20180701,2018,7,201807,97,EUR,European Union,M,Import,0,W00,World,0,W00,World,H5,HS,True,3924,"Tableware, kitchenware, other household articles and hygienic or toilet articles, of plastics",4,False,C00,TOTAL CPC,0,0,TOTAL MOT,8,kg,39723784.192,True,-1,N/A,0.0,False,39723784.192,True,0.0,False,192872453.635,,192872453.635,6,False,True
C,M,20180701,2018,7,201807,97,EUR,European Union,M,Import,0,W00,World,0,W00,World,H5,HS,True,3926,"Articles of plastics and articles of other materials of heading no. 3901 to 3914, n.e.c. in chapter 39",4,False,C00,TOTAL CPC,0,0,TOTAL MOT,-1,N/A,0.0,False,-1,N/A,0.0,False,,False,0.0,False,843739373.731,,843739373.731,0,False,True
C,M,20180701,2018,7,201807,97,EUR,European Union,M,Import,0,W00,World,0,W00,World,H5,HS,True,8414,"Air or vacuum pumps, air or other gas compressors and fans; ventilating or recycling hoods incorporating a fan whether or not fitted with filters",4,False,C00,TOTAL CPC,0,0,TOTAL MOT,-1,N/A,0.0,True,-1,N/A,0.0,False,68237973.344,True,0.0,False,665166432.383,,665166432.383,6,False,True
C,M,20180701,2018,7,201807,97,EUR,European Union,M,Import,0,W00,World,0,W00,World,H5,HS,True,8415,"Air conditioning machines; comprising a motor driven fan and elements for changing the temperature and humidity, including those machines in which the humidity cannot be separately regulated",4,False,C00,TOTAL CPC,0,0,TOTAL MOT,-1,N/A,0.0,False,-1,N/A,0.0,False,,False,0.0,False,479699697.952,,479699697.952,0,False,True
C,M,20180701,2018,7,201807,97,EUR,European Union,M,Import,0,W00,World,0,W00,World,H5,HS,True,8418,"Refrigerators, freezers and other refrigerating or freezing equipment, electric or other; heat pumps other than air conditioning machines of heading no. 8415",4,False,C00,TOTAL CPC,0,0,TOTAL MOT,-1,N/A,0.0,True,-1,N/A,0.0,False,100368297.675,True,0.0,False,474736365.263,,474736365.263,6,False,True
C,M,20180701,2018,7,201807,97,EUR,European Union,M,Import,0,W00,World,0,W00,World,H5,HS,True,8450,Household or laundry-type washing machines; including machines which both wash and dry,4,False,C00,TOTAL CPC,0,0,TOTAL MOT,-1,N/A,0.0,True,-1,N/A,0.0,False,52166142.915,True,0.0,False,163561266.788,,163561266.788,6,False,True
C,M,20180701,2018,7,201807,97,EUR,European Union,M,Import,0,W00,World,0,W00,World,H5,HS,True,8508,Vacuum cleaners,4,False,C00,TOTAL CPC,0,0,TOTAL MOT,-1,N/A,0.0,True,-1,N/A,0.0,False,20635896.921,True,0.0,False,221813676.113,,221813676.113,6,False,True
C,M,20180701,2018,7,201807,97,EUR,European Union,M,Import,0,W00,World,0,W00,World,H5,HS,True,8509,"Electro-mechanical domestic appliances; with self-contained electric motor, other than vacuum cleaners of heading 85.08.",4,False,C00,TOTAL CPC,0,0,TOTAL MOT,-1,N/A,0.0,True,-1,N/A,0.0,False,15391165.277,True,0.0,False,160713804.959,,160713804.959,6,False,True
C,M,20180701,2018,7,201807,97,EUR,European Union,M,Import,0,W00,World,0,W00,World,H5,HS,True,8516,"Electric water, space, soil heaters; electro-thermic hair-dressing apparatus; hand dryers, irons; electro-thermic appliances for domestic purposes; electro heating resistors, not of heading no. 8545",4,False,C00,TOTAL CPC,0,0,TOTAL MOT,-1,N/A,0.0,False,-1,N/A,0.0,False,100586318.04,True,0.0,False,663689719.537,,663689719.537,4,False,True
C,M,20180701,2018,7,201807,97,EUR,European Union,M,Import,0,W00,World,0,W00,World,H5,HS,True,9401,"Seats (not those of heading no. 9402), whether or not convertible into beds and parts thereof",4,False,C00,TOTAL CPC,0,0,TOTAL MOT,-1,N/A,0.0,False,-1,N/A,0.0,False,160661814.454,True,0.0,False,847379112.863,,847379112.863,4,False,True
C,M,20180701,2018,7,201807,97,EUR,European Union,M,Import,0,W00,World,0,W00,World,H5,HS,True,9403,"Furniture and parts thereof, n.e.c. in chapter 94",4,False,C00,TOTAL CPC,0,0,TOTAL MOT,-1,N/A,0.0,False,-1,N/A,0.0,False,280775463.988,True,0.0,False,841847685.422,,841847685.422,4,False,True
C,M,20180701,2018,7,201807,97,EUR,European Union,M,Import,0,W00,World,0,W00,World,H5,HS,True,9405,"Lamps, light fittings; including searchlights, spotlights and parts thereof, n.e.c.; illuminated signs, name-plates and the like, having permanently fixed light source and parts thereof n.e.c. or included",4,False,C00,TOTAL CPC,0,0,TOTAL MOT,8,kg,73581956.715,True,-1,N/A,0.0,False,73581956.715,True,0.0,False,798698252.434,,798698252.434,6,False,True
C,M,20180701,2018,7,201807,97,EUR,European Union,M,Import,0,W00,World,0,W00,World,H5,HS,True,9503,"Tricycles, scooters, pedal cars and similar wheeled toys; dolls' carriages; dolls; other toys; reduced-size (scale) models and similar recreational models, working or not; puzzles of all kinds",4,False,C00,TOTAL CPC,0,0,TOTAL MOT,8,kg,67385321.213,True,-1,N/A,0.0,False,67385321.213,True,0.0,False,670579843.299,,670579843.299,6,False,True
C,M,20180801,2018,8,201808,97,EUR,European Union,M,Import,0,W00,World,0,W00,World,H5,HS,True,3923,"Plastic articles for the conveyance or packing of goods; stoppers, lids, caps and other closures of plastics",4,False,C00,TOTAL CPC,0,0,TOTAL MOT,8,kg,105846006.242,True,-1,N/A,0.0,False,105846006.242,True,0.0,False,437286125.773,,437286125.773,6,False,True
C,M,20180801,2018,8,201808,97,EUR,European Union,M,Import,0,W00,World,0,W00,World,H5,HS,True,3924,"Tableware, kitchenware, other household articles and hygienic or toilet articles, of plastics",4,False,C00,TOTAL CPC,0,0,TOTAL MOT,8,kg,36147210.635,True,-1,N/A,0.0,False,36147210.635,True,0.0,False,177802539.158,,177802539.158,6,False,True
C,M,20180801,2018,8,201808,97,EUR,European Union,M,Import,0,W00,World,0,W00,World,H5,HS,True,3926,"Articles of plastics and articles of other materials of heading no. 3901 to 3914, n.e.c. in chapter 39",4,False,C00,TOTAL CPC,0,0,TOTAL MOT,8,kg,102106500.117,True,-1,N/A,0.0,False,102106500.117,True,0.0,False,783862983.617,,783862983.617,6,False,True
C,M,20180801,2018,8,201808,97,EUR,European Union,M,Import,0,W00,World,0,W00,World,H5,HS,True,8414,"Air or vacuum pumps, air or other gas compressors and fans; ventilating or recycling hoods incorporating a fan whether or not fitted with filters",4,False,C00,TOTAL CPC,0,0,TOTAL MOT,-1,N/A,0.0,True,-1,N/A,0.0,False,,False,0.0,False,629682450.49,,629682450.49,2,False,True
C,M,20180801,2018,8,201808,97,EUR,European Union,M,Import,0,W00,World,0,W00,World,H5,HS,True,8415,"Air conditioning machines; comprising a motor driven fan and elements for changing the temperature and humidity, including those machines in which the humidity cannot be separately regulated",4,False,C00,TOTAL CPC,0,0,TOTAL MOT,-1,N/A,0.0,False,-1,N/A,0.0,False,,False,0.0,False,356480264.279,,356480264.279,0,False,True
C,M,20180801,2018,8,201808,97,EUR,European Union,M,Import,0,W00,World,0,W00,World,H5,HS,True,8418,"Refrigerators, freezers and other refrigerating or freezing equipment, electric or other; heat pumps other than air conditioning machines of heading no. 8415",4,False,C00,TOTAL CPC,0,0,TOTAL MOT,-1,N/A,0.0,True,-1,N/A,0.0,False,90894231.632,True,0.0,False,430029796.405,,430029796.405,6,False,True
C,M,20180801,2018,8,201808,97,EUR,European Union,M,Import,0,W00,World,0,W00,World,H5,HS,True,8450,Household or laundry-type washing machines; including machines which both wash and dry,4,False,C00,TOTAL CPC,0,0,TOTAL MOT,-1,N/A,0.0,True,-1,N/A,0.0,False,54500851.642,True,0.0,False,160816577.092,,160816577.092,6,False,True
C,M,20180801,2018,8,201808,97,EUR,European Union,M,Import,0,W00,World,0,W00,World,H5,HS,True,8508,Vacuum cleaners,4,False,C00,TOTAL CPC,0,0,TOTAL MOT,-1,N/A,0.0,True,-1,N/A,0.0,False,21917206.979,True,0.0,False,225921399.952,,225921399.952,6,False,True
C,M,20180801,2018,8,201808,97,EUR,European Union,M,Import,0,W00,World,0,W00,World,H5,HS,True,8509,"Electro-mechanical domestic appliances; with self-contained electric motor, other than vacuum cleaners of heading 85.08.",4,False,C00,TOTAL CPC,0,0,TOTAL MOT,-1,N/A,0.0,True,-1,N/A,0.0,False,16686214.322,True,0.0,False,182284122.325,,182284122.325,6,False,True
C,M,20180801,2018,8,201808,97,EUR,European Union,M,Import,0,W00,World,0,W00,World,H5,HS,True,8516,"Electric water, space, soil heaters; electro-thermic hair-dressing apparatus; hand dryers, irons; electro-thermic appliances for domestic purposes; electro heating resistors, not of heading no. 8545",4,False,C00,TOTAL CPC,0,0,TOTAL MOT,-1,N/A,0.0,False,-1,N/A,0.0,False,108417358.292,True,0.0,False,707118450.185,,707118450.185,4,False,True
C,M,20180801,2018,8,201808,97,EUR,European Union,M,Import,0,W00,World,0,W00,World,H5,HS,True,9401,"Seats (not those of heading no. 9402), whether or not convertible into beds and parts thereof",4,False,C00,TOTAL CPC,0,0,TOTAL MOT,-1,N/A,0.0,False,-1,N/A,0.0,False,132338931.927,True,0.0,False,721365308.45,,721365308.45,4,False,True
C,M,20180801,2018,8,201808,97,EUR,European Union,M,Import,0,W00,World,0,W00,World,H5,HS,True,9403,"Furniture and parts thereof, n.e.c. in chapter 94",4,False,C00,TOTAL CPC,0,0,TOTAL MOT,-1,N/A,0.0,False,-1,N/A,0.0,False,261012985.418,True,0.0,False,770510758.609,,770510758.609,4,False,True
C,M,20180801,2018,8,201808,97,EUR,European Union,M,Import,0,W00,World,0,W00,World,H5,HS,True,9405,"Lamps, light fittings; including searchlights, spotlights and parts thereof, n.e.c.; illuminated signs, name-plates and the like, having permanently fixed light source and parts thereof n.e.c. or included",4,False,C00,TOTAL CPC,0,0,TOTAL MOT,8,kg,80167026.447,True,-1,N/A,0.0,False,80167026.447,True,0.0,False,833156784.786,,833156784.786,6,False,True
C,M,20180801,2018,8,201808,97,EUR,European Union,M,Import,0,W00,World,0,W00,World,H5,HS,True,9503,"Tricycles, scooters, pedal cars and similar wheeled toys; dolls' carriages; dolls; other toys; reduced-size (scale) models and similar recreational models, working or not; puzzles of all kinds",4,False,C00,TOTAL CPC,0,0,TOTAL MOT,8,kg,85729698.969,True,-1,N/A,0.0,False,85729698.969,True,0.0,False,846977981.878,,846977981.878,6,False,True
C,M,20180901,2018,9,201809,97,EUR,European Union,M,Import,0,W00,World,0,W00,World,H5,HS,True,3923,"Plastic articles for the conveyance or packing of goods; stoppers, lids, caps and other closures of plastics",4,False,C00,TOTAL CPC,0,0,TOTAL MOT,8,kg,99728062.309,True,-1,N/A,0.0,False,99728062.309,True,0.0,False,422943213.688,,422943213.688,6,False,True
C,M,20180901,2018,9,201809,97,EUR,European Union,M,Import,0,W00,World,0,W00,World,H5,HS,True,3924,"Tableware, kitchenware, other household articles and hygienic or toilet articles, of plastics",4,False,C00,TOTAL CPC,0,0,TOTAL MOT,8,kg,32193849.477,True,-1,N/A,0.0,False,32193849.477,True,0.0,False,161432702.533,,161432702.533,6,False,True
C,M,20180901,2018,9,201809,97,EUR,European Union,M,Import,0,W00,World,0,W00,World,H5,HS,True,3926,"Articles of plastics and articles of other materials of heading no. 3901 to 3914, n.e.c. in chapter 39",4,False,C00,TOTAL CPC,0,0,TOTAL MOT,8,kg,90020609.132,True,-1,N/A,0.0,False,90020609.132,True,0.0,False,764913663.989,,764913663.989,6,False,True
C,M,20180901,2018,9,201809,97,EUR,European Union,M,Import,0,W00,World,0,W00,World,H5,HS,True,8414,"Air or vacuum pumps, air or other gas compressors and fans; ventilating or recycling hoods incorporating a fan whether or not fitted with filters",4,False,C00,TOTAL CPC,0,0,TOTAL MOT,-1,N/A,0.0,True,-1,N/A,0.0,False,51885409.263,True,0.0,False,576171068.788,,576171068.788,6,False,True
C,M,20180901,2018,9,201809,97,EUR,European Union,M,Import,0,W00,World,0,W00,World,H5,HS,True,8415,"Air conditioning machines; comprising a motor driven fan and elements for changing the temperature and humidity, including those machines in which the humidity cannot be separately regulated",4,False,C00,TOTAL CPC,0,0,TOTAL MOT,-1,N/A,0.0,False,-1,N/A,0.0,False,22724243.443,True,0.0,False,286371019.38,,286371019.38,4,False,True
C,M,20180901,2018,9,201809,97,EUR,European Union,M,Import,0,W00,World,0,W00,World,H5,HS,True,8418,"Refrigerators, freezers and other refrigerating or freezing equipment, electric or other; heat pumps other than air conditioning machines of heading no. 8415",4,False,C00,TOTAL CPC,0,0,TOTAL MOT,-1,N/A,0.0,False,-1,N/A,0.0,False,,False,0.0,False,396135229.221,,396135229.221,0,False,True
C,M,20180901,2018,9,201809,97,EUR,European Union,M,Import,0,W00,World,0,W00,World,H5,HS,True,8450,Household or laundry-type washing machines; including machines which both wash and dry,4,False,C00,TOTAL CPC,0,0,TOTAL MOT,-1,N/A,0.0,True,-1,N/A,0.0,False,51995796.795,True,0.0,False,155361027.619,,155361027.619,6,False,True
C,M,20180901,2018,9,201809,97,EUR,European Union,M,Import,0,W00,World,0,W00,World,H5,HS,True,8508,Vacuum cleaners,4,False,C00,TOTAL CPC,0,0,TOTAL MOT,-1,N/A,0.0,True,-1,N/A,0.0,False,19744725.231,True,0.0,False,218830124.178,,218830124.178,6,False,True
C,M,20180901,2018,9,201809,97,EUR,European Union,M,Import,0,W00,World,0,W00,World,H5,HS,True,8509,"Electro-mechanical domestic appliances; with self-contained electric motor, other than vacuum cleaners of heading 85.08.",4,False,C00,TOTAL CPC,0,0,TOTAL MOT,-1,N/A,0.0,True,-1,N/A,0.0,False,15969117.328,True,0.0,False,198992928.905,,198992928.905,6,False,True
C,M,20180901,2018,9,201809,97,EUR,European Union,M,Import,0,W00,World,0,W00,World,H5,HS,True,8516,"Electric water, space, soil heaters; electro-thermic hair-dressing apparatus; hand dryers, irons; electro-thermic appliances for domestic purposes; electro heating resistors, not of heading no. 8545",4,False,C00,TOTAL CPC,0,0,TOTAL MOT,-1,N/A,0.0,False,-1,N/A,0.0,False,,False,0.0,False,765113315.729,,765113315.729,0,False,True
C,M,20180901,2018,9,201809,97,EUR,European Union,M,Import,0,W00,World,0,W00,World,H5,HS,True,9401,"Seats (not those of heading no. 9402), whether or not convertible into beds and parts thereof",4,False,C00,TOTAL CPC,0,0,TOTAL MOT,-1,N/A,0.0,False,-1,N/A,0.0,False,124490958.33,True,0.0,False,711284398.307,,711284398.307,4,False,True
C,M,20180901,2018,9,201809,97,EUR,European Union,M,Import,0,W00,World,0,W00,World,H5,HS,True,9403,"Furniture and parts thereof, n.e.c. in chapter 94",4,False,C00,TOTAL CPC,0,0,TOTAL MOT,-1,N/A,0.0,False,-1,N/A,0.0,False,229855531.353,True,0.0,False,676611123.713,,676611123.713,4,False,True
C,M,20180901,2018,9,201809,97,EUR,European Union,M,Import,0,W00,World,0,W00,World,H5,HS,True,9405,"Lamps, light fittings; including searchlights, spotlights and parts thereof, n.e.c.; illuminated signs, name-plates and the like, having permanently fixed light source and parts thereof n.e.c. or included",4,False,C00,TOTAL CPC,0,0,TOTAL MOT,8,kg,84520540.064,True,-1,N/A,0.0,False,84520540.064,True,0.0,False,884154440.601,,884154440.601,6,False,True
C,M,20180901,2018,9,201809,97,EUR,European Union,M,Import,0,W00,World,0,W00,World,H5,HS,True,9503,"Tricycles, scooters, pedal cars and similar wheeled toys; dolls' carriages; dolls; other toys; reduced-size (scale) models and similar recreational models, working or not; puzzles of all kinds",4,False,C00,TOTAL CPC,0,0,TOTAL MOT,8,kg,108458685.663,True,-1,N/A,0.0,False,108458685.663,True,0.0,False,1048262145.574,,1048262145.574,6,False,True
C,M,20181001,2018,10,201810,97,EUR,European Union,M,Import,0,W00,World,0,W00,World,H5,HS,True,3923,"Plastic articles for the conveyance or packing of goods; stoppers, lids, caps and other closures of plastics",4,False,C00,TOTAL CPC,0,0,TOTAL MOT,8,kg,115736677.287,True,-1,N/A,0.0,False,115736677.287,True,0.0,False,479528768.648,,479528768.648,6,False,True
C,M,20181001,2018,10,201810,97,EUR,European Union,M,Import,0,W00,World,0,W00,World,H5,HS,True,3924,"Tableware, kitchenware, other household articles and hygienic or toilet articles, of plastics",4,False,C00,TOTAL CPC,0,0,TOTAL MOT,8,kg,36473343.033,True,-1,N/A,0.0,False,36473343.033,True,0.0,False,175057543.738,,175057543.738,6,False,True
C,M,20181001,2018,10,201810,97,EUR,European Union,M,Import,0,W00,World,0,W00,World,H5,HS,True,3926,"Articles of plastics and articles of other materials of heading no. 3901 to 3914, n.e.c. in chapter 39",4,False,C00,TOTAL CPC,0,0,TOTAL MOT,-1,N/A,0.0,False,-1,N/A,0.0,False,,False,0.0,False,861711707.059,,861711707.059,0,False,True
C,M,20181001,2018,10,201810,97,EUR,European Union,M,Import,0,W00,World,0,W00,World,H5,HS,True,8414,"Air or vacuum pumps, air or other gas compressors and fans; ventilating or recycling hoods incorporating a fan whether or not fitted with filters",4,False,C00,TOTAL CPC,0,0,TOTAL MOT,-1,N/A,0.0,True,-1,N/A,0.0,False,62684894.041,True,0.0,False,707226129.875,,707226129.875,6,False,True
C,M,20181001,2018,10,201810,97,EUR,European Union,M,Import,0,W00,World,0,W00,World,H5,HS,True,8415,"Air conditioning machines; comprising a motor driven fan and elements for changing the temperature and humidity, including those machines in which the humidity cannot be separately regulated",4,False,C00,TOTAL CPC,0,0,TOTAL MOT,-1,N/A,0.0,False,-1,N/A,0.0,False,,False,0.0,False,342911042.774,,342911042.774,0,False,True
C,M,20181001,2018,10,201810,97,EUR,European Union,M,Import,0,W00,World,0,W00,World,H5,HS,True,8418,"Refrigerators, freezers and other refrigerating or freezing equipment, electric or other; heat pumps other than air conditioning machines of heading no. 8415",4,False,C00,TOTAL CPC,0,0,TOTAL MOT,-1,N/A,0.0,False,-1,N/A,0.0,False,,False,0.0,False,485253875.441,,485253875.441,0,False,True
C,M,20181001,2018,10,201810,97,EUR,European Union,M,Import,0,W00,World,0,W00,World,H5,HS,True,8450,Household or laundry-type washing machines; including machines which both wash and dry,4,False,C00,TOTAL CPC,0,0,TOTAL MOT,-1,N/A,0.0,True,-1,N/A,0.0,False,73742745.504,True,0.0,False,221154153.508,,221154153.508,6,False,True
C,M,20181001,2018,10,201810,97,EUR,European Union,M,Import,0,W00,World,0,W00,World,H5,HS,True,8508,Vacuum cleaners,4,False,C00,TOTAL CPC,0,0,TOTAL MOT,-1,N/A,0.0,True,-1,N/A,0.0,False,26504723.371,True,0.0,False,305294816.207,,305294816.207,6,False,True
C,M,20181001,2018,10,201810,97,EUR,European Union,M,Import,0,W00,World,0,W00,World,H5,HS,True,8509,"Electro-mechanical domestic appliances; with self-contained electric motor, other than vacuum cleaners of heading 85.08.",4,False,C00,TOTAL CPC,0,0,TOTAL MOT,-1,N/A,0.0,True,-1,N/A,0.0,False,21804734.493,True,0.0,False,256045934.035,,256045934.035,6,False,True
C,M,20181001,2018,10,201810,97,EUR,European Union,M,Import,0,W00,World,0,W00,World,H5,HS,True,8516,"Electric water, space, soil heaters; electro-thermic hair-dressing apparatus; hand dryers, irons; electro-thermic appliances for domestic purposes; electro heating resistors, not of heading no. 8545",4,False,C00,TOTAL CPC,0,0,TOTAL MOT,-1,N/A,0.0,False,-1,N/A,0.0,False,143880842.47,True,0.0,False,947383688.405,,947383688.405,4,False,True
C,M,20181001,2018,10,201810,97,EUR,European Union,M,Import,0,W00,World,0,W00,World,H5,HS,True,9401,"Seats (not those of heading no. 9402), whether or not convertible into beds and parts thereof",4,False,C00,TOTAL CPC,0,0,TOTAL MOT,-1,N/A,0.0,False,-1,N/A,0.0,False,157279477.927,True,0.0,False,857011030.517,,857011030.517,4,False,True
C,M,20181001,2018,10,201810,97,EUR,European Union,M,Import,0,W00,World,0,W00,World,H5,HS,True,9403,"Furniture and parts thereof, n.e.c. in chapter 94",4,False,C00,TOTAL CPC,0,0,TOTAL MOT,-1,N/A,0.0,False,-1,N/A,0.0,False,282087889.821,True,0.0,False,797556679.222,,797556679.222,4,False,True
C,M,20181001,2018,10,201810,97,EUR,European Union,M,Import,0,W00,World,0,W00,World,H5,HS,True,9405,"Lamps, light fittings; including searchlights, spotlights and parts thereof, n.e.c.; illuminated signs, name-plates and the like, having permanently fixed light source and parts thereof n.e.c. or included",4,False,C00,TOTAL CPC,0,0,TOTAL MOT,8,kg,93471957.661,True,-1,N/A,0.0,False,93471957.661,True,0.0,False,951806355.327,,951806355.327,6,False,True
C,M,20181001,2018,10,201810,97,EUR,European Union,M,Import,0,W00,World,0,W00,World,H5,HS,True,9503,"Tricycles, scooters, pedal cars and similar wheeled toys; dolls' carriages; dolls; other toys; reduced-size (scale) models and similar recreational models, working or not; puzzles of all kinds",4,False,C00,TOTAL CPC,0,0,TOTAL MOT,8,kg,123444862.607,True,-1,N/A,0.0,False,123444862.607,True,0.0,False,1188135884.81,,1188135884.81,6,False,True
C,M,20181101,2018,11,201811,97,EUR,European Union,M,Import,0,W00,World,0,W00,World,H5,HS,True,3923,"Plastic articles for the conveyance or packing of goods; stoppers, lids, caps and other closures of plastics",4,False,C00,TOTAL CPC,0,0,TOTAL MOT,8,kg,107695598.919,True,-1,N/A,0.0,False,107695598.919,True,0.0,False,443399621.796,,443399621.796,6,False,True
C,M,20181101,2018,11,201811,97,EUR,European Union,M,Import,0,W00,World,0,W00,World,H5,HS,True,3924,"Tableware, kitchenware, other household articles and hygienic or toilet articles, of plastics",4,False,C00,TOTAL CPC,0,0,TOTAL MOT,8,kg,32596714.486,True,-1,N/A,0.0,False,32596714.486,True,0.0,False,158992274.228,,158992274.228,6,False,True
C,M,20181101,2018,11,201811,97,EUR,European Union,M,Import,0,W00,World,0,W00,World,H5,HS,True,3926,"Articles of plastics and articles of other materials of heading no. 3901 to 3914, n.e.c. in chapter 39",4,False,C00,TOTAL CPC,0,0,TOTAL MOT,-1,N/A,0.0,False,-1,N/A,0.0,False,,False,0.0,False,787572784.832,,787572784.832,0,False,True
C,M,20181101,2018,11,201811,97,EUR,European Union,M,Import,0,W00,World,0,W00,World,H5,HS,True,8414,"Air or vacuum pumps, air or other gas compressors and fans; ventilating or recycling hoods incorporating a fan whether or not fitted with filters",4,False,C00,TOTAL CPC,0,0,TOTAL MOT,-1,N/A,0.0,True,-1,N/A,0.0,False,50173390.762,True,0.0,False,585047407.817,,585047407.817,6,False,True
C,M,20181101,2018,11,201811,97,EUR,European Union,M,Import,0,W00,World,0,W00,World,H5,HS,True,8415,"Air conditioning machines; comprising a motor driven fan and elements for changing the temperature and humidity, including those machines in which the humidity cannot be separately regulated",4,False,C00,TOTAL CPC,0,0,TOTAL MOT,-1,N/A,0.0,False,-1,N/A,0.0,False,,False,0.0,False,259888763.427,,259888763.427,0,False,True
C,M,20181101,2018,11,201811,97,EUR,European Union,M,Import,0,W00,World,0,W00,World,H5,HS,True,8418,"Refrigerators, freezers and other refrigerating or freezing equipment, electric or other; heat pumps other than air conditioning machines of heading no. 8415",4,False,C00,TOTAL CPC,0,0,TOTAL MOT,-1,N/A,0.0,True,-1,N/A,0.0,False,89780264.076,True,0.0,False,426444158.689,,426444158.689,6,False,True
C,M,20181101,2018,11,201811,97,EUR,European Union,M,Import,0,W00,World,0,W00,World,H5,HS,True,8450,Household or laundry-type washing machines; including machines which both wash and dry,4,False,C00,TOTAL CPC,0,0,TOTAL MOT,-1,N/A,0.0,True,-1,N/A,0.0,False,67192928.746,True,0.0,False,200680684.542,,200680684.542,6,False,True
C,M,20181101,2018,11,201811,97,EUR,European Union,M,Import,0,W00,World,0,W00,World,H5,HS,True,8508,Vacuum cleaners,4,False,C00,TOTAL CPC,0,0,TOTAL MOT,-1,N/A,0.0,True,-1,N/A,0.0,False,22542209.279,True,0.0,False,299961510.995,,299961510.995,6,False,True
C,M,20181101,2018,11,201811,97,EUR,European Union,M,Import,0,W00,World,0,W00,World,H5,HS,True,8509,"Electro-mechanical domestic appliances; with self-contained electric motor, other than vacuum cleaners of heading 85.08.",4,False,C00,TOTAL CPC,0,0,TOTAL MOT,-1,N/A,0.0,True,-1,N/A,0.0,False,18023069.635,True,0.0,False,211144561.184,,211144561.184,6,False,True
C,M,20181101,2018,11,201811,97,EUR,European Union,M,Import,0,W00,World,0,W00,World,H5,HS,True,8516,"Electric water, space, soil heaters; electro-thermic hair-dressing apparatus; hand dryers, irons; electro-thermic appliances for domestic purposes; electro heating resistors, not of heading no. 8545",4,False,C00,TOTAL CPC,0,0,TOTAL MOT,-1,N/A,0.0,False,-1,N/A,0.0,False,123542768.464,True,0.0,False,838363820.965,,838363820.965,4,False,True
C,M,20181101,2018,11,201811,97,EUR,European Union,M,Import,0,W00,World,0,W00,World,H5,HS,True,9401,"Seats (not those of heading no. 9402), whether or not convertible into beds and parts thereof",4,False,C00,TOTAL CPC,0,0,TOTAL MOT,-1,N/A,0.0,False,-1,N/A,0.0,False,154530400.328,True,0.0,False,843534877.247,,843534877.247,4,False,True
C,M,20181101,2018,11,201811,97,EUR,European Union,M,Import,0,W00,World,0,W00,World,H5,HS,True,9403,"Furniture and parts thereof, n.e.c. in chapter 94",4,False,C00,TOTAL CPC,0,0,TOTAL MOT,-1,N/A,0.0,False,-1,N/A,0.0,False,259327535.174,True,0.0,False,731469297.772,,731469297.772,4,False,True
C,M,20181101,2018,11,201811,97,EUR,European Union,M,Import,0,W00,World,0,W00,World,H5,HS,True,9405,"Lamps, light fittings; including searchlights, spotlights and parts thereof, n.e.c.; illuminated signs, name-plates and the like, having permanently fixed light source and parts thereof n.e.c. or included",4,False,C00,TOTAL CPC,0,0,TOTAL MOT,8,kg,68159726.45,True,-1,N/A,0.0,False,68159726.45,True,0.0,False,713713596.354,,713713596.354,6,False,True
C,M,20181101,2018,11,201811,97,EUR,European Union,M,Import,0,W00,World,0,W00,World,H5,HS,True,9503,"Tricycles, scooters, pedal cars and similar wheeled toys; dolls' carriages; dolls; other toys; reduced-size (scale) models and similar recreational models, working or not; puzzles of all kinds",4,False,C00,TOTAL CPC,0,0,TOTAL MOT,8,kg,88485021.888,True,-1,N/A,0.0,False,88485021.888,True,0.0,False,867557986.781,,867557986.781,6,False,True
C,M,20181201,2018,12,201812,97,EUR,European Union,M,Import,0,W00,World,0,W00,World,H5,HS,True,3923,"Plastic articles for the conveyance or packing of goods; stoppers, lids, caps and other closures of plastics",4,False,C00,TOTAL CPC,0,0,TOTAL MOT,8,kg,94594144.947,True,-1,N/A,0.0,False,94594144.947,True,0.0,False,384293996.946,,384293996.946,6,False,True
C,M,20181201,2018,12,201812,97,EUR,European Union,M,Import,0,W00,World,0,W00,World,H5,HS,True,3924,"Tableware, kitchenware, other household articles and hygienic or toilet articles, of plastics",4,False,C00,TOTAL CPC,0,0,TOTAL MOT,8,kg,28832938.848,True,-1,N/A,0.0,False,28832938.848,True,0.0,False,140280199.602,,140280199.602,6,False,True
C,M,20181201,2018,12,201812,97,EUR,European Union,M,Import,0,W00,World,0,W00,World,H5,HS,True,3926,"Articles of plastics and articles of other materials of heading no. 3901 to 3914, n.e.c. in chapter 39",4,False,C00,TOTAL CPC,0,0,TOTAL MOT,-1,N/A,0.0,False,-1,N/A,0.0,False,,False,0.0,False,671236150.899,,671236150.899,0,False,True
C,M,20181201,2018,12,201812,97,EUR,European Union,M,Import,0,W00,World,0,W00,World,H5,HS,True,8414,"Air or vacuum pumps, air or other gas compressors and fans; ventilating or recycling hoods incorporating a fan whether or not fitted with filters",4,False,C00,TOTAL CPC,0,0,TOTAL MOT,-1,N/A,0.0,False,-1,N/A,0.0,False,45047185.798,True,0.0,False,492205798.982,,492205798.982,4,False,True
C,M,20181201,2018,12,201812,97,EUR,European Union,M,Import,0,W00,World,0,W00,World,H5,HS,True,8415,"Air conditioning machines; comprising a motor driven fan and elements for changing the temperature and humidity, including those machines in which the humidity cannot be separately regulated",4,False,C00,TOTAL CPC,0,0,TOTAL MOT,-1,N/A,0.0,False,-1,N/A,0.0,False,17805842.417,True,0.0,False,240377442.74,,240377442.74,4,False,True
C,M,20181201,2018,12,201812,97,EUR,European Union,M,Import,0,W00,World,0,W00,World,H5,HS,True,8418,"Refrigerators, freezers and other refrigerating or freezing equipment, electric or other; heat pumps other than air conditioning machines of heading no. 8415",4,False,C00,TOTAL CPC,0,0,TOTAL MOT,-1,N/A,0.0,True,-1,N/A,0.0,False,79155435.181,True,0.0,False,373011106.415,,373011106.415,6,False,True
C,M,20181201,2018,12,201812,97,EUR,European Union,M,Import,0,W00,World,0,W00,World,H5,HS,True,8450,Household or laundry-type washing machines; including machines which both wash and dry,4,False,C00,TOTAL CPC,0,0,TOTAL MOT,-1,N/A,0.0,True,-1,N/A,0.0,False,57380160.754,True,0.0,False,168456780.775,,168456780.775,6,False,True
C,M,20181201,2018,12,201812,97,EUR,European Union,M,Import,0,W00,World,0,W00,World,H5,HS,True,8508,Vacuum cleaners,4,False,C00,TOTAL CPC,0,0,TOTAL MOT,-1,N/A,0.0,True,-1,N/A,0.0,False,18193059.095,True,0.0,False,215202235.675,,215202235.675,6,False,True
C,M,20181201,2018,12,201812,97,EUR,European Union,M,Import,0,W00,World,0,W00,World,H5,HS,True,8509,"Electro-mechanical domestic appliances; with self-contained electric motor, other than vacuum cleaners of heading 85.08.",4,False,C00,TOTAL CPC,0,0,TOTAL MOT,-1,N/A,0.0,True,-1,N/A,0.0,False,13092578.436,True,0.0,False,153957484.347,,153957484.347,6,False,True
C,M,20181201,2018,12,201812,97,EUR,European Union,M,Import,0,W00,World,0,W00,World,H5,HS,True,8516,"Electric water, space, soil heaters; electro-thermic hair-dressing apparatus; hand dryers, irons; electro-thermic appliances for domestic purposes; electro heating resistors, not of heading no. 8545",4,False,C00,TOTAL CPC,0,0,TOTAL MOT,-1,N/A,0.0,False,-1,N/A,0.0,False,99395794.476,True,0.0,False,646498559.697,,646498559.697,4,False,True
C,M,20181201,2018,12,201812,97,EUR,European Union,M,Import,0,W00,World,0,W00,World,H5,HS,True,9401,"Seats (not those of heading no. 9402), whether or not convertible into beds and parts thereof",4,False,C00,TOTAL CPC,0,0,TOTAL MOT,-1,N/A,0.0,False,-1,N/A,0.0,False,152741663.586,True,0.0,False,796952038.851,,796952038.851,4,False,True
C,M,20181201,2018,12,201812,97,EUR,European Union,M,Import,0,W00,World,0,W00,World,H5,HS,True,9403,"Furniture and parts thereof, n.e.c. in chapter 94",4,False,C00,TOTAL CPC,0,0,TOTAL MOT,-1,N/A,0.0,False,-1,N/A,0.0,False,254757932.521,True,0.0,False,722495846.928,,722495846.928,4,False,True
C,M,20181201,2018,12,201812,97,EUR,European Union,M,Import,0,W00,World,0,W00,World,H5,HS,True,9405,"Lamps, light fittings; including searchlights, spotlights and parts thereof, n.e.c.; illuminated signs, name-plates and the like, having permanently fixed light source and parts thereof n.e.c. or included",4,False,C00,TOTAL CPC,0,0,TOTAL MOT,8,kg,53840254.737,True,-1,N/A,0.0,False,53840254.737,True,0.0,False,583850369.791,,583850369.791,6,False,True
C,M,20181201,2018,12,201812,97,EUR,European Union,M,Import,0,W00,World,0,W00,World,H5,HS,True,9503,"Tricycles, scooters, pedal cars and similar wheeled toys; dolls' carriages; dolls; other toys; reduced-size (scale) models and similar recreational models, working or not; puzzles of all kinds",4,False,C00,TOTAL CPC,0,0,TOTAL MOT,8,kg,53710780.31,True,-1,N/A,0.0,False,53710780.31,True,0.0,False,533881273.19,,533881273.19,6,False,True
C,M,20190101,2019,1,201901,97,EUR,European Union,M,Import,0,W00,World,0,W00,World,H5,HS,True,3923,"Plastic articles for the conveyance or packing of goods; stoppers, lids, caps and other closures of plastics",4,False,C00,TOTAL CPC,0,0,TOTAL MOT,8,kg,114105210.451,True,-1,N/A,0.0,False,114105210.451,True,0.0,False,481672337.844,,481672337.844,6,False,True
C,M,20190101,2019,1,201901,97,EUR,European Union,M,Import,0,W00,World,0,W00,World,H5,HS,True,3924,"Tableware, kitchenware, other household articles and hygienic or toilet articles, of plastics",4,False,C00,TOTAL CPC,0,0,TOTAL MOT,8,kg,38394351.632,True,-1,N/A,0.0,False,38394351.632,True,0.0,False,191724080.852,,191724080.852,6,False,True
C,M,20190101,2019,1,201901,97,EUR,European Union,M,Import,0,W00,World,0,W00,World,H5,HS,True,3926,"Articles of plastics and articles of other materials of heading no. 3901 to 3914, n.e.c. in chapter 39",4,False,C00,TOTAL CPC,0,0,TOTAL MOT,8,kg,114601841.647,True,-1,N/A,0.0,False,114601841.647,True,0.0,False,905271962.143,,905271962.143,6,False,True
C,M,20190101,2019,1,201901,97,EUR,European Union,M,Import,0,W00,World,0,W00,World,H5,HS,True,8414,"Air or vacuum pumps, air or other gas compressors and fans; ventilating or recycling hoods incorporating a fan whether or not fitted with filters",4,False,C00,TOTAL CPC,0,0,TOTAL MOT,-1,N/A,0.0,True,-1,N/A,0.0,False,66401992.923,True,0.0,False,660957832.434,,660957832.434,6,False,True
C,M,20190101,2019,1,201901,97,EUR,European Union,M,Import,0,W00,World,0,W00,World,H5,HS,True,8415,"Air conditioning machines; comprising a motor driven fan and elements for changing the temperature and humidity, including those machines in which the humidity cannot be separately regulated",4,False,C00,TOTAL CPC,0,0,TOTAL MOT,-1,N/A,0.0,False,-1,N/A,0.0,False,28915329.034,True,0.0,False,353617411.166,,353617411.166,4,False,True
C,M,20190101,2019,1,201901,97,EUR,European Union,M,Import,0,W00,World,0,W00,World,H5,HS,True,8418,"Refrigerators, freezers and other refrigerating or freezing equipment, electric or other; heat pumps other than air conditioning machines of heading no. 8415",4,False,C00,TOTAL CPC,0,0,TOTAL MOT,-1,N/A,0.0,False,-1,N/A,0.0,False,,False,0.0,False,434788673.069,,434788673.069,0,False,True
C,M,20190101,2019,1,201901,97,EUR,European Union,M,Import,0,W00,World,0,W00,World,H5,HS,True,8450,Household or laundry-type washing machines; including machines which both wash and dry,4,False,C00,TOTAL CPC,0,0,TOTAL MOT,-1,N/A,0.0,True,-1,N/A,0.0,False,53426223.062,True,0.0,False,158026360.494,,158026360.494,6,False,True
C,M,20190101,2019,1,201901,97,EUR,European Union,M,Import,0,W00,World,0,W00,World,H5,HS,True,8508,Vacuum cleaners,4,False,C00,TOTAL CPC,0,0,TOTAL MOT,-1,N/A,0.0,True,-1,N/A,0.0,False,23431019.129,True,0.0,False,269760401.136,,269760401.136,6,False,True
C,M,20190101,2019,1,201901,97,EUR,European Union,M,Import,0,W00,World,0,W00,World,H5,HS,True,8509,"Electro-mechanical domestic appliances; with self-contained electric motor, other than vacuum cleaners of heading 85.08.",4,False,C00,TOTAL CPC,0,0,TOTAL MOT,-1,N/A,0.0,True,-1,N/A,0.0,False,14803763.468,True,0.0,False,177006190.068,,177006190.068,6,False,True
C,M,20190101,2019,1,201901,97,EUR,European Union,M,Import,0,W00,World,0,W00,World,H5,HS,True,8516,"Electric water, space, soil heaters; electro-thermic hair-dressing apparatus; hand dryers, irons; electro-thermic appliances for domestic purposes; electro heating resistors, not of heading no. 8545",4,False,C00,TOTAL CPC,0,0,TOTAL MOT,-1,N/A,0.0,False,-1,N/A,0.0,False,104653457.349,True,0.0,False,718121701.561,,718121701.561,4,False,True
C,M,20190101,2019,1,201901,97,EUR,European Union,M,Import,0,W00,World,0,W00,World,H5,HS,True,9401,"Seats (not those of heading no. 9402), whether or not convertible into beds and parts thereof",4,False,C00,TOTAL CPC,0,0,TOTAL MOT,-1,N/A,0.0,False,-1,N/A,0.0,False,215722445.395,True,0.0,False,1103116032.195,,1103116032.195,4,False,True
C,M,20190101,2019,1,201901,97,EUR,European Union,M,Import,0,W00,World,0,W00,World,H5,HS,True,9403,"Furniture and parts thereof, n.e.c. in chapter 94",4,False,C00,TOTAL CPC,0,0,TOTAL MOT,-1,N/A,0.0,False,-1,N/A,0.0,False,327992629.331,True,0.0,False,959431237.653,,959431237.653,4,False,True
C,M,20190101,2019,1,201901,97,EUR,European Union,M,Import,0,W00,World,0,W00,World,H5,HS,True,9405,"Lamps, light fittings; including searchlights, spotlights and parts thereof, n.e.c.; illuminated signs, name-plates and the like, having permanently fixed light source and parts thereof n.e.c. or included",4,False,C00,TOTAL CPC,0,0,TOTAL MOT,8,kg,75160322.978,True,-1,N/A,0.0,False,75160322.978,True,0.0,False,819331629.676,,819331629.676,6,False,True
C,M,20190101,2019,1,201901,97,EUR,European Union,M,Import,0,W00,World,0,W00,World,H5,HS,True,9503,"Tricycles, scooters, pedal cars and similar wheeled toys; dolls' carriages; dolls; other toys; reduced-size (scale) models and similar recreational models, working or not; puzzles of all kinds",4,False,C00,TOTAL CPC,0,0,TOTAL MOT,8,kg,59198428.653,True,-1,N/A,0.0,False,59198428.653,True,0.0,False,609613662.109,,609613662.109,6,False,True
C,M,20190201,2019,2,201902,97,EUR,European Union,M,Import,0,W00,World,0,W00,World,H5,HS,True,3923,"Plastic articles for the conveyance or packing of goods; stoppers, lids, caps and other closures of plastics",4,False,C00,TOTAL CPC,0,0,TOTAL MOT,8,kg,101083995.798,True,-1,N/A,0.0,False,101083995.798,True,0.0,False,423770638.388,,423770638.388,6,False,True
C,M,20190201,2019,2,201902,97,EUR,European Union,M,Import,0,W00,World,0,W00,World,H5,HS,True,3924,"Tableware, kitchenware, other household articles and hygienic or toilet articles, of plastics",4,False,C00,TOTAL CPC,0,0,TOTAL MOT,8,kg,35575928.896,True,-1,N/A,0.0,False,35575928.896,True,0.0,False,175678854.007,,175678854.007,6,False,True
C,M,20190201,2019,2,201902,97,EUR,European Union,M,Import,0,W00,World,0,W00,World,H5,HS,True,3926,"Articles of plastics and articles of other materials of heading no. 3901 to 3914, n.e.c. in chapter 39",4,False,C00,TOTAL CPC,0,0,TOTAL MOT,8,kg,106071756.023,True,-1,N/A,0.0,False,106071756.023,True,0.0,False,798973903.582,,798973903.582,6,False,True
C,M,20190201,2019,2,201902,97,EUR,European Union,M,Import,0,W00,World,0,W00,World,H5,HS,True,8414,"Air or vacuum pumps, air or other gas compressors and fans; ventilating or recycling hoods incorporating a fan whether or not fitted with filters",4,False,C00,TOTAL CPC,0,0,TOTAL MOT,-1,N/A,0.0,True,-1,N/A,0.0,False,77516863.696,True,0.0,False,674399261.77,,674399261.77,6,False,True
C,M,20190201,2019,2,201902,97,EUR,European Union,M,Import,0,W00,World,0,W00,World,H5,HS,True,8415,"Air conditioning machines; comprising a motor driven fan and elements for changing the temperature and humidity, including those machines in which the humidity cannot be separately regulated",4,False,C00,TOTAL CPC,0,0,TOTAL MOT,-1,N/A,0.0,False,-1,N/A,0.0,False,,False,0.0,False,404033335.956,,404033335.956,0,False,True
C,M,20190201,2019,2,201902,97,EUR,European Union,M,Import,0,W00,World,0,W00,World,H5,HS,True,8418,"Refrigerators, freezers and other refrigerating or freezing equipment, electric or other; heat pumps other than air conditioning machines of heading no. 8415",4,False,C00,TOTAL CPC,0,0,TOTAL MOT,-1,N/A,0.0,False,-1,N/A,0.0,False,,False,0.0,False,414282139.456,,414282139.456,0,False,True
C,M,20190201,2019,2,201902,97,EUR,European Union,M,Import,0,W00,World,0,W00,World,H5,HS,True,8450,Household or laundry-type washing machines; including machines which both wash and dry,4,False,C00,TOTAL CPC,0,0,TOTAL MOT,-1,N/A,0.0,True,-1,N/A,0.0,False,49460836.907,True,0.0,False,145183886.236,,145183886.236,6,False,True
C,M,20190201,2019,2,201902,97,EUR,European Union,M,Import,0,W00,World,0,W00,World,H5,HS,True,8508,Vacuum cleaners,4,False,C00,TOTAL CPC,0,0,TOTAL MOT,-1,N/A,0.0,True,-1,N/A,0.0,False,25314318.304,True,0.0,False,266834326.513,,266834326.513,6,False,True
C,M,20190201,2019,2,201902,97,EUR,European Union,M,Import,0,W00,World,0,W00,World,H5,HS,True,8509,"Electro-mechanical domestic appliances; with self-contained electric motor, other than vacuum cleaners of heading 85.08.",4,False,C00,TOTAL CPC,0,0,TOTAL MOT,-1,N/A,0.0,True,-1,N/A,0.0,False,17565555.153,True,0.0,False,186288832.938,,186288832.938,6,False,True
C,M,20190201,2019,2,201902,97,EUR,European Union,M,Import,0,W00,World,0,W00,World,H5,HS,True,8516,"Electric water, space, soil heaters; electro-thermic hair-dressing apparatus; hand dryers, irons; electro-thermic appliances for domestic purposes; electro heating resistors, not of heading no. 8545",4,False,C00,TOTAL CPC,0,0,TOTAL MOT,-1,N/A,0.0,False,-1,N/A,0.0,False,103100091.38,True,0.0,False,682703414.63,,682703414.63,4,False,True
C,M,20190201,2019,2,201902,97,EUR,European Union,M,Import,0,W00,World,0,W00,World,H5,HS,True,9401,"Seats (not those of heading no. 9402), whether or not convertible into beds and parts thereof",4,False,C00,TOTAL CPC,0,0,TOTAL MOT,-1,N/A,0.0,False,-1,N/A,0.0,False,218222216.594,True,0.0,False,1086614323.892,,1086614323.892,4,False,True
C,M,20190201,2019,2,201902,97,EUR,European Union,M,Import,0,W00,World,0,W00,World,H5,HS,True,9403,"Furniture and parts thereof, n.e.c. in chapter 94",4,False,C00,TOTAL CPC,0,0,TOTAL MOT,-1,N/A,0.0,False,-1,N/A,0.0,False,313279259.178,True,0.0,False,933008126.136,,933008126.136,4,False,True
C,M,20190201,2019,2,201902,97,EUR,European Union,M,Import,0,W00,World,0,W00,World,H5,HS,True,9405,"Lamps, light fittings; including searchlights, spotlights and parts thereof, n.e.c.; illuminated signs, name-plates and the like, having permanently fixed light source and parts thereof n.e.c. or included",4,False,C00,TOTAL CPC,0,0,TOTAL MOT,8,kg,77847751.827,True,-1,N/A,0.0,False,77847751.827,True,0.0,False,755141022.404,,755141022.404,6,False,True
C,M,20190201,2019,2,201902,97,EUR,European Union,M,Import,0,W00,World,0,W00,World,H5,HS,True,9503,"Tricycles, scooters, pedal cars and similar wheeled toys; dolls' carriages; dolls; other toys; reduced-size (scale) models and similar recreational models, working or not; puzzles of all kinds",4,False,C00,TOTAL CPC,0,0,TOTAL MOT,8,kg,63111263.72,True,-1,N/A,0.0,False,63111263.72,True,0.0,False,604264871.572,,604264871.572,6,False,True
C,M,20190301,2019,3,201903,97,EUR,European Union,M,Import,0,W00,World,0,W00,World,H5,HS,True,3923,"Plastic articles for the conveyance or packing of goods; stoppers, lids, caps and other closures of plastics",4,False,C00,TOTAL CPC,0,0,TOTAL MOT,-1,N/A,0.0,False,-1,N/A,0.0,False,,False,0.0,False,423428802.742,,423428802.742,0,False,True
C,M,20190301,2019,3,201903,97,EUR,European Union,M,Import,0,W00,World,0,W00,World,H5,HS,True,3924,"Tableware, kitchenware, other household articles and hygienic or toilet articles, of plastics",4,False,C00,TOTAL CPC,0,0,TOTAL MOT,8,kg,32049442.596,True,-1,N/A,0.0,False,32049442.596,True,0.0,False,158073654.461,,158073654.461,6,False,True
C,M,20190301,2019,3,201903,97,EUR,European Union,M,Import,0,W00,World,0,W00,World,H5,HS,True,3926,"Articles of plastics and articles of other materials of heading no. 3901 to 3914, n.e.c. in chapter 39",4,False,C00,TOTAL CPC,0,0,TOTAL MOT,8,kg,98288542.719,True,-1,N/A,0.0,False,98288542.719,True,0.0,False,803324409.127,,803324409.127,6,False,True
C,M,20190301,2019,3,201903,97,EUR,European Union,M,Import,0,W00,World,0,W00,World,H5,HS,True,8414,"Air or vacuum pumps, air or other gas compressors and fans; ventilating or recycling hoods incorporating a fan whether or not fitted with filters",4,False,C00,TOTAL CPC,0,0,TOTAL MOT,-1,N/A,0.0,True,-1,N/A,0.0,False,65024791.439,True,0.0,False,676459364.707,,676459364.707,6,False,True
C,M,20190301,2019,3,201903,97,EUR,European Union,M,Import,0,W00,World,0,W00,World,H5,HS,True,8415,"Air conditioning machines; comprising a motor driven fan and elements for changing the temperature and humidity, including those machines in which the humidity cannot be separately regulated",4,False,C00,TOTAL CPC,0,0,TOTAL MOT,-1,N/A,0.0,False,-1,N/A,0.0,False,53670033.5,True,0.0,False,535308397.936,,535308397.936,4,False,True
C,M,20190301,2019,3,201903,97,EUR,European Union,M,Import,0,W00,World,0,W00,World,H5,HS,True,8418,"Refrigerators, freezers and other refrigerating or freezing equipment, electric or other; heat pumps other than air conditioning machines of heading no. 8415",4,False,C00,TOTAL CPC,0,0,TOTAL MOT,-1,N/A,0.0,False,-1,N/A,0.0,False,83339186.789,True,0.0,False,424787909.752,,424787909.752,4,False,True
C,M,20190301,2019,3,201903,97,EUR,European Union,M,Import,0,W00,World,0,W00,World,H5,HS,True,8450,Household or laundry-type washing machines; including machines which both wash and dry,4,False,C00,TOTAL CPC,0,0,TOTAL MOT,-1,N/A,0.0,True,-1,N/A,0.0,False,50762024.039,True,0.0,False,150361767.53,,150361767.53,6,False,True
C,M,20190301,2019,3,201903,97,EUR,European Union,M,Import,0,W00,World,0,W00,World,H5,HS,True,8508,Vacuum cleaners,4,False,C00,TOTAL CPC,0,0,TOTAL MOT,-1,N/A,0.0,True,-1,N/A,0.0,False,16325359.426,True,0.0,False,228995551.292,,228995551.292,6,False,True
C,M,20190301,2019,3,201903,97,EUR,European Union,M,Import,0,W00,World,0,W00,World,H5,HS,True,8509,"Electro-mechanical domestic appliances; with self-contained electric motor, other than vacuum cleaners of heading 85.08.",4,False,C00,TOTAL CPC,0,0,TOTAL MOT,-1,N/A,0.0,True,-1,N/A,0.0,False,12592309.313,True,0.0,False,133516240.437,,133516240.437,6,False,True
C,M,20190301,2019,3,201903,97,EUR,European Union,M,Import,0,W00,World,0,W00,World,H5,HS,True,8516,"Electric water, space, soil heaters; electro-thermic hair-dressing apparatus; hand dryers, irons; electro-thermic appliances for domestic purposes; electro heating resistors, not of heading no. 8545",4,False,C00,TOTAL CPC,0,0,TOTAL MOT,-1,N/A,0.0,False,-1,N/A,0.0,False,79749998.423,True,0.0,False,561151533.33,,561151533.33,4,False,True
C,M,20190301,2019,3,201903,97,EUR,European Union,M,Import,0,W00,World,0,W00,World,H5,HS,True,9401,"Seats (not those of heading no. 9402), whether or not convertible into beds and parts thereof",4,False,C00,TOTAL CPC,0,0,TOTAL MOT,-1,N/A,0.0,False,-1,N/A,0.0,False,171305809.606,True,0.0,False,931059884.309,,931059884.309,4,False,True
C,M,20190301,2019,3,201903,97,EUR,European Union,M,Import,0,W00,World,0,W00,World,H5,HS,True,9403,"Furniture and parts thereof, n.e.c. in chapter 94",4,False,C00,TOTAL CPC,0,0,TOTAL MOT,-1,N/A,0.0,False,-1,N/A,0.0,False,270267125.974,True,0.0,False,797859926.595,,797859926.595,4,False,True
C,M,20190301,2019,3,201903,97,EUR,European Union,M,Import,0,W00,World,0,W00,World,H5,HS,True,9405,"Lamps, light fittings; including searchlights, spotlights and parts thereof, n.e.c.; illuminated signs, name-plates and the like, having permanently fixed light source and parts thereof n.e.c. or included",4,False,C00,TOTAL CPC,0,0,TOTAL MOT,8,kg,55315291.407,True,-1,N/A,0.0,False,55315291.407,True,0.0,False,630625521.216,,630625521.216,6,False,True
C,M,20190301,2019,3,201903,97,EUR,European Union,M,Import,0,W00,World,0,W00,World,H5,HS,True,9503,"Tricycles, scooters, pedal cars and similar wheeled toys; dolls' carriages; dolls; other toys; reduced-size (scale) models and similar recreational models, working or not; puzzles of all kinds",4,False,C00,TOTAL CPC,0,0,TOTAL MOT,8,kg,53996511.881,True,-1,N/A,0.0,False,53996511.881,True,0.0,False,508784230.7,,508784230.7,6,False,True
C,M,20190401,2019,4,201904,97,EUR,European Union,M,Import,0,W00,World,0,W00,World,H5,HS,True,3923,"Plastic articles for the conveyance or packing of goods; stoppers, lids, caps and other closures of plastics",4,False,C00,TOTAL CPC,0,0,TOTAL MOT,8,kg,111559751.713,True,-1,N/A,0.0,False,111559751.713,True,0.0,False,460986067.31,,460986067.31,6,False,True
C,M,20190401,2019,4,201904,97,EUR,European Union,M,Import,0,W00,World,0,W00,World,H5,HS,True,3924,"Tableware, kitchenware, other household articles and hygienic or toilet articles, of plastics",4,False,C00,TOTAL CPC,0,0,TOTAL MOT,8,kg,33858122.581,True,-1,N/A,0.0,False,33858122.581,True,0.0,False,159395837.996,,159395837.996,6,False,True
C,M,20190401,2019,4,201904,97,EUR,European Union,M,Import,0,W00,World,0,W00,World,H5,HS,True,3926,"Articles of plastics and articles of other materials of heading no. 3901 to 3914, n.e.c. in chapter 39",4,False,C00,TOTAL CPC,0,0,TOTAL MOT,8,kg,102547232.114,True,-1,N/A,0.0,False,102547232.114,True,0.0,False,787851394.702,,787851394.702,6,False,True
C,M,20190401,2019,4,201904,97,EUR,European Union,M,Import,0,W00,World,0,W00,World,H5,HS,True,8414,"Air or vacuum pumps, air or other gas compressors and fans; ventilating or recycling hoods incorporating a fan whether or not fitted with filters",4,False,C00,TOTAL CPC,0,0,TOTAL MOT,-1,N/A,0.0,True,-1,N/A,0.0,False,80830471.714,True,0.0,False,738050164.962,,738050164.962,6,False,True
C,M,20190401,2019,4,201904,97,EUR,European Union,M,Import,0,W00,World,0,W00,World,H5,HS,True,8415,"Air conditioning machines; comprising a motor driven fan and elements for changing the temperature and humidity, including those machines in which the humidity cannot be separately regulated",4,False,C00,TOTAL CPC,0,0,TOTAL MOT,-1,N/A,0.0,False,-1,N/A,0.0,False,75675761.987,True,0.0,False,721690078.876,,721690078.876,4,False,True
C,M,20190401,2019,4,201904,97,EUR,European Union,M,Import,0,W00,World,0,W00,World,H5,HS,True,8418,"Refrigerators, freezers and other refrigerating or freezing equipment, electric or other; heat pumps other than air conditioning machines of heading no. 8415",4,False,C00,TOTAL CPC,0,0,TOTAL MOT,-1,N/A,0.0,False,-1,N/A,0.0,False,94427076.312,True,0.0,False,463291378.204,,463291378.204,4,False,True
C,M,20190401,2019,4,201904,97,EUR,European Union,M,Import,0,W00,World,0,W00,World,H5,HS,True,8450,Household or laundry-type washing machines; including machines which both wash and dry,4,False,C00,TOTAL CPC,0,0,TOTAL MOT,-1,N/A,0.0,True,-1,N/A,0.0,False,55173903.652,True,0.0,False,163618045.976,,163618045.976,6,False,True
C,M,20190401,2019,4,201904,97,EUR,European Union,M,Import,0,W00,World,0,W00,World,H5,HS,True,8508,Vacuum cleaners,4,False,C00,TOTAL CPC,0,0,TOTAL MOT,-1,N/A,0.0,True,-1,N/A,0.0,False,17662673.953,True,0.0,False,234436586.369,,234436586.369,6,False,True
C,M,20190401,2019,4,201904,97,EUR,European Union,M,Import,0,W00,World,0,W00,World,H5,HS,True,8509,"Electro-mechanical domestic appliances; with self-contained electric motor, other than vacuum cleaners of heading 85.08.",4,False,C00,TOTAL CPC,0,0,TOTAL MOT,-1,N/A,0.0,True,-1,N/A,0.0,False,14103350.788,True,0.0,False,151233015.472,,151233015.472,6,False,True
C,M,20190401,2019,4,201904,97,EUR,European Union,M,Import,0,W00,World,0,W00,World,H5,HS,True,8516,"Electric water, space, soil heaters; electro-thermic hair-dressing apparatus; hand dryers, irons; electro-thermic appliances for domestic purposes; electro heating resistors, not of heading no. 8545",4,False,C00,TOTAL CPC,0,0,TOTAL MOT,-1,N/A,0.0,False,-1,N/A,0.0,False,84253703.15,True,0.0,False,606905090.435,,606905090.435,4,False,True
C,M,20190401,2019,4,201904,97,EUR,European Union,M,Import,0,W00,World,0,W00,World,H5,HS,True,9401,"Seats (not those of heading no. 9402), whether or not convertible into beds and parts thereof",4,False,C00,TOTAL CPC,0,0,TOTAL MOT,-1,N/A,0.0,False,-1,N/A,0.0,False,190313902.192,True,0.0,False,989999136.057,,989999136.057,4,False,True
C,M,20190401,2019,4,201904,97,EUR,European Union,M,Import,0,W00,World,0,W00,World,H5,HS,True,9403,"Furniture and parts thereof, n.e.c. in chapter 94",4,False,C00,TOTAL CPC,0,0,TOTAL MOT,-1,N/A,0.0,True,-1,N/A,0.0,False,280139068.583,True,0.0,False,839517050.276,,839517050.276,6,False,True
C,M,20190401,2019,4,201904,97,EUR,European Union,M,Import,0,W00,World,0,W00,World,H5,HS,True,9405,"Lamps, light fittings; including searchlights, spotlights and parts thereof, n.e.c.; illuminated signs, name-plates and the like, having permanently fixed light source and parts thereof n.e.c. or included",4,False,C00,TOTAL CPC,0,0,TOTAL MOT,8,kg,51255189.428,True,-1,N/A,0.0,False,51255189.428,True,0.0,False,570077438.821,,570077438.821,6,False,True
C,M,20190401,2019,4,201904,97,EUR,European Union,M,Import,0,W00,World,0,W00,World,H5,HS,True,9503,"Tricycles, scooters, pedal cars and similar wheeled toys; dolls' carriages; dolls; other toys; reduced-size (scale) models and similar recreational models, working or not; puzzles of all kinds",4,False,C00,TOTAL CPC,0,0,TOTAL MOT,8,kg,51593893.266,True,-1,N/A,0.0,False,51593893.266,True,0.0,False,489881153.619,,489881153.619,6,False,True
C,M,20190501,2019,5,201905,97,EUR,European Union,M,Import,0,W00,World,0,W00,World,H5,HS,True,3923,"Plastic articles for the conveyance or packing of goods; stoppers, lids, caps and other closures of plastics",4,False,C00,TOTAL CPC,0,0,TOTAL MOT,8,kg,113869543.13,True,-1,N/A,0.0,False,113869543.13,True,0.0,False,477686983.865,,477686983.865,6,False,True
C,M,20190501,2019,5,201905,97,EUR,European Union,M,Import,0,W00,World,0,W00,World,H5,HS,True,3924,"Tableware, kitchenware, other household articles and hygienic or toilet articles, of plastics",4,False,C00,TOTAL CPC,0,0,TOTAL MOT,8,kg,41167555.278,True,-1,N/A,0.0,False,41167555.278,True,0.0,False,194105332.696,,194105332.696,6,False,True
C,M,20190501,2019,5,201905,97,EUR,European Union,M,Import,0,W00,World,0,W00,World,H5,HS,True,3926,"Articles of plastics and articles of other materials of heading no. 3901 to 3914, n.e.c. in chapter 39",4,False,C00,TOTAL CPC,0,0,TOTAL MOT,8,kg,114457856.329,True,-1,N/A,0.0,False,114457856.329,True,0.0,False,845749019.727,,845749019.727,6,False,True
C,M,20190501,2019,5,201905,97,EUR,European Union,M,Import,0,W00,World,0,W00,World,H5,HS,True,8414,"Air or vacuum pumps, air or other gas compressors and fans; ventilating or recycling hoods incorporating a fan whether or not fitted with filters",4,False,C00,TOTAL CPC,0,0,TOTAL MOT,-1,N/A,0.0,True,-1,N/A,0.0,False,85468740.99,True,0.0,False,753568658.853,,753568658.853,6,False,True
C,M,20190501,2019,5,201905,97,EUR,European Union,M,Import,0,W00,World,0,W00,World,H5,HS,True,8415,"Air conditioning machines; comprising a motor driven fan and elements for changing the temperature and humidity, including those machines in which the humidity cannot be separately regulated",4,False,C00,TOTAL CPC,0,0,TOTAL MOT,-1,N/A,0.0,False,-1,N/A,0.0,False,,False,0.0,False,660940237.711,,660940237.711,0,False,True
C,M,20190501,2019,5,201905,97,EUR,European Union,M,Import,0,W00,World,0,W00,World,H5,HS,True,8418,"Refrigerators, freezers and other refrigerating or freezing equipment, electric or other; heat pumps other than air conditioning machines of heading no. 8415",4,False,C00,TOTAL CPC,0,0,TOTAL MOT,-1,N/A,0.0,False,-1,N/A,0.0,False,114492104.566,True,0.0,False,529916030.642,,529916030.642,4,False,True
C,M,20190501,2019,5,201905,97,EUR,European Union,M,Import,0,W00,World,0,W00,World,H5,HS,True,8450,Household or laundry-type washing machines; including machines which both wash and dry,4,False,C00,TOTAL CPC,0,0,TOTAL MOT,-1,N/A,0.0,True,-1,N/A,0.0,False,56019202.094,True,0.0,False,163583004.889,,163583004.889,6,False,True
C,M,20190501,2019,5,201905,97,EUR,European Union,M,Import,0,W00,World,0,W00,World,H5,HS,True,8508,Vacuum cleaners,4,False,C00,TOTAL CPC,0,0,TOTAL MOT,-1,N/A,0.0,True,-1,N/A,0.0,False,21237742.6,True,0.0,False,254024475.188,,254024475.188,6,False,True
C,M,20190501,2019,5,201905,97,EUR,European Union,M,Import,0,W00,World,0,W00,World,H5,HS,True,8509,"Electro-mechanical domestic appliances; with self-contained electric motor, other than vacuum cleaners of heading 85.08.",4,False,C00,TOTAL CPC,0,0,TOTAL MOT,-1,N/A,0.0,True,-1,N/A,0.0,False,14968297.045,True,0.0,False,163564640.911,,163564640.911,6,False,True
C,M,20190501,2019,5,201905,97,EUR,European Union,M,Import,0,W00,World,0,W00,World,H5,HS,True,8516,"Electric water, space, soil heaters; electro-thermic hair-dressing apparatus; hand dryers, irons; electro-thermic appliances for domestic purposes; electro heating resistors, not of heading no. 8545",4,False,C00,TOTAL CPC,0,0,TOTAL MOT,-1,N/A,0.0,False,-1,N/A,0.0,False,96366459.002,True,0.0,False,654086870.122,,654086870.122,4,False,True
C,M,20190501,2019,5,201905,97,EUR,European Union,M,Import,0,W00,World,0,W00,World,H5,HS,True,9401,"Seats (not those of heading no. 9402), whether or not convertible into beds and parts thereof",4,False,C00,TOTAL CPC,0,0,TOTAL MOT,-1,N/A,0.0,False,-1,N/A,0.0,False,206236341.33,True,0.0,False,1048910371.783,,1048910371.783,4,False,True
C,M,20190501,2019,5,201905,97,EUR,European Union,M,Import,0,W00,World,0,W00,World,H5,HS,True,9403,"Furniture and parts thereof, n.e.c. in chapter 94",4,False,C00,TOTAL CPC,0,0,TOTAL MOT,-1,N/A,0.0,False,-1,N/A,0.0,False,320302050.502,True,0.0,False,924369935.29,,924369935.29,4,False,True
C,M,20190501,2019,5,201905,97,EUR,European Union,M,Import,0,W00,World,0,W00,World,H5,HS,True,9405,"Lamps, light fittings; including searchlights, spotlights and parts thereof, n.e.c.; illuminated signs, name-plates and the like, having permanently fixed light source and parts thereof n.e.c. or included",4,False,C00,TOTAL CPC,0,0,TOTAL MOT,8,kg,65203825.633,True,-1,N/A,0.0,False,65203825.633,True,0.0,False,705057415.648,,705057415.648,6,False,True
C,M,20190501,2019,5,201905,97,EUR,European Union,M,Import,0,W00,World,0,W00,World,H5,HS,True,9503,"Tricycles, scooters, pedal cars and similar wheeled toys; dolls' carriages; dolls; other toys; reduced-size (scale) models and similar recreational models, working or not; puzzles of all kinds",4,False,C00,TOTAL CPC,0,0,TOTAL MOT,8,kg,62017610.653,True,-1,N/A,0.0,False,62017610.653,True,0.0,False,557724002.737,,557724002.737,6,False,True
C,M,20190601,2019,6,201906,97,EUR,European Union,M,Import,0,W00,World,0,W00,World,H5,HS,True,3923,"Plastic articles for the conveyance or packing of goods; stoppers, lids, caps and other closures of plastics",4,False,C00,TOTAL CPC,0,0,TOTAL MOT,8,kg,101084899.02,True,-1,N/A,0.0,False,101084899.02,True,0.0,False,438002143.692,,438002143.692,6,False,True
C,M,20190601,2019,6,201906,97,EUR,European Union,M,Import,0,W00,World,0,W00,World,H5,HS,True,3924,"Tableware, kitchenware, other household articles and hygienic or toilet articles, of plastics",4,False,C00,TOTAL CPC,0,0,TOTAL MOT,8,kg,38105226.613,True,-1,N/A,0.0,False,38105226.613,True,0.0,False,186257937.661,,186257937.661,6,False,True
C,M,20190601,2019,6,201906,97,EUR,European Union,M,Import,0,W00,World,0,W00,World,H5,HS,True,3926,"Articles of plastics and articles of other materials of heading no. 3901 to 3914, n.e.c. in chapter 39",4,False,C00,TOTAL CPC,0,0,TOTAL MOT,8,kg,98146564.176,True,-1,N/A,0.0,False,98146564.176,True,0.0,False,758663246.962,,758663246.962,6,False,True
C,M,20190601,2019,6,201906,97,EUR,European Union,M,Import,0,W00,World,0,W00,World,H5,HS,True,8414,"Air or vacuum pumps, air or other gas compressors and fans; ventilating or recycling hoods incorporating a fan whether or not fitted with filters",4,False,C00,TOTAL CPC,0,0,TOTAL MOT,-1,N/A,0.0,True,-1,N/A,0.0,False,70855847.82,True,0.0,False,654075442.245,,654075442.245,6,False,True
C,M,20190601,2019,6,201906,97,EUR,European Union,M,Import,0,W00,World,0,W00,World,H5,HS,True,8415,"Air conditioning machines; comprising a motor driven fan and elements for changing the temperature and humidity, including those machines in which the humidity cannot be separately regulated",4,False,C00,TOTAL CPC,0,0,TOTAL MOT,-1,N/A,0.0,False,-1,N/A,0.0,False,64476160.064,True,0.0,False,619581724.902,,619581724.902,4,False,True
C,M,20190601,2019,6,201906,97,EUR,European Union,M,Import,0,W00,World,0,W00,World,H5,HS,True,8418,"Refrigerators, freezers and other refrigerating or freezing equipment, electric or other; heat pumps other than air conditioning machines of heading no. 8415",4,False,C00,TOTAL CPC,0,0,TOTAL MOT,-1,N/A,0.0,False,-1,N/A,0.0,False,102129471.17,True,0.0,False,477162794.213,,477162794.213,4,False,True
C,M,20190601,2019,6,201906,97,EUR,European Union,M,Import,0,W00,World,0,W00,World,H5,HS,True,8450,Household or laundry-type washing machines; including machines which both wash and dry,4,False,C00,TOTAL CPC,0,0,TOTAL MOT,-1,N/A,0.0,True,-1,N/A,0.0,False,48340571.639,True,0.0,False,140720860.711,,140720860.711,6,False,True
C,M,20190601,2019,6,201906,97,EUR,European Union,M,Import,0,W00,World,0,W00,World,H5,HS,True,8508,Vacuum cleaners,4,False,C00,TOTAL CPC,0,0,TOTAL MOT,-1,N/A,0.0,True,-1,N/A,0.0,False,18492324.447,True,0.0,False,239787354.92,,239787354.92,6,False,True
C,M,20190601,2019,6,201906,97,EUR,European Union,M,Import,0,W00,World,0,W00,World,H5,HS,True,8509,"Electro-mechanical domestic appliances; with self-contained electric motor, other than vacuum cleaners of heading 85.08.",4,False,C00,TOTAL CPC,0,0,TOTAL MOT,-1,N/A,0.0,True,-1,N/A,0.0,False,13764700.674,True,0.0,False,153508193.449,,153508193.449,6,False,True
C,M,20190601,2019,6,201906,97,EUR,European Union,M,Import,0,W00,World,0,W00,World,H5,HS,True,8516,"Electric water, space, soil heaters; electro-thermic hair-dressing apparatus; hand dryers, irons; electro-thermic appliances for domestic purposes; electro heating resistors, not of heading no. 8545",4,False,C00,TOTAL CPC,0,0,TOTAL MOT,-1,N/A,0.0,False,-1,N/A,0.0,False,93153849.351,True,0.0,False,643486676.998,,643486676.998,4,False,True
C,M,20190601,2019,6,201906,97,EUR,European Union,M,Import,0,W00,World,0,W00,World,H5,HS,True,9401,"Seats (not those of heading no. 9402), whether or not convertible into beds and parts thereof",4,False,C00,TOTAL CPC,0,0,TOTAL MOT,-1,N/A,0.0,False,-1,N/A,0.0,False,172068257.731,True,0.0,False,908437661.677,,908437661.677,4,False,True
C,M,20190601,2019,6,201906,97,EUR,European Union,M,Import,0,W00,World,0,W00,World,H5,HS,True,9403,"Furniture and parts thereof, n.e.c. in chapter 94",4,False,C00,TOTAL CPC,0,0,TOTAL MOT,-1,N/A,0.0,False,-1,N/A,0.0,False,287048705.09,True,0.0,False,829120195.797,,829120195.797,4,False,True
C,M,20190601,2019,6,201906,97,EUR,European Union,M,Import,0,W00,World,0,W00,World,H5,HS,True,9405,"Lamps, light fittings; including searchlights, spotlights and parts thereof, n.e.c.; illuminated signs, name-plates and the like, having permanently fixed light source and parts thereof n.e.c. or included",4,False,C00,TOTAL CPC,0,0,TOTAL MOT,8,kg,62654069.367,True,-1,N/A,0.0,False,62654069.367,True,0.0,False,694070049.371,,694070049.371,6,False,True
C,M,20190601,2019,6,201906,97,EUR,European Union,M,Import,0,W00,World,0,W00,World,H5,HS,True,9503,"Tricycles, scooters, pedal cars and similar wheeled toys; dolls' carriages; dolls; other toys; reduced-size (scale) models and similar recreational models, working or not; puzzles of all kinds",4,False,C00,TOTAL CPC,0,0,TOTAL MOT,8,kg,58820914.545,True,-1,N/A,0.0,False,58820914.545,True,0.0,False,563891058.063,,563891058.063,6,False,True
C,M,20190701,2019,7,201907,97,EUR,European Union,M,Import,0,W00,World,0,W00,World,H5,HS,True,3923,"Plastic articles for the conveyance or packing of goods; stoppers, lids, caps and other closures of plastics",4,False,C00,TOTAL CPC,0,0,TOTAL MOT,8,kg,118486512.201,True,-1,N/A,0.0,False,118486512.201,True,0.0,False,488585518.963,,488585518.963,6,False,True
C,M,20190701,2019,7,201907,97,EUR,European Union,M,Import,0,W00,World,0,W00,World,H5,HS,True,3924,"Tableware, kitchenware, other household articles and hygienic or toilet articles, of plastics",4,False,C00,TOTAL CPC,0,0,TOTAL MOT,8,kg,42409124.923,True,-1,N/A,0.0,False,42409124.923,True,0.0,False,206725314.516,,206725314.516,6,False,True
C,M,20190701,2019,7,201907,97,EUR,European Union,M,Import,0,W00,World,0,W00,World,H5,HS,True,3926,"Articles of plastics and articles of other materials of heading no. 3901 to 3914, n.e.c. in chapter 39",4,False,C00,TOTAL CPC,0,0,TOTAL MOT,8,kg,111139428.483,True,-1,N/A,0.0,False,111139428.483,True,0.0,False,860818390.932,,860818390.932,6,False,True
C,M,20190701,2019,7,201907,97,EUR,European Union,M,Import,0,W00,World,0,W00,World,H5,HS,True,8414,"Air or vacuum pumps, air or other gas compressors and fans; ventilating or recycling hoods incorporating a fan whether or not fitted with filters",4,False,C00,TOTAL CPC,0,0,TOTAL MOT,-1,N/A,0.0,True,-1,N/A,0.0,False,78155190.545,True,0.0,False,677545124.077,,677545124.077,6,False,True
C,M,20190701,2019,7,201907,97,EUR,European Union,M,Import,0,W00,World,0,W00,World,H5,HS,True,8415,"Air conditioning machines; comprising a motor driven fan and elements for changing the temperature and humidity, including those machines in which the humidity cannot be separately regulated",4,False,C00,TOTAL CPC,0,0,TOTAL MOT,-1,N/A,0.0,False,-1,N/A,0.0,False,52300452.022,True,0.0,False,542042485.667,,542042485.667,4,False,True
C,M,20190701,2019,7,201907,97,EUR,European Union,M,Import,0,W00,World,0,W00,World,H5,HS,True,8418,"Refrigerators, freezers and other refrigerating or freezing equipment, electric or other; heat pumps other than air conditioning machines of heading no. 8415",4,False,C00,TOTAL CPC,0,0,TOTAL MOT,-1,N/A,0.0,False,-1,N/A,0.0,False,123885972.985,True,0.0,False,563441858.513,,563441858.513,4,False,True
C,M,20190701,2019,7,201907,97,EUR,European Union,M,Import,0,W00,World,0,W00,World,H5,HS,True,8450,Household or laundry-type washing machines; including machines which both wash and dry,4,False,C00,TOTAL CPC,0,0,TOTAL MOT,-1,N/A,0.0,True,-1,N/A,0.0,False,54464408.878,True,0.0,False,159578805.493,,159578805.493,6,False,True
C,M,20190701,2019,7,201907,97,EUR,European Union,M,Import,0,W00,World,0,W00,World,H5,HS,True,8508,Vacuum cleaners,4,False,C00,TOTAL CPC,0,0,TOTAL MOT,-1,N/A,0.0,True,-1,N/A,0.0,False,22794498.288,True,0.0,False,301640434.918,,301640434.918,6,False,True
C,M,20190701,2019,7,201907,97,EUR,European Union,M,Import,0,W00,World,0,W00,World,H5,HS,True,8509,"Electro-mechanical domestic appliances; with self-contained electric motor, other than vacuum cleaners of heading 85.08.",4,False,C00,TOTAL CPC,0,0,TOTAL MOT,-1,N/A,0.0,True,-1,N/A,0.0,False,15982847.834,True,0.0,False,166095751.103,,166095751.103,6,False,True
C,M,20190701,2019,7,201907,97,EUR,European Union,M,Import,0,W00,World,0,W00,World,H5,HS,True,8516,"Electric water, space, soil heaters; electro-thermic hair-dressing apparatus; hand dryers, irons; electro-thermic appliances for domestic purposes; electro heating resistors, not of heading no. 8545",4,False,C00,TOTAL CPC,0,0,TOTAL MOT,-1,N/A,0.0,False,-1,N/A,0.0,False,113525523.075,True,0.0,False,736054379.099,,736054379.099,4,False,True
C,M,20190701,2019,7,201907,97,EUR,European Union,M,Import,0,W00,World,0,W00,World,H5,HS,True,9401,"Seats (not those of heading no. 9402), whether or not convertible into beds and parts thereof",4,False,C00,TOTAL CPC,0,0,TOTAL MOT,-1,N/A,0.0,False,-1,N/A,0.0,False,175470225.236,True,0.0,False,882685192.582,,882685192.582,4,False,True
C,M,20190701,2019,7,201907,97,EUR,European Union,M,Import,0,W00,World,0,W00,World,H5,HS,True,9403,"Furniture and parts thereof, n.e.c. in chapter 94",4,False,C00,TOTAL CPC,0,0,TOTAL MOT,-1,N/A,0.0,False,-1,N/A,0.0,False,322970639.047,True,0.0,False,907538318.432,,907538318.432,4,False,True
C,M,20190701,2019,7,201907,97,EUR,European Union,M,Import,0,W00,World,0,W00,World,H5,HS,True,9405,"Lamps, light fittings; including searchlights, spotlights and parts thereof, n.e.c.; illuminated signs, name-plates and the like, having permanently fixed light source and parts thereof n.e.c. or included",4,False,C00,TOTAL CPC,0,0,TOTAL MOT,8,kg,79864939.093,True,-1,N/A,0.0,False,79864939.093,True,0.0,False,838890220.202,,838890220.202,6,False,True
C,M,20190701,2019,7,201907,97,EUR,European Union,M,Import,0,W00,World,0,W00,World,H5,HS,True,9503,"Tricycles, scooters, pedal cars and similar wheeled toys; dolls' carriages; dolls; other toys; reduced-size (scale) models and similar recreational models, working or not; puzzles of all kinds",4,False,C00,TOTAL CPC,0,0,TOTAL MOT,8,kg,74780336.332,True,-1,N/A,0.0,False,74780336.332,True,0.0,False,726589011.741,,726589011.741,6,False,True
C,M,20190801,2019,8,201908,97,EUR,European Union,M,Import,0,W00,World,0,W00,World,H5,HS,True,3923,"Plastic articles for the conveyance or packing of goods; stoppers, lids, caps and other closures of plastics",4,False,C00,TOTAL CPC,0,0,TOTAL MOT,8,kg,102250403.089,True,-1,N/A,0.0,False,102250403.089,True,0.0,False,415847471.424,,415847471.424,6,False,True
C,M,20190801,2019,8,201908,97,EUR,European Union,M,Import,0,W00,World,0,W00,World,H5,HS,True,3924,"Tableware, kitchenware, other household articles and hygienic or toilet articles, of plastics",4,False,C00,TOTAL CPC,0,0,TOTAL MOT,8,kg,34402103.266,True,-1,N/A,0.0,False,34402103.266,True,0.0,False,167690530.892,,167690530.892,6,False,True
C,M,20190801,2019,8,201908,97,EUR,European Union,M,Import,0,W00,World,0,W00,World,H5,HS,True,3926,"Articles of plastics and articles of other materials of heading no. 3901 to 3914, n.e.c. in chapter 39",4,False,C00,TOTAL CPC,0,0,TOTAL MOT,8,kg,97316783.267,True,-1,N/A,0.0,False,97316783.267,True,0.0,False,756038978.775,,756038978.775,6,False,True
C,M,20190801,2019,8,201908,97,EUR,European Union,M,Import,0,W00,World,0,W00,World,H5,HS,True,8414,"Air or vacuum pumps, air or other gas compressors and fans; ventilating or recycling hoods incorporating a fan whether or not fitted with filters",4,False,C00,TOTAL CPC,0,0,TOTAL MOT,-1,N/A,0.0,True,-1,N/A,0.0,False,54954935.282,True,0.0,False,566598796.681,,566598796.681,6,False,True
C,M,20190801,2019,8,201908,97,EUR,European Union,M,Import,0,W00,World,0,W00,World,H5,HS,True,8415,"Air conditioning machines; comprising a motor driven fan and elements for changing the temperature and humidity, including those machines in which the humidity cannot be separately regulated",4,False,C00,TOTAL CPC,0,0,TOTAL MOT,-1,N/A,0.0,False,-1,N/A,0.0,False,30322797.963,True,0.0,False,368127686.234,,368127686.234,4,False,True
C,M,20190801,2019,8,201908,97,EUR,European Union,M,Import,0,W00,World,0,W00,World,H5,HS,True,8418,"Refrigerators, freezers and other refrigerating or freezing equipment, electric or other; heat pumps other than air conditioning machines of heading no. 8415",4,False,C00,TOTAL CPC,0,0,TOTAL MOT,-1,N/A,0.0,False,-1,N/A,0.0,False,92773688.938,True,0.0,False,435376338.244,,435376338.244,4,False,True
C,M,20190801,2019,8,201908,97,EUR,European Union,M,Import,0,W00,World,0,W00,World,H5,HS,True,8450,Household or laundry-type washing machines; including machines which both wash and dry,4,False,C00,TOTAL CPC,0,0,TOTAL MOT,-1,N/A,0.0,True,-1,N/A,0.0,False,55169251.737,True,0.0,False,157675102.528,,157675102.528,6,False,True
C,M,20190801,2019,8,201908,97,EUR,European Union,M,Import,0,W00,World,0,W00,World,H5,HS,True,8508,Vacuum cleaners,4,False,C00,TOTAL CPC,0,0,TOTAL MOT,-1,N/A,0.0,True,-1,N/A,0.0,False,21891381.159,True,0.0,False,265255261.269,,265255261.269,6,False,True
C,M,20190801,2019,8,201908,97,EUR,European Union,M,Import,0,W00,World,0,W00,World,H5,HS,True,8509,"Electro-mechanical domestic appliances; with self-contained electric motor, other than vacuum cleaners of heading 85.08.",4,False,C00,TOTAL CPC,0,0,TOTAL MOT,-1,N/A,0.0,True,-1,N/A,0.0,False,15513072.696,True,0.0,False,158677692.677,,158677692.677,6,False,True
C,M,20190801,2019,8,201908,97,EUR,European Union,M,Import,0,W00,World,0,W00,World,H5,HS,True,8516,"Electric water, space, soil heaters; electro-thermic hair-dressing apparatus; hand dryers, irons; electro-thermic appliances for domestic purposes; electro heating resistors, not of heading no. 8545",4,False,C00,TOTAL CPC,0,0,TOTAL MOT,-1,N/A,0.0,False,-1,N/A,0.0,False,105725102.971,True,0.0,False,719249222.534,,719249222.534,4,False,True
C,M,20190801,2019,8,201908,97,EUR,European Union,M,Import,0,W00,World,0,W00,World,H5,HS,True,9401,"Seats (not those of heading no. 9402), whether or not convertible into beds and parts thereof",4,False,C00,TOTAL CPC,0,0,TOTAL MOT,-1,N/A,0.0,False,-1,N/A,0.0,False,136702279.946,True,0.0,False,714366475.385,,714366475.385,4,False,True
C,M,20190801,2019,8,201908,97,EUR,European Union,M,Import,0,W00,World,0,W00,World,H5,HS,True,9403,"Furniture and parts thereof, n.e.c. in chapter 94",4,False,C00,TOTAL CPC,0,0,TOTAL MOT,-1,N/A,0.0,False,-1,N/A,0.0,False,276648307.696,True,0.0,False,790640118.792,,790640118.792,4,False,True
C,M,20190801,2019,8,201908,97,EUR,European Union,M,Import,0,W00,World,0,W00,World,H5,HS,True,9405,"Lamps, light fittings; including searchlights, spotlights and parts thereof, n.e.c.; illuminated signs, name-plates and the like, having permanently fixed light source and parts thereof n.e.c. or included",4,False,C00,TOTAL CPC,0,0,TOTAL MOT,8,kg,83945096.447,True,-1,N/A,0.0,False,83945096.447,True,0.0,False,849920253.886,,849920253.886,6,False,True
C,M,20190801,2019,8,201908,97,EUR,European Union,M,Import,0,W00,World,0,W00,World,H5,HS,True,9503,"Tricycles, scooters, pedal cars and similar wheeled toys; dolls' carriages; dolls; other toys; reduced-size (scale) models and similar recreational models, working or not; puzzles of all kinds",4,False,C00,TOTAL CPC,0,0,TOTAL MOT,8,kg,87233340.72,True,-1,N/A,0.0,False,87233340.72,True,0.0,False,879776851.22,,879776851.22,6,False,True
C,M,20190901,2019,9,201909,97,EUR,European Union,M,Import,0,W00,World,0,W00,World,H5,HS,True,3923,"Plastic articles for the conveyance or packing of goods; stoppers, lids, caps and other closures of plastics",4,False,C00,TOTAL CPC,0,0,TOTAL MOT,8,kg,104960114.251,True,-1,N/A,0.0,False,104960114.251,True,0.0,False,433173071.412,,433173071.412,6,False,True
C,M,20190901,2019,9,201909,97,EUR,European Union,M,Import,0,W00,World,0,W00,World,H5,HS,True,3924,"Tableware, kitchenware, other household articles and hygienic or toilet articles, of plastics",4,False,C00,TOTAL CPC,0,0,TOTAL MOT,8,kg,32922152.584,True,-1,N/A,0.0,False,32922152.584,True,0.0,False,163775111.842,,163775111.842,6,False,True
C,M,20190901,2019,9,201909,97,EUR,European Union,M,Import,0,W00,World,0,W00,World,H5,HS,True,3926,"Articles of plastics and articles of other materials of heading no. 3901 to 3914, n.e.c. in chapter 39",4,False,C00,TOTAL CPC,0,0,TOTAL MOT,8,kg,94054556.779,True,-1,N/A,0.0,False,94054556.779,True,0.0,False,819265646.364,,819265646.364,6,False,True
C,M,20190901,2019,9,201909,97,EUR,European Union,M,Import,0,W00,World,0,W00,World,H5,HS,True,8414,"Air or vacuum pumps, air or other gas compressors and fans; ventilating or recycling hoods incorporating a fan whether or not fitted with filters",4,False,C00,TOTAL CPC,0,0,TOTAL MOT,-1,N/A,0.0,True,-1,N/A,0.0,False,,False,0.0,False,573434420.311,,573434420.311,2,False,True
C,M,20190901,2019,9,201909,97,EUR,European Union,M,Import,0,W00,World,0,W00,World,H5,HS,True,8415,"Air conditioning machines; comprising a motor driven fan and elements for changing the temperature and humidity, including those machines in which the humidity cannot be separately regulated",4,False,C00,TOTAL CPC,0,0,TOTAL MOT,-1,N/A,0.0,False,-1,N/A,0.0,False,31902446.813,True,0.0,False,374921465.189,,374921465.189,4,False,True
C,M,20190901,2019,9,201909,97,EUR,European Union,M,Import,0,W00,World,0,W00,World,H5,HS,True,8418,"Refrigerators, freezers and other refrigerating or freezing equipment, electric or other; heat pumps other than air conditioning machines of heading no. 8415",4,False,C00,TOTAL CPC,0,0,TOTAL MOT,-1,N/A,0.0,False,-1,N/A,0.0,False,,False,0.0,False,433238509.404,,433238509.404,0,False,True
C,M,20190901,2019,9,201909,97,EUR,European Union,M,Import,0,W00,World,0,W00,World,H5,HS,True,8450,Household or laundry-type washing machines; including machines which both wash and dry,4,False,C00,TOTAL CPC,0,0,TOTAL MOT,-1,N/A,0.0,True,-1,N/A,0.0,False,59157821.412,True,0.0,False,169714975.247,,169714975.247,6,False,True
C,M,20190901,2019,9,201909,97,EUR,European Union,M,Import,0,W00,World,0,W00,World,H5,HS,True,8508,Vacuum cleaners,4,False,C00,TOTAL CPC,0,0,TOTAL MOT,-1,N/A,0.0,True,-1,N/A,0.0,False,22731392.125,True,0.0,False,275135198.261,,275135198.261,6,False,True
C,M,20190901,2019,9,201909,97,EUR,European Union,M,Import,0,W00,World,0,W00,World,H5,HS,True,8509,"Electro-mechanical domestic appliances; with self-contained electric motor, other than vacuum cleaners of heading 85.08.",4,False,C00,TOTAL CPC,0,0,TOTAL MOT,-1,N/A,0.0,True,-1,N/A,0.0,False,15671063.954,True,0.0,False,171088576.679,,171088576.679,6,False,True
C,M,20190901,2019,9,201909,97,EUR,European Union,M,Import,0,W00,World,0,W00,World,H5,HS,True,8516,"Electric water, space, soil heaters; electro-thermic hair-dressing apparatus; hand dryers, irons; electro-thermic appliances for domestic purposes; electro heating resistors, not of heading no. 8545",4,False,C00,TOTAL CPC,0,0,TOTAL MOT,-1,N/A,0.0,False,-1,N/A,0.0,False,128375949.774,True,0.0,False,847311446.951,,847311446.951,4,False,True
C,M,20190901,2019,9,201909,97,EUR,European Union,M,Import,0,W00,World,0,W00,World,H5,HS,True,9401,"Seats (not those of heading no. 9402), whether or not convertible into beds and parts thereof",4,False,C00,TOTAL CPC,0,0,TOTAL MOT,-1,N/A,0.0,False,-1,N/A,0.0,False,143447179.917,True,0.0,False,781471544.686,,781471544.686,4,False,True
C,M,20190901,2019,9,201909,97,EUR,European Union,M,Import,0,W00,World,0,W00,World,H5,HS,True,9403,"Furniture and parts thereof, n.e.c. in chapter 94",4,False,C00,TOTAL CPC,0,0,TOTAL MOT,-1,N/A,0.0,True,-1,N/A,0.0,False,264358157.38,True,0.0,False,736733990.911,,736733990.911,6,False,True
C,M,20190901,2019,9,201909,97,EUR,European Union,M,Import,0,W00,World,0,W00,World,H5,HS,True,9405,"Lamps, light fittings; including searchlights, spotlights and parts thereof, n.e.c.; illuminated signs, name-plates and the like, having permanently fixed light source and parts thereof n.e.c. or included",4,False,C00,TOTAL CPC,0,0,TOTAL MOT,8,kg,87368885.456,True,-1,N/A,0.0,False,87368885.456,True,0.0,False,904268431.133,,904268431.133,6,False,True
C,M,20190901,2019,9,201909,97,EUR,European Union,M,Import,0,W00,World,0,W00,World,H5,HS,True,9503,"Tricycles, scooters, pedal cars and similar wheeled toys; dolls' carriages; dolls; other toys; reduced-size (scale) models and similar recreational models, working or not; puzzles of all kinds",4,False,C00,TOTAL CPC,0,0,TOTAL MOT,8,kg,124245624.425,True,-1,N/A,0.0,False,124245624.425,True,0.0,False,1154340366.578,,1154340366.578,6,False,True
C,M,20191001,2019,10,201910,97,EUR,European Union,M,Import,0,W00,World,0,W00,World,H5,HS,True,3923,"Plastic articles for the conveyance or packing of goods; stoppers, lids, caps and other closures of plastics",4,False,C00,TOTAL CPC,0,0,TOTAL MOT,8,kg,111710979.852,True,-1,N/A,0.0,False,111710979.852,True,0.0,False,455001165.769,,455001165.769,6,False,True
C,M,20191001,2019,10,201910,97,EUR,European Union,M,Import,0,W00,World,0,W00,World,H5,HS,True,3924,"Tableware, kitchenware, other household articles and hygienic or toilet articles, of plastics",4,False,C00,TOTAL CPC,0,0,TOTAL MOT,8,kg,35155893.661,True,-1,N/A,0.0,False,35155893.661,True,0.0,False,174869317.196,,174869317.196,6,False,True
C,M,20191001,2019,10,201910,97,EUR,European Union,M,Import,0,W00,World,0,W00,World,H5,HS,True,3926,"Articles of plastics and articles of other materials of heading no. 3901 to 3914, n.e.c. in chapter 39",4,False,C00,TOTAL CPC,0,0,TOTAL MOT,8,kg,101422917.269,True,-1,N/A,0.0,False,101422917.269,True,0.0,False,864259505.497,,864259505.497,6,False,True
C,M,20191001,2019,10,201910,97,EUR,European Union,M,Import,0,W00,World,0,W00,World,H5,HS,True,8414,"Air or vacuum pumps, air or other gas compressors and fans; ventilating or recycling hoods incorporating a fan whether or not fitted with filters",4,False,C00,TOTAL CPC,0,0,TOTAL MOT,-1,N/A,0.0,False,-1,N/A,0.0,False,57713160.236,True,0.0,False,644796895.856,,644796895.856,4,False,True
C,M,20191001,2019,10,201910,97,EUR,European Union,M,Import,0,W00,World,0,W00,World,H5,HS,True,8415,"Air conditioning machines; comprising a motor driven fan and elements for changing the temperature and humidity, including those machines in which the humidity cannot be separately regulated",4,False,C00,TOTAL CPC,0,0,TOTAL MOT,-1,N/A,0.0,False,-1,N/A,0.0,False,,False,0.0,False,395033584.876,,395033584.876,0,False,True
C,M,20191001,2019,10,201910,97,EUR,European Union,M,Import,0,W00,World,0,W00,World,H5,HS,True,8418,"Refrigerators, freezers and other refrigerating or freezing equipment, electric or other; heat pumps other than air conditioning machines of heading no. 8415",4,False,C00,TOTAL CPC,0,0,TOTAL MOT,-1,N/A,0.0,True,-1,N/A,0.0,False,102128968.958,True,0.0,False,481563893.46,,481563893.46,6,False,True
C,M,20191001,2019,10,201910,97,EUR,European Union,M,Import,0,W00,World,0,W00,World,H5,HS,True,8450,Household or laundry-type washing machines; including machines which both wash and dry,4,False,C00,TOTAL CPC,0,0,TOTAL MOT,-1,N/A,0.0,True,-1,N/A,0.0,False,73055991.895,True,0.0,False,210658628.64,,210658628.64,6,False,True
C,M,20191001,2019,10,201910,97,EUR,European Union,M,Import,0,W00,World,0,W00,World,H5,HS,True,8508,Vacuum cleaners,4,False,C00,TOTAL CPC,0,0,TOTAL MOT,-1,N/A,0.0,True,-1,N/A,0.0,False,26423476.118,True,0.0,False,371789166.96,,371789166.96,6,False,True
C,M,20191001,2019,10,201910,97,EUR,European Union,M,Import,0,W00,World,0,W00,World,H5,HS,True,8509,"Electro-mechanical domestic appliances; with self-contained electric motor, other than vacuum cleaners of heading 85.08.",4,False,C00,TOTAL CPC,0,0,TOTAL MOT,-1,N/A,0.0,True,-1,N/A,0.0,False,20168687.271,True,0.0,False,225825312.244,,225825312.244,6,False,True
C,M,20191001,2019,10,201910,97,EUR,European Union,M,Import,0,W00,World,0,W00,World,H5,HS,True,8516,"Electric water, space, soil heaters; electro-thermic hair-dressing apparatus; hand dryers, irons; electro-thermic appliances for domestic purposes; electro heating resistors, not of heading no. 8545",4,False,C00,TOTAL CPC,0,0,TOTAL MOT,-1,N/A,0.0,False,-1,N/A,0.0,False,,False,0.0,False,1007630639.5,,1007630639.5,0,False,True
C,M,20191001,2019,10,201910,97,EUR,European Union,M,Import,0,W00,World,0,W00,World,H5,HS,True,9401,"Seats (not those of heading no. 9402), whether or not convertible into beds and parts thereof",4,False,C00,TOTAL CPC,0,0,TOTAL MOT,-1,N/A,0.0,False,-1,N/A,0.0,False,164344393.024,True,0.0,False,889515847.046,,889515847.046,4,False,True
C,M,20191001,2019,10,201910,97,EUR,European Union,M,Import,0,W00,World,0,W00,World,H5,HS,True,9403,"Furniture and parts thereof, n.e.c. in chapter 94",4,False,C00,TOTAL CPC,0,0,TOTAL MOT,-1,N/A,0.0,True,-1,N/A,0.0,False,291231214.145,True,0.0,False,808962244.426,,808962244.426,6,False,True
C,M,20191001,2019,10,201910,97,EUR,European Union,M,Import,0,W00,World,0,W00,World,H5,HS,True,9405,"Lamps, light fittings; including searchlights, spotlights and parts thereof, n.e.c.; illuminated signs, name-plates and the like, having permanently fixed light source and parts thereof n.e.c. or included",4,False,C00,TOTAL CPC,0,0,TOTAL MOT,8,kg,88644460.822,True,-1,N/A,0.0,False,88644460.822,True,0.0,False,902464503.113,,902464503.113,6,False,True
C,M,20191001,2019,10,201910,97,EUR,European Union,M,Import,0,W00,World,0,W00,World,H5,HS,True,9503,"Tricycles, scooters, pedal cars and similar wheeled toys; dolls' carriages; dolls; other toys; reduced-size (scale) models and similar recreational models, working or not; puzzles of all kinds",4,False,C00,TOTAL CPC,0,0,TOTAL MOT,8,kg,130583329.414,True,-1,N/A,0.0,False,130583329.414,True,0.0,False,1228618476.17,,1228618476.17,6,False,True
C,M,20191101,2019,11,201911,97,EUR,European Union,M,Import,0,W00,World,0,W00,World,H5,HS,True,3923,"Plastic articles for the conveyance or packing of goods; stoppers, lids, caps and other closures of plastics",4,False,C00,TOTAL CPC,0,0,TOTAL MOT,8,kg,108723105.363,True,-1,N/A,0.0,False,108723105.363,True,0.0,False,418017802.058,,418017802.058,6,False,True
C,M,20191101,2019,11,201911,97,EUR,European Union,M,Import,0,W00,World,0,W00,World,H5,HS,True,3924,"Tableware, kitchenware, other household articles and hygienic or toilet articles, of plastics",4,False,C00,TOTAL CPC,0,0,TOTAL MOT,8,kg,30699468.775,True,-1,N/A,0.0,False,30699468.775,True,0.0,False,151704540.726,,151704540.726,6,False,True
C,M,20191101,2019,11,201911,97,EUR,European Union,M,Import,0,W00,World,0,W00,World,H5,HS,True,3926,"Articles of plastics and articles of other materials of heading no. 3901 to 3914, n.e.c. in chapter 39",4,False,C00,TOTAL CPC,0,0,TOTAL MOT,8,kg,87379125.275,True,-1,N/A,0.0,False,87379125.275,True,0.0,False,748786606.71,,748786606.71,6,False,True
C,M,20191101,2019,11,201911,97,EUR,European Union,M,Import,0,W00,World,0,W00,World,H5,HS,True,8414,"Air or vacuum pumps, air or other gas compressors and fans; ventilating or recycling hoods incorporating a fan whether or not fitted with filters",4,False,C00,TOTAL CPC,0,0,TOTAL MOT,-1,N/A,0.0,True,-1,N/A,0.0,False,,False,0.0,False,569030204.103,,569030204.103,2,False,True
C,M,20191101,2019,11,201911,97,EUR,European Union,M,Import,0,W00,World,0,W00,World,H5,HS,True,8415,"Air conditioning machines; comprising a motor driven fan and elements for changing the temperature and humidity, including those machines in which the humidity cannot be separately regulated",4,False,C00,TOTAL CPC,0,0,TOTAL MOT,-1,N/A,0.0,False,-1,N/A,0.0,False,23404853.036,True,0.0,False,306970813.687,,306970813.687,4,False,True
C,M,20191101,2019,11,201911,97,EUR,European Union,M,Import,0,W00,World,0,W00,World,H5,HS,True,8418,"Refrigerators, freezers and other refrigerating or freezing equipment, electric or other; heat pumps other than air conditioning machines of heading no. 8415",4,False,C00,TOTAL CPC,0,0,TOTAL MOT,-1,N/A,0.0,True,-1,N/A,0.0,False,90925331.334,True,0.0,False,426363513.756,,426363513.756,6,False,True
C,M,20191101,2019,11,201911,97,EUR,European Union,M,Import,0,W00,World,0,W00,World,H5,HS,True,8450,Household or laundry-type washing machines; including machines which both wash and dry,4,False,C00,TOTAL CPC,0,0,TOTAL MOT,-1,N/A,0.0,True,-1,N/A,0.0,False,65295179.404,True,0.0,False,186653346.916,,186653346.916,6,False,True
C,M,20191101,2019,11,201911,97,EUR,European Union,M,Import,0,W00,World,0,W00,World,H5,HS,True,8508,Vacuum cleaners,4,False,C00,TOTAL CPC,0,0,TOTAL MOT,-1,N/A,0.0,True,-1,N/A,0.0,False,22377861.933,True,0.0,False,317960898.37,,317960898.37,6,False,True
C,M,20191101,2019,11,201911,97,EUR,European Union,M,Import,0,W00,World,0,W00,World,H5,HS,True,8509,"Electro-mechanical domestic appliances; with self-contained electric motor, other than vacuum cleaners of heading 85.08.",4,False,C00,TOTAL CPC,0,0,TOTAL MOT,-1,N/A,0.0,True,-1,N/A,0.0,False,17569616.863,True,0.0,False,186916228.02,,186916228.02,6,False,True
C,M,20191101,2019,11,201911,97,EUR,European Union,M,Import,0,W00,World,0,W00,World,H5,HS,True,8516,"Electric water, space, soil heaters; electro-thermic hair-dressing apparatus; hand dryers, irons; electro-thermic appliances for domestic purposes; electro heating resistors, not of heading no. 8545",4,False,C00,TOTAL CPC,0,0,TOTAL MOT,-1,N/A,0.0,False,-1,N/A,0.0,False,113739814.339,True,0.0,False,809073066.423,,809073066.423,4,False,True
C,M,20191101,2019,11,201911,97,EUR,European Union,M,Import,0,W00,World,0,W00,World,H5,HS,True,9401,"Seats (not those of heading no. 9402), whether or not convertible into beds and parts thereof",4,False,C00,TOTAL CPC,0,0,TOTAL MOT,-1,N/A,0.0,False,-1,N/A,0.0,False,155416559.226,True,0.0,False,841911153.32,,841911153.32,4,False,True
C,M,20191101,2019,11,201911,97,EUR,European Union,M,Import,0,W00,World,0,W00,World,H5,HS,True,9403,"Furniture and parts thereof, n.e.c. in chapter 94",4,False,C00,TOTAL CPC,0,0,TOTAL MOT,-1,N/A,0.0,False,-1,N/A,0.0,False,269640371.409,True,0.0,False,743958000.197,,743958000.197,4,False,True
C,M,20191101,2019,11,201911,97,EUR,European Union,M,Import,0,W00,World,0,W00,World,H5,HS,True,9405,"Lamps, light fittings; including searchlights, spotlights and parts thereof, n.e.c.; illuminated signs, name-plates and the like, having permanently fixed light source and parts thereof n.e.c. or included",4,False,C00,TOTAL CPC,0,0,TOTAL MOT,8,kg,60079903.741,True,-1,N/A,0.0,False,60079903.741,True,0.0,False,634538630.0,,634538630.0,6,False,True
C,M,20191101,2019,11,201911,97,EUR,European Union,M,Import,0,W00,World,0,W00,World,H5,HS,True,9503,"Tricycles, scooters, pedal cars and similar wheeled toys; dolls' carriages; dolls; other toys; reduced-size (scale) models and similar recreational models, working or not; puzzles of all kinds",4,False,C00,TOTAL CPC,0,0,TOTAL MOT,8,kg,78773366.501,True,-1,N/A,0.0,False,78773366.501,True,0.0,False,748101772.708,,748101772.708,6,False,True
C,M,20191201,2019,12,201912,97,EUR,European Union,M,Import,0,W00,World,0,W00,World,H5,HS,True,3923,"Plastic articles for the conveyance or packing of goods; stoppers, lids, caps and other closures of plastics",4,False,C00,TOTAL CPC,0,0,TOTAL MOT,8,kg,95384586.54,True,-1,N/A,0.0,False,95384586.54,True,0.0,False,376405827.863,,376405827.863,6,False,True
C,M,20191201,2019,12,201912,97,EUR,European Union,M,Import,0,W00,World,0,W00,World,H5,HS,True,3924,"Tableware, kitchenware, other household articles and hygienic or toilet articles, of plastics",4,False,C00,TOTAL CPC,0,0,TOTAL MOT,8,kg,29349980.428,True,-1,N/A,0.0,False,29349980.428,True,0.0,False,142000280.324,,142000280.324,6,False,True
C,M,20191201,2019,12,201912,97,EUR,European Union,M,Import,0,W00,World,0,W00,World,H5,HS,True,3926,"Articles of plastics and articles of other materials of heading no. 3901 to 3914, n.e.c. in chapter 39",4,False,C00,TOTAL CPC,0,0,TOTAL MOT,8,kg,81313037.857,True,-1,N/A,0.0,False,81313037.857,True,0.0,False,674518810.772,,674518810.772,6,False,True
C,M,20191201,2019,12,201912,97,EUR,European Union,M,Import,0,W00,World,0,W00,World,H5,HS,True,8414,"Air or vacuum pumps, air or other gas compressors and fans; ventilating or recycling hoods incorporating a fan whether or not fitted with filters",4,False,C00,TOTAL CPC,0,0,TOTAL MOT,-1,N/A,0.0,True,-1,N/A,0.0,False,,False,0.0,False,494458078.187,,494458078.187,2,False,True
C,M,20191201,2019,12,201912,97,EUR,European Union,M,Import,0,W00,World,0,W00,World,H5,HS,True,8415,"Air conditioning machines; comprising a motor driven fan and elements for changing the temperature and humidity, including those machines in which the humidity cannot be separately regulated",4,False,C00,TOTAL CPC,0,0,TOTAL MOT,-1,N/A,0.0,False,-1,N/A,0.0,False,,False,0.0,False,260742111.33,,260742111.33,0,False,True
C,M,20191201,2019,12,201912,97,EUR,European Union,M,Import,0,W00,World,0,W00,World,H5,HS,True,8418,"Refrigerators, freezers and other refrigerating or freezing equipment, electric or other; heat pumps other than air conditioning machines of heading no. 8415",4,False,C00,TOTAL CPC,0,0,TOTAL MOT,-1,N/A,0.0,True,-1,N/A,0.0,False,71993582.262,True,0.0,False,350891917.204,,350891917.204,6,False,True
C,M,20191201,2019,12,201912,97,EUR,European Union,M,Import,0,W00,World,0,W00,World,H5,HS,True,8450,Household or laundry-type washing machines; including machines which both wash and dry,4,False,C00,TOTAL CPC,0,0,TOTAL MOT,-1,N/A,0.0,True,-1,N/A,0.0,False,56815219.356,True,0.0,False,164036223.469,,164036223.469,6,False,True
C,M,20191201,2019,12,201912,97,EUR,European Union,M,Import,0,W00,World,0,W00,World,H5,HS,True,8508,Vacuum cleaners,4,False,C00,TOTAL CPC,0,0,TOTAL MOT,-1,N/A,0.0,True,-1,N/A,0.0,False,20039051.85,True,0.0,False,290737760.752,,290737760.752,6,False,True
C,M,20191201,2019,12,201912,97,EUR,European Union,M,Import,0,W00,World,0,W00,World,H5,HS,True,8509,"Electro-mechanical domestic appliances; with self-contained electric motor, other than vacuum cleaners of heading 85.08.",4,False,C00,TOTAL CPC,0,0,TOTAL MOT,-1,N/A,0.0,True,-1,N/A,0.0,False,14925639.692,True,0.0,False,165477635.712,,165477635.712,6,False,True
C,M,20191201,2019,12,201912,97,EUR,European Union,M,Import,0,W00,World,0,W00,World,H5,HS,True,8516,"Electric water, space, soil heaters; electro-thermic hair-dressing apparatus; hand dryers, irons; electro-thermic appliances for domestic purposes; electro heating resistors, not of heading no. 8545",4,False,C00,TOTAL CPC,0,0,TOTAL MOT,-1,N/A,0.0,False,-1,N/A,0.0,False,94532379.361,True,0.0,False,657610904.629,,657610904.629,4,False,True
C,M,20191201,2019,12,201912,97,EUR,European Union,M,Import,0,W00,World,0,W00,World,H5,HS,True,9401,"Seats (not those of heading no. 9402), whether or not convertible into beds and parts thereof",4,False,C00,TOTAL CPC,0,0,TOTAL MOT,-1,N/A,0.0,False,-1,N/A,0.0,False,156378892.347,True,0.0,False,799325961.593,,799325961.593,4,False,True
C,M,20191201,2019,12,201912,97,EUR,European Union,M,Import,0,W00,World,0,W00,World,H5,HS,True,9403,"Furniture and parts thereof, n.e.c. in chapter 94",4,False,C00,TOTAL CPC,0,0,TOTAL MOT,-1,N/A,0.0,True,-1,N/A,0.0,False,258847832.942,True,0.0,False,727465250.319,,727465250.319,6,False,True
C,M,20191201,2019,12,201912,97,EUR,European Union,M,Import,0,W00,World,0,W00,World,H5,HS,True,9405,"Lamps, light fittings; including searchlights, spotlights and parts thereof, n.e.c.; illuminated signs, name-plates and the like, having permanently fixed light source and parts thereof n.e.c. or included",4,False,C00,TOTAL CPC,0,0,TOTAL MOT,8,kg,54536278.066,True,-1,N/A,0.0,False,54536278.066,True,0.0,False,586761013.866,,586761013.866,6,False,True
C,M,20191201,2019,12,201912,97,EUR,European Union,M,Import,0,W00,World,0,W00,World,H5,HS,True,9503,"Tricycles, scooters, pedal cars and similar wheeled toys; dolls' carriages; dolls; other toys; reduced-size (scale) models and similar recreational models, working or not; puzzles of all kinds",4,False,C00,TOTAL CPC,0,0,TOTAL MOT,8,kg,49233530.2,True,-1,N/A,0.0,False,49233530.2,True,0.0,False,498224480.848,,498224480.848,6,False,True
C,M,20200101,2020,1,202001,97,EUR,European Union,M,Import,0,W00,World,0,W00,World,H5,HS,True,3923,"Plastic articles for the conveyance or packing of goods; stoppers, lids, caps and other closures of plastics",4,False,C00,TOTAL CPC,0,0,TOTAL MOT,8,kg,115302365.727,True,-1,N/A,0.0,False,115302365.727,True,0.0,False,468155712.686,,468155712.686,6,False,True
C,M,20200101,2020,1,202001,97,EUR,European Union,M,Import,0,W00,World,0,W00,World,H5,HS,True,3924,"Tableware, kitchenware, other household articles and hygienic or toilet articles, of plastics",4,False,C00,TOTAL CPC,0,0,TOTAL MOT,8,kg,40548263.587,True,-1,N/A,0.0,False,40548263.587,True,0.0,False,197736641.382,,197736641.382,6,False,True
C,M,20200101,2020,1,202001,97,EUR,European Union,M,Import,0,W00,World,0,W00,World,H5,HS,True,3926,"Articles of plastics and articles of other materials of heading no. 3901 to 3914, n.e.c. in chapter 39",4,False,C00,TOTAL CPC,0,0,TOTAL MOT,8,kg,114655689.343,True,-1,N/A,0.0,False,114655689.343,True,0.0,False,918742257.32,,918742257.32,6,False,True
C,M,20200101,2020,1,202001,97,EUR,European Union,M,Import,0,W00,World,0,W00,World,H5,HS,True,8414,"Air or vacuum pumps, air or other gas compressors and fans; ventilating or recycling hoods incorporating a fan whether or not fitted with filters",4,False,C00,TOTAL CPC,0,0,TOTAL MOT,-1,N/A,0.0,True,-1,N/A,0.0,False,66583939.332,True,0.0,False,664211062.462,,664211062.462,6,False,True
C,M,20200101,2020,1,202001,97,EUR,European Union,M,Import,0,W00,World,0,W00,World,H5,HS,True,8415,"Air conditioning machines; comprising a motor driven fan and elements for changing the temperature and humidity, including those machines in which the humidity cannot be separately regulated",4,False,C00,TOTAL CPC,0,0,TOTAL MOT,-1,N/A,0.0,False,-1,N/A,0.0,False,36962280.291,True,0.0,False,404861674.203,,404861674.203,4,False,True
C,M,20200101,2020,1,202001,97,EUR,European Union,M,Import,0,W00,World,0,W00,World,H5,HS,True,8418,"Refrigerators, freezers and other refrigerating or freezing equipment, electric or other; heat pumps other than air conditioning machines of heading no. 8415",4,False,C00,TOTAL CPC,0,0,TOTAL MOT,-1,N/A,0.0,True,-1,N/A,0.0,False,91037999.171,True,0.0,False,426086670.339,,426086670.339,6,False,True
C,M,20200101,2020,1,202001,97,EUR,European Union,M,Import,0,W00,World,0,W00,World,H5,HS,True,8450,Household or laundry-type washing machines; including machines which both wash and dry,4,False,C00,TOTAL CPC,0,0,TOTAL MOT,-1,N/A,0.0,True,-1,N/A,0.0,False,60442608.442,True,0.0,False,174663809.388,,174663809.388,6,False,True
C,M,20200101,2020,1,202001,97,EUR,European Union,M,Import,0,W00,World,0,W00,World,H5,HS,True,8508,Vacuum cleaners,4,False,C00,TOTAL CPC,0,0,TOTAL MOT,-1,N/A,0.0,True,-1,N/A,0.0,False,21514317.711,True,0.0,False,285288193.34,,285288193.34,6,False,True
C,M,20200101,2020,1,202001,97,EUR,European Union,M,Import,0,W00,World,0,W00,World,H5,HS,True,8509,"Electro-mechanical domestic appliances; with self-contained electric motor, other than vacuum cleaners of heading 85.08.",4,False,C00,TOTAL CPC,0,0,TOTAL MOT,-1,N/A,0.0,True,-1,N/A,0.0,False,15523013.682,True,0.0,False,174293851.04,,174293851.04,6,False,True
C,M,20200101,2020,1,202001,97,EUR,European Union,M,Import,0,W00,World,0,W00,World,H5,HS,True,8516,"Electric water, space, soil heaters; electro-thermic hair-dressing apparatus; hand dryers, irons; electro-thermic appliances for domestic purposes; electro heating resistors, not of heading no. 8545",4,False,C00,TOTAL CPC,0,0,TOTAL MOT,-1,N/A,0.0,False,-1,N/A,0.0,False,104120980.283,True,0.0,False,708499333.182,,708499333.182,4,False,True
C,M,20200101,2020,1,202001,97,EUR,European Union,M,Import,0,W00,World,0,W00,World,H5,HS,True,9401,"Seats (not those of heading no. 9402), whether or not convertible into beds and parts thereof",4,False,C00,TOTAL CPC,0,0,TOTAL MOT,-1,N/A,0.0,False,-1,N/A,0.0,False,227576595.715,True,0.0,False,1146194212.761,,1146194212.761,4,False,True
C,M,20200101,2020,1,202001,97,EUR,European Union,M,Import,0,W00,World,0,W00,World,H5,HS,True,9403,"Furniture and parts thereof, n.e.c. in chapter 94",4,False,C00,TOTAL CPC,0,0,TOTAL MOT,-1,N/A,0.0,True,-1,N/A,0.0,False,353173002.841,True,0.0,False,1016823735.098,,1016823735.098,6,False,True
C,M,20200101,2020,1,202001,97,EUR,European Union,M,Import,0,W00,World,0,W00,World,H5,HS,True,9405,"Lamps, light fittings; including searchlights, spotlights and parts thereof, n.e.c.; illuminated signs, name-plates and the like, having permanently fixed light source and parts thereof n.e.c. or included",4,False,C00,TOTAL CPC,0,0,TOTAL MOT,8,kg,78266659.872,True,-1,N/A,0.0,False,78266659.872,True,0.0,False,827182357.596,,827182357.596,6,False,True
C,M,20200101,2020,1,202001,97,EUR,European Union,M,Import,0,W00,World,0,W00,World,H5,HS,True,9503,"Tricycles, scooters, pedal cars and similar wheeled toys; dolls' carriages; dolls; other toys; reduced-size (scale) models and similar recreational models, working or not; puzzles of all kinds",4,False,C00,TOTAL CPC,0,0,TOTAL MOT,8,kg,60655582.307,True,-1,N/A,0.0,False,60655582.307,True,0.0,False,593767372.016,,593767372.016,6,False,True
C,M,20200201,2020,2,202002,97,EUR,European Union,M,Import,0,W00,World,0,W00,World,H5,HS,True,3923,"Plastic articles for the conveyance or packing of goods; stoppers, lids, caps and other closures of plastics",4,False,C00,TOTAL CPC,0,0,TOTAL MOT,8,kg,105501211.645,True,-1,N/A,0.0,False,105501211.645,True,0.0,False,381805276.582,,381805276.582,6,False,True
C,M,20200201,2020,2,202002,97,EUR,European Union,M,Import,0,W00,World,0,W00,World,H5,HS,True,3924,"Tableware, kitchenware, other household articles and hygienic or toilet articles, of plastics",4,False,C00,TOTAL CPC,0,0,TOTAL MOT,8,kg,30852126.442,True,-1,N/A,0.0,False,30852126.442,True,0.0,False,152274196.482,,152274196.482,6,False,True
C,M,20200201,2020,2,202002,97,EUR,European Union,M,Import,0,W00,World,0,W00,World,H5,HS,True,3926,"Articles of plastics and articles of other materials of heading no. 3901 to 3914, n.e.c. in chapter 39",4,False,C00,TOTAL CPC,0,0,TOTAL MOT,8,kg,94797730.326,True,-1,N/A,0.0,False,94797730.326,True,0.0,False,739072138.522,,739072138.522,6,False,True
C,M,20200201,2020,2,202002,97,EUR,European Union,M,Import,0,W00,World,0,W00,World,H5,HS,True,8414,"Air or vacuum pumps, air or other gas compressors and fans; ventilating or recycling hoods incorporating a fan whether or not fitted with filters",4,False,C00,TOTAL CPC,0,0,TOTAL MOT,-1,N/A,0.0,True,-1,N/A,0.0,False,70131552.963,True,0.0,False,622923606.198,,622923606.198,6,False,True
C,M,20200201,2020,2,202002,97,EUR,European Union,M,Import,0,W00,World,0,W00,World,H5,HS,True,8415,"Air conditioning machines; comprising a motor driven fan and elements for changing the temperature and humidity, including those machines in which the humidity cannot be separately regulated",4,False,C00,TOTAL CPC,0,0,TOTAL MOT,-1,N/A,0.0,False,-1,N/A,0.0,False,51607581.893,True,0.0,False,475293645.292,,475293645.292,4,False,True
C,M,20200201,2020,2,202002,97,EUR,European Union,M,Import,0,W00,World,0,W00,World,H5,HS,True,8418,"Refrigerators, freezers and other refrigerating or freezing equipment, electric or other; heat pumps other than air conditioning machines of heading no. 8415",4,False,C00,TOTAL CPC,0,0,TOTAL MOT,-1,N/A,0.0,True,-1,N/A,0.0,False,72621673.882,True,0.0,False,369993854.073,,369993854.073,6,False,True
C,M,20200201,2020,2,202002,97,EUR,European Union,M,Import,0,W00,World,0,W00,World,H5,HS,True,8450,Household or laundry-type washing machines; including machines which both wash and dry,4,False,C00,TOTAL CPC,0,0,TOTAL MOT,-1,N/A,0.0,True,-1,N/A,0.0,False,41590762.297,True,0.0,False,123379351.023,,123379351.023,6,False,True
C,M,20200201,2020,2,202002,97,EUR,European Union,M,Import,0,W00,World,0,W00,World,H5,HS,True,8508,Vacuum cleaners,4,False,C00,TOTAL CPC,0,0,TOTAL MOT,-1,N/A,0.0,True,-1,N/A,0.0,False,17971158.586,True,0.0,False,221216758.05,,221216758.05,6,False,True
C,M,20200201,2020,2,202002,97,EUR,European Union,M,Import,0,W00,World,0,W00,World,H5,HS,True,8509,"Electro-mechanical domestic appliances; with self-contained electric motor, other than vacuum cleaners of heading 85.08.",4,False,C00,TOTAL CPC,0,0,TOTAL MOT,-1,N/A,0.0,True,-1,N/A,0.0,False,14552280.526,True,0.0,False,158965853.442,,158965853.442,6,False,True
C,M,20200201,2020,2,202002,97,EUR,European Union,M,Import,0,W00,World,0,W00,World,H5,HS,True,8516,"Electric water, space, soil heaters; electro-thermic hair-dressing apparatus; hand dryers, irons; electro-thermic appliances for domestic purposes; electro heating resistors, not of heading no. 8545",4,False,C00,TOTAL CPC,0,0,TOTAL MOT,-1,N/A,0.0,False,-1,N/A,0.0,False,81628807.057,True,0.0,False,573468683.115,,573468683.115,4,False,True
C,M,20200201,2020,2,202002,97,EUR,European Union,M,Import,0,W00,World,0,W00,World,H5,HS,True,9401,"Seats (not those of heading no. 9402), whether or not convertible into beds and parts thereof",4,False,C00,TOTAL CPC,0,0,TOTAL MOT,-1,N/A,0.0,False,-1,N/A,0.0,False,187438646.316,True,0.0,False,921265427.136,,921265427.136,4,False,True
C,M,20200201,2020,2,202002,97,EUR,European Union,M,Import,0,W00,World,0,W00,World,H5,HS,True,9403,"Furniture and parts thereof, n.e.c. in chapter 94",4,False,C00,TOTAL CPC,0,0,TOTAL MOT,-1,N/A,0.0,True,-1,N/A,0.0,False,255811605.293,True,0.0,False,724289575.699,,724289575.699,6,False,True
C,M,20200201,2020,2,202002,97,EUR,European Union,M,Import,0,W00,World,0,W00,World,H5,HS,True,9405,"Lamps, light fittings; including searchlights, spotlights and parts thereof, n.e.c.; illuminated signs, name-plates and the like, having permanently fixed light source and parts thereof n.e.c. or included",4,False,C00,TOTAL CPC,0,0,TOTAL MOT,-1,N/A,0.0,False,-1,N/A,0.0,False,,False,0.0,False,601786158.987,,601786158.987,0,False,True
C,M,20200201,2020,2,202002,97,EUR,European Union,M,Import,0,W00,World,0,W00,World,H5,HS,True,9503,"Tricycles, scooters, pedal cars and similar wheeled toys; dolls' carriages; dolls; other toys; reduced-size (scale) models and similar recreational models, working or not; puzzles of all kinds",4,False,C00,TOTAL CPC,0,0,TOTAL MOT,8,kg,51619612.906,True,-1,N/A,0.0,False,51619612.906,True,0.0,False,495812973.113,,495812973.113,6,False,True
C,M,20200301,2020,3,202003,97,EUR,European Union,M,Import,0,W00,World,0,W00,World,H5,HS,True,3923,"Plastic articles for the conveyance or packing of goods; stoppers, lids, caps and other closures of plastics",4,False,C00,TOTAL CPC,0,0,TOTAL MOT,8,kg,108147611.741,True,-1,N/A,0.0,False,108147611.741,True,0.0,False,399357617.854,,399357617.854,6,False,True
C,M,20200301,2020,3,202003,97,EUR,European Union,M,Import,0,W00,World,0,W00,World,H5,HS,True,3924,"Tableware, kitchenware, other household articles and hygienic or toilet articles, of plastics",4,False,C00,TOTAL CPC,0,0,TOTAL MOT,8,kg,24534463.11,True,-1,N/A,0.0,False,24534463.11,True,0.0,False,121456055.502,,121456055.502,6,False,True
C,M,20200301,2020,3,202003,97,EUR,European Union,M,Import,0,W00,World,0,W00,World,H5,HS,True,3926,"Articles of plastics and articles of other materials of heading no. 3901 to 3914, n.e.c. in chapter 39",4,False,C00,TOTAL CPC,0,0,TOTAL MOT,8,kg,78241560.644,True,-1,N/A,0.0,False,78241560.644,True,0.0,False,709983954.846,,709983954.846,6,False,True
C,M,20200301,2020,3,202003,97,EUR,European Union,M,Import,0,W00,World,0,W00,World,H5,HS,True,8414,"Air or vacuum pumps, air or other gas compressors and fans; ventilating or recycling hoods incorporating a fan whether or not fitted with filters",4,False,C00,TOTAL CPC,0,0,TOTAL MOT,-1,N/A,0.0,True,-1,N/A,0.0,False,64909263.555,True,0.0,False,653227375.978,,653227375.978,6,False,True
C,M,20200301,2020,3,202003,97,EUR,European Union,M,Import,0,W00,World,0,W00,World,H5,HS,True,8415,"Air conditioning machines; comprising a motor driven fan and elements for changing the temperature and humidity, including those machines in which the humidity cannot be separately regulated",4,False,C00,TOTAL CPC,0,0,TOTAL MOT,-1,N/A,0.0,False,-1,N/A,0.0,False,,False,0.0,False,516388340.334,,516388340.334,0,False,True
C,M,20200301,2020,3,202003,97,EUR,European Union,M,Import,0,W00,World,0,W00,World,H5,HS,True,8418,"Refrigerators, freezers and other refrigerating or freezing equipment, electric or other; heat pumps other than air conditioning machines of heading no. 8415",4,False,C00,TOTAL CPC,0,0,TOTAL MOT,-1,N/A,0.0,False,-1,N/A,0.0,False,,False,0.0,False,333205922.621,,333205922.621,0,False,True
C,M,20200301,2020,3,202003,97,EUR,European Union,M,Import,0,W00,World,0,W00,World,H5,HS,True,8450,Household or laundry-type washing machines; including machines which both wash and dry,4,False,C00,TOTAL CPC,0,0,TOTAL MOT,-1,N/A,0.0,True,-1,N/A,0.0,False,34179607.314,True,0.0,False,105591260.536,,105591260.536,6,False,True
C,M,20200301,2020,3,202003,97,EUR,European Union,M,Import,0,W00,World,0,W00,World,H5,HS,True,8508,Vacuum cleaners,4,False,C00,TOTAL CPC,0,0,TOTAL MOT,-1,N/A,0.0,True,-1,N/A,0.0,False,11614351.82,True,0.0,False,172913071.796,,172913071.796,6,False,True
C,M,20200301,2020,3,202003,97,EUR,European Union,M,Import,0,W00,World,0,W00,World,H5,HS,True,8509,"Electro-mechanical domestic appliances; with self-contained electric motor, other than vacuum cleaners of heading 85.08.",4,False,C00,TOTAL CPC,0,0,TOTAL MOT,-1,N/A,0.0,True,-1,N/A,0.0,False,10089231.777,True,0.0,False,114708269.326,,114708269.326,6,False,True
C,M,20200301,2020,3,202003,97,EUR,European Union,M,Import,0,W00,World,0,W00,World,H5,HS,True,8516,"Electric water, space, soil heaters; electro-thermic hair-dressing apparatus; hand dryers, irons; electro-thermic appliances for domestic purposes; electro heating resistors, not of heading no. 8545",4,False,C00,TOTAL CPC,0,0,TOTAL MOT,-1,N/A,0.0,False,-1,N/A,0.0,False,55567342.139,True,0.0,False,425670599.867,,425670599.867,4,False,True
C,M,20200301,2020,3,202003,97,EUR,European Union,M,Import,0,W00,World,0,W00,World,H5,HS,True,9401,"Seats (not those of heading no. 9402), whether or not convertible into beds and parts thereof",4,False,C00,TOTAL CPC,0,0,TOTAL MOT,-1,N/A,0.0,False,-1,N/A,0.0,False,120779590.707,True,0.0,False,646624489.495,,646624489.495,4,False,True
C,M,20200301,2020,3,202003,97,EUR,European Union,M,Import,0,W00,World,0,W00,World,H5,HS,True,9403,"Furniture and parts thereof, n.e.c. in chapter 94",4,False,C00,TOTAL CPC,0,0,TOTAL MOT,-1,N/A,0.0,True,-1,N/A,0.0,False,190105093.801,True,0.0,False,567582294.184,,567582294.184,6,False,True
C,M,20200301,2020,3,202003,97,EUR,European Union,M,Import,0,W00,World,0,W00,World,H5,HS,True,9405,"Lamps, light fittings; including searchlights, spotlights and parts thereof, n.e.c.; illuminated signs, name-plates and the like, having permanently fixed light source and parts thereof n.e.c. or included",4,False,C00,TOTAL CPC,0,0,TOTAL MOT,8,kg,34337600.237,True,-1,N/A,0.0,False,34337600.237,True,0.0,False,412617851.562,,412617851.562,6,False,True
C,M,20200301,2020,3,202003,97,EUR,European Union,M,Import,0,W00,World,0,W00,World,H5,HS,True,9503,"Tricycles, scooters, pedal cars and similar wheeled toys; dolls' carriages; dolls; other toys; reduced-size (scale) models and similar recreational models, working or not; puzzles of all kinds",4,False,C00,TOTAL CPC,0,0,TOTAL MOT,8,kg,34563214.959,True,-1,N/A,0.0,False,34563214.959,True,0.0,False,348093436.797,,348093436.797,6,False,True
C,M,20200401,2020,4,202004,97,EUR,European Union,M,Import,0,W00,World,0,W00,World,H5,HS,True,3923,"Plastic articles for the conveyance or packing of goods; stoppers, lids, caps and other closures of plastics",4,False,C00,TOTAL CPC,0,0,TOTAL MOT,8,kg,111574801.645,True,-1,N/A,0.0,False,111574801.645,True,0.0,False,383239605.23,,383239605.23,6,False,True
C,M,20200401,2020,4,202004,97,EUR,European Union,M,Import,0,W00,World,0,W00,World,H5,HS,True,3924,"Tableware, kitchenware, other household articles and hygienic or toilet articles, of plastics",4,False,C00,TOTAL CPC,0,0,TOTAL MOT,8,kg,20827078.399,True,-1,N/A,0.0,False,20827078.399,True,0.0,False,105752691.226,,105752691.226,6,False,True
C,M,20200401,2020,4,202004,97,EUR,European Union,M,Import,0,W00,World,0,W00,World,H5,HS,True,3926,"Articles of plastics and articles of other materials of heading no. 3901 to 3914, n.e.c. in chapter 39",4,False,C00,TOTAL CPC,0,0,TOTAL MOT,8,kg,74261475.435,True,-1,N/A,0.0,False,74261475.435,True,0.0,False,752147541.676,,752147541.676,6,False,True
C,M,20200401,2020,4,202004,97,EUR,European Union,M,Import,0,W00,World,0,W00,World,H5,HS,True,8414,"Air or vacuum pumps, air or other gas compressors and fans; ventilating or recycling hoods incorporating a fan whether or not fitted with filters",4,False,C00,TOTAL CPC,0,0,TOTAL MOT,-1,N/A,0.0,True,-1,N/A,0.0,False,68276497.022,True,0.0,False,579251150.993,,579251150.993,6,False,True
C,M,20200401,2020,4,202004,97,EUR,European Union,M,Import,0,W00,World,0,W00,World,H5,HS,True,8415,"Air conditioning machines; comprising a motor driven fan and elements for changing the temperature and humidity, including those machines in which the humidity cannot be separately regulated",4,False,C00,TOTAL CPC,0,0,TOTAL MOT,-1,N/A,0.0,False,-1,N/A,0.0,False,73012759.013,True,0.0,False,628244613.378,,628244613.378,4,False,True
C,M,20200401,2020,4,202004,97,EUR,European Union,M,Import,0,W00,World,0,W00,World,H5,HS,True,8418,"Refrigerators, freezers and other refrigerating or freezing equipment, electric or other; heat pumps other than air conditioning machines of heading no. 8415",4,False,C00,TOTAL CPC,0,0,TOTAL MOT,-1,N/A,0.0,False,-1,N/A,0.0,False,,False,0.0,False,330477798.896,,330477798.896,0,False,True
C,M,20200401,2020,4,202004,97,EUR,European Union,M,Import,0,W00,World,0,W00,World,H5,HS,True,8450,Household or laundry-type washing machines; including machines which both wash and dry,4,False,C00,TOTAL CPC,0,0,TOTAL MOT,-1,N/A,0.0,True,-1,N/A,0.0,False,30104656.01,True,0.0,False,93014924.803,,93014924.803,6,False,True
C,M,20200401,2020,4,202004,97,EUR,European Union,M,Import,0,W00,World,0,W00,World,H5,HS,True,8508,Vacuum cleaners,4,False,C00,TOTAL CPC,0,0,TOTAL MOT,-1,N/A,0.0,True,-1,N/A,0.0,False,12622734.056,True,0.0,False,160278943.699,,160278943.699,6,False,True
C,M,20200401,2020,4,202004,97,EUR,European Union,M,Import,0,W00,World,0,W00,World,H5,HS,True,8509,"Electro-mechanical domestic appliances; with self-contained electric motor, other than vacuum cleaners of heading 85.08.",4,False,C00,TOTAL CPC,0,0,TOTAL MOT,-1,N/A,0.0,True,-1,N/A,0.0,False,11065157.801,True,0.0,False,124641855.752,,124641855.752,6,False,True
C,M,20200401,2020,4,202004,97,EUR,European Union,M,Import,0,W00,World,0,W00,World,H5,HS,True,8516,"Electric water, space, soil heaters; electro-thermic hair-dressing apparatus; hand dryers, irons; electro-thermic appliances for domestic purposes; electro heating resistors, not of heading no. 8545",4,False,C00,TOTAL CPC,0,0,TOTAL MOT,-1,N/A,0.0,False,-1,N/A,0.0,False,57783859.425,True,0.0,False,416958619.583,,416958619.583,4,False,True
C,M,20200401,2020,4,202004,97,EUR,European Union,M,Import,0,W00,World,0,W00,World,H5,HS,True,9401,"Seats (not those of heading no. 9402), whether or not convertible into beds and parts thereof",4,False,C00,TOTAL CPC,0,0,TOTAL MOT,-1,N/A,0.0,False,-1,N/A,0.0,False,120094540.381,True,0.0,False,540638055.599,,540638055.599,4,False,True
C,M,20200401,2020,4,202004,97,EUR,European Union,M,Import,0,W00,World,0,W00,World,H5,HS,True,9403,"Furniture and parts thereof, n.e.c. in chapter 94",4,False,C00,TOTAL CPC,0,0,TOTAL MOT,-1,N/A,0.0,False,-1,N/A,0.0,False,163821193.568,True,0.0,False,483110220.249,,483110220.249,4,False,True
C,M,20200401,2020,4,202004,97,EUR,European Union,M,Import,0,W00,World,0,W00,World,H5,HS,True,9405,"Lamps, light fittings; including searchlights, spotlights and parts thereof, n.e.c.; illuminated signs, name-plates and the like, having permanently fixed light source and parts thereof n.e.c. or included",4,False,C00,TOTAL CPC,0,0,TOTAL MOT,8,kg,30690198.865,True,-1,N/A,0.0,False,30690198.865,True,0.0,False,347616096.83,,347616096.83,6,False,True
C,M,20200401,2020,4,202004,97,EUR,European Union,M,Import,0,W00,World,0,W00,World,H5,HS,True,9503,"Tricycles, scooters, pedal cars and similar wheeled toys; dolls' carriages; dolls; other toys; reduced-size (scale) models and similar recreational models, working or not; puzzles of all kinds",4,False,C00,TOTAL CPC,0,0,TOTAL MOT,8,kg,31912487.376,True,-1,N/A,0.0,False,31912487.376,True,0.0,False,304701907.36,,304701907.36,6,False,True
C,M,20200501,2020,5,202005,97,EUR,European Union,M,Import,0,W00,World,0,W00,World,H5,HS,True,3923,"Plastic articles for the conveyance or packing of goods; stoppers, lids, caps and other closures of plastics",4,False,C00,TOTAL CPC,0,0,TOTAL MOT,8,kg,104961822.288,True,-1,N/A,0.0,False,104961822.288,True,0.0,False,391749849.15,,391749849.15,6,False,True
C,M,20200501,2020,5,202005,97,EUR,European Union,M,Import,0,W00,World,0,W00,World,H5,HS,True,3924,"Tableware, kitchenware, other household articles and hygienic or toilet articles, of plastics",4,False,C00,TOTAL CPC,0,0,TOTAL MOT,8,kg,23599802.082,True,-1,N/A,0.0,False,23599802.082,True,0.0,False,125402266.779,,125402266.779,6,False,True
C,M,20200501,2020,5,202005,97,EUR,European Union,M,Import,0,W00,World,0,W00,World,H5,HS,True,3926,"Articles of plastics and articles of other materials of heading no. 3901 to 3914, n.e.c. in chapter 39",4,False,C00,TOTAL CPC,0,0,TOTAL MOT,8,kg,85961086.891,True,-1,N/A,0.0,False,85961086.891,True,0.0,False,839995104.023,,839995104.023,6,False,True
C,M,20200501,2020,5,202005,97,EUR,European Union,M,Import,0,W00,World,0,W00,World,H5,HS,True,8414,"Air or vacuum pumps, air or other gas compressors and fans; ventilating or recycling hoods incorporating a fan whether or not fitted with filters",4,False,C00,TOTAL CPC,0,0,TOTAL MOT,-1,N/A,0.0,True,-1,N/A,0.0,False,74587598.069,True,0.0,False,606532955.448,,606532955.448,6,False,True
C,M,20200501,2020,5,202005,97,EUR,European Union,M,Import,0,W00,World,0,W00,World,H5,HS,True,8415,"Air conditioning machines; comprising a motor driven fan and elements for changing the temperature and humidity, including those machines in which the humidity cannot be separately regulated",4,False,C00,TOTAL CPC,0,0,TOTAL MOT,-1,N/A,0.0,False,-1,N/A,0.0,False,78351908.139,True,0.0,False,628544197.237,,628544197.237,4,False,True
C,M,20200501,2020,5,202005,97,EUR,European Union,M,Import,0,W00,World,0,W00,World,H5,HS,True,8418,"Refrigerators, freezers and other refrigerating or freezing equipment, electric or other; heat pumps other than air conditioning machines of heading no. 8415",4,False,C00,TOTAL CPC,0,0,TOTAL MOT,-1,N/A,0.0,True,-1,N/A,0.0,False,72513923.961,True,0.0,False,350302469.757,,350302469.757,6,False,True
C,M,20200501,2020,5,202005,97,EUR,European Union,M,Import,0,W00,World,0,W00,World,H5,HS,True,8450,Household or laundry-type washing machines; including machines which both wash and dry,4,False,C00,TOTAL CPC,0,0,TOTAL MOT,-1,N/A,0.0,True,-1,N/A,0.0,False,28965389.579,True,0.0,False,87494215.506,,87494215.506,6,False,True
C,M,20200501,2020,5,202005,97,EUR,European Union,M,Import,0,W00,World,0,W00,World,H5,HS,True,8508,Vacuum cleaners,4,False,C00,TOTAL CPC,0,0,TOTAL MOT,-1,N/A,0.0,True,-1,N/A,0.0,False,13532191.021,True,0.0,False,156607941.346,,156607941.346,6,False,True
C,M,20200501,2020,5,202005,97,EUR,European Union,M,Import,0,W00,World,0,W00,World,H5,HS,True,8509,"Electro-mechanical domestic appliances; with self-contained electric motor, other than vacuum cleaners of heading 85.08.",4,False,C00,TOTAL CPC,0,0,TOTAL MOT,-1,N/A,0.0,True,-1,N/A,0.0,False,14488769.454,True,0.0,False,149966501.621,,149966501.621,6,False,True
C,M,20200501,2020,5,202005,97,EUR,European Union,M,Import,0,W00,World,0,W00,World,H5,HS,True,8516,"Electric water, space, soil heaters; electro-thermic hair-dressing apparatus; hand dryers, irons; electro-thermic appliances for domestic purposes; electro heating resistors, not of heading no. 8545",4,False,C00,TOTAL CPC,0,0,TOTAL MOT,-1,N/A,0.0,False,-1,N/A,0.0,False,64864748.725,True,0.0,False,460804996.08,,460804996.08,4,False,True
C,M,20200501,2020,5,202005,97,EUR,European Union,M,Import,0,W00,World,0,W00,World,H5,HS,True,9401,"Seats (not those of heading no. 9402), whether or not convertible into beds and parts thereof",4,False,C00,TOTAL CPC,0,0,TOTAL MOT,-1,N/A,0.0,False,-1,N/A,0.0,False,125986107.936,True,0.0,False,570204708.701,,570204708.701,4,False,True
C,M,20200501,2020,5,202005,97,EUR,European Union,M,Import,0,W00,World,0,W00,World,H5,HS,True,9403,"Furniture and parts thereof, n.e.c. in chapter 94",4,False,C00,TOTAL CPC,0,0,TOTAL MOT,-1,N/A,0.0,True,-1,N/A,0.0,False,170048721.731,True,0.0,False,481564113.519,,481564113.519,6,False,True
C,M,20200501,2020,5,202005,97,EUR,European Union,M,Import,0,W00,World,0,W00,World,H5,HS,True,9405,"Lamps, light fittings; including searchlights, spotlights and parts thereof, n.e.c.; illuminated signs, name-plates and the like, having permanently fixed light source and parts thereof n.e.c. or included",4,False,C00,TOTAL CPC,0,0,TOTAL MOT,8,kg,41483591.771,True,-1,N/A,0.0,False,41483591.771,True,0.0,False,468821442.539,,468821442.539,6,False,True
C,M,20200501,2020,5,202005,97,EUR,European Union,M,Import,0,W00,World,0,W00,World,H5,HS,True,9503,"Tricycles, scooters, pedal cars and similar wheeled toys; dolls' carriages; dolls; other toys; reduced-size (scale) models and similar recreational models, working or not; puzzles of all kinds",4,False,C00,TOTAL CPC,0,0,TOTAL MOT,8,kg,36125511.541,True,-1,N/A,0.0,False,36125511.541,True,0.0,False,342314956.808,,342314956.808,6,False,True
C,M,20200601,2020,6,202006,97,EUR,European Union,M,Import,0,W00,World,0,W00,World,H5,HS,True,3923,"Plastic articles for the conveyance or packing of goods; stoppers, lids, caps and other closures of plastics",4,False,C00,TOTAL CPC,0,0,TOTAL MOT,8,kg,118065951.447,True,-1,N/A,0.0,False,118065951.447,True,0.0,False,455233035.955,,455233035.955,6,False,True
C,M,20200601,2020,6,202006,97,EUR,European Union,M,Import,0,W00,World,0,W00,World,H5,HS,True,3924,"Tableware, kitchenware, other household articles and hygienic or toilet articles, of plastics",4,False,C00,TOTAL CPC,0,0,TOTAL MOT,8,kg,29620045.653,True,-1,N/A,0.0,False,29620045.653,True,0.0,False,152812613.744,,152812613.744,6,False,True
C,M,20200601,2020,6,202006,97,EUR,European Union,M,Import,0,W00,World,0,W00,World,H5,HS,True,3926,"Articles of plastics and articles of other materials of heading no. 3901 to 3914, n.e.c. in chapter 39",4,False,C00,TOTAL CPC,0,0,TOTAL MOT,8,kg,95461533.595,True,-1,N/A,0.0,False,95461533.595,True,0.0,False,881530575.041,,881530575.041,6,False,True
C,M,20200601,2020,6,202006,97,EUR,European Union,M,Import,0,W00,World,0,W00,World,H5,HS,True,8414,"Air or vacuum pumps, air or other gas compressors and fans; ventilating or recycling hoods incorporating a fan whether or not fitted with filters",4,False,C00,TOTAL CPC,0,0,TOTAL MOT,-1,N/A,0.0,True,-1,N/A,0.0,False,74559851.993,True,0.0,False,601826397.028,,601826397.028,6,False,True
C,M,20200601,2020,6,202006,97,EUR,European Union,M,Import,0,W00,World,0,W00,World,H5,HS,True,8415,"Air conditioning machines; comprising a motor driven fan and elements for changing the temperature and humidity, including those machines in which the humidity cannot be separately regulated",4,False,C00,TOTAL CPC,0,0,TOTAL MOT,-1,N/A,0.0,False,-1,N/A,0.0,False,77659471.919,True,0.0,False,636654138.827,,636654138.827,4,False,True
C,M,20200601,2020,6,202006,97,EUR,European Union,M,Import,0,W00,World,0,W00,World,H5,HS,True,8418,"Refrigerators, freezers and other refrigerating or freezing equipment, electric or other; heat pumps other than air conditioning machines of heading no. 8415",4,False,C00,TOTAL CPC,0,0,TOTAL MOT,-1,N/A,0.0,True,-1,N/A,0.0,False,87670048.839,True,0.0,False,408837744.396,,408837744.396,6,False,True
C,M,20200601,2020,6,202006,97,EUR,European Union,M,Import,0,W00,World,0,W00,World,H5,HS,True,8450,Household or laundry-type washing machines; including machines which both wash and dry,4,False,C00,TOTAL CPC,0,0,TOTAL MOT,-1,N/A,0.0,True,-1,N/A,0.0,False,40181087.79,True,0.0,False,120718071.636,,120718071.636,6,False,True
C,M,20200601,2020,6,202006,97,EUR,European Union,M,Import,0,W00,World,0,W00,World,H5,HS,True,8508,Vacuum cleaners,4,False,C00,TOTAL CPC,0,0,TOTAL MOT,-1,N/A,0.0,True,-1,N/A,0.0,False,15041606.1,True,0.0,False,195909028.535,,195909028.535,6,False,True
C,M,20200601,2020,6,202006,97,EUR,European Union,M,Import,0,W00,World,0,W00,World,H5,HS,True,8509,"Electro-mechanical domestic appliances; with self-contained electric motor, other than vacuum cleaners of heading 85.08.",4,False,C00,TOTAL CPC,0,0,TOTAL MOT,-1,N/A,0.0,True,-1,N/A,0.0,False,15652452.871,True,0.0,False,187857367.672,,187857367.672,6,False,True
C,M,20200601,2020,6,202006,97,EUR,European Union,M,Import,0,W00,World,0,W00,World,H5,HS,True,8516,"Electric water, space, soil heaters; electro-thermic hair-dressing apparatus; hand dryers, irons; electro-thermic appliances for domestic purposes; electro heating resistors, not of heading no. 8545",4,False,C00,TOTAL CPC,0,0,TOTAL MOT,-1,N/A,0.0,False,-1,N/A,0.0,False,79164018.231,True,0.0,False,532758843.084,,532758843.084,4,False,True
C,M,20200601,2020,6,202006,97,EUR,European Union,M,Import,0,W00,World,0,W00,World,H5,HS,True,9401,"Seats (not those of heading no. 9402), whether or not convertible into beds and parts thereof",4,False,C00,TOTAL CPC,0,0,TOTAL MOT,-1,N/A,0.0,False,-1,N/A,0.0,False,135445472.049,True,0.0,False,678928708.567,,678928708.567,4,False,True
C,M,20200601,2020,6,202006,97,EUR,European Union,M,Import,0,W00,World,0,W00,World,H5,HS,True,9403,"Furniture and parts thereof, n.e.c. in chapter 94",4,False,C00,TOTAL CPC,0,0,TOTAL MOT,-1,N/A,0.0,False,-1,N/A,0.0,False,217272112.548,True,0.0,False,600600302.861,,600600302.861,4,False,True
C,M,20200601,2020,6,202006,97,EUR,European Union,M,Import,0,W00,World,0,W00,World,H5,HS,True,9405,"Lamps, light fittings; including searchlights, spotlights and parts thereof, n.e.c.; illuminated signs, name-plates and the like, having permanently fixed light source and parts thereof n.e.c. or included",4,False,C00,TOTAL CPC,0,0,TOTAL MOT,8,kg,51687927.82,True,-1,N/A,0.0,False,51687927.82,True,0.0,False,575960893.457,,575960893.457,6,False,True
C,M,20200601,2020,6,202006,97,EUR,European Union,M,Import,0,W00,World,0,W00,World,H5,HS,True,9503,"Tricycles, scooters, pedal cars and similar wheeled toys; dolls' carriages; dolls; other toys; reduced-size (scale) models and similar recreational models, working or not; puzzles of all kinds",4,False,C00,TOTAL CPC,0,0,TOTAL MOT,8,kg,39678060.917,True,-1,N/A,0.0,False,39678060.917,True,0.0,False,407431226.771,,407431226.771,6,False,True
C,M,20200701,2020,7,202007,97,EUR,European Union,M,Import,0,W00,World,0,W00,World,H5,HS,True,3923,"Plastic articles for the conveyance or packing of goods; stoppers, lids, caps and other closures of plastics",4,False,C00,TOTAL CPC,0,0,TOTAL MOT,8,kg,114882225.163,True,-1,N/A,0.0,False,114882225.163,True,0.0,False,462805389.507,,462805389.507,6,False,True
C,M,20200701,2020,7,202007,97,EUR,European Union,M,Import,0,W00,World,0,W00,World,H5,HS,True,3924,"Tableware, kitchenware, other household articles and hygienic or toilet articles, of plastics",4,False,C00,TOTAL CPC,0,0,TOTAL MOT,8,kg,35349871.882,True,-1,N/A,0.0,False,35349871.882,True,0.0,False,174018405.362,,174018405.362,6,False,True
C,M,20200701,2020,7,202007,97,EUR,European Union,M,Import,0,W00,World,0,W00,World,H5,HS,True,3926,"Articles of plastics and articles of other materials of heading no. 3901 to 3914, n.e.c. in chapter 39",4,False,C00,TOTAL CPC,0,0,TOTAL MOT,8,kg,108894798.661,True,-1,N/A,0.0,False,108894798.661,True,0.0,False,961504417.321,,961504417.321,6,False,True
C,M,20200701,2020,7,202007,97,EUR,European Union,M,Import,0,W00,World,0,W00,World,H5,HS,True,8414,"Air or vacuum pumps, air or other gas compressors and fans; ventilating or recycling hoods incorporating a fan whether or not fitted with filters",4,False,C00,TOTAL CPC,0,0,TOTAL MOT,-1,N/A,0.0,True,-1,N/A,0.0,False,62925971.486,True,0.0,False,579233417.798,,579233417.798,6,False,True
C,M,20200701,2020,7,202007,97,EUR,European Union,M,Import,0,W00,World,0,W00,World,H5,HS,True,8415,"Air conditioning machines; comprising a motor driven fan and elements for changing the temperature and humidity, including those machines in which the humidity cannot be separately regulated",4,False,C00,TOTAL CPC,0,0,TOTAL MOT,-1,N/A,0.0,False,-1,N/A,0.0,False,,False,0.0,False,553232459.234,,553232459.234,0,False,True
C,M,20200701,2020,7,202007,97,EUR,European Union,M,Import,0,W00,World,0,W00,World,H5,HS,True,8418,"Refrigerators, freezers and other refrigerating or freezing equipment, electric or other; heat pumps other than air conditioning machines of heading no. 8415",4,False,C00,TOTAL CPC,0,0,TOTAL MOT,-1,N/A,0.0,False,-1,N/A,0.0,False,,False,0.0,False,501086892.072,,501086892.072,0,False,True
C,M,20200701,2020,7,202007,97,EUR,European Union,M,Import,0,W00,World,0,W00,World,H5,HS,True,8450,Household or laundry-type washing machines; including machines which both wash and dry,4,False,C00,TOTAL CPC,0,0,TOTAL MOT,-1,N/A,0.0,True,-1,N/A,0.0,False,49395285.12,True,0.0,False,151376434.433,,151376434.433,6,False,True
C,M,20200701,2020,7,202007,97,EUR,European Union,M,Import,0,W00,World,0,W00,World,H5,HS,True,8508,Vacuum cleaners,4,False,C00,TOTAL CPC,0,0,TOTAL MOT,-1,N/A,0.0,True,-1,N/A,0.0,False,17792390.051,True,0.0,False,266602264.917,,266602264.917,6,False,True
C,M,20200701,2020,7,202007,97,EUR,European Union,M,Import,0,W00,World,0,W00,World,H5,HS,True,8509,"Electro-mechanical domestic appliances; with self-contained electric motor, other than vacuum cleaners of heading 85.08.",4,False,C00,TOTAL CPC,0,0,TOTAL MOT,-1,N/A,0.0,True,-1,N/A,0.0,False,19128478.064,True,0.0,False,211408096.306,,211408096.306,6,False,True
C,M,20200701,2020,7,202007,97,EUR,European Union,M,Import,0,W00,World,0,W00,World,H5,HS,True,8516,"Electric water, space, soil heaters; electro-thermic hair-dressing apparatus; hand dryers, irons; electro-thermic appliances for domestic purposes; electro heating resistors, not of heading no. 8545",4,False,C00,TOTAL CPC,0,0,TOTAL MOT,-1,N/A,0.0,False,-1,N/A,0.0,False,103579254.156,True,0.0,False,709919540.644,,709919540.644,4,False,True
C,M,20200701,2020,7,202007,97,EUR,European Union,M,Import,0,W00,World,0,W00,World,H5,HS,True,9401,"Seats (not those of heading no. 9402), whether or not convertible into beds and parts thereof",4,False,C00,TOTAL CPC,0,0,TOTAL MOT,-1,N/A,0.0,False,-1,N/A,0.0,False,157542054.806,True,0.0,False,761873552.267,,761873552.267,4,False,True
C,M,20200701,2020,7,202007,97,EUR,European Union,M,Import,0,W00,World,0,W00,World,H5,HS,True,9403,"Furniture and parts thereof, n.e.c. in chapter 94",4,False,C00,TOTAL CPC,0,0,TOTAL MOT,-1,N/A,0.0,False,-1,N/A,0.0,False,267888004.213,True,0.0,False,721144799.351,,721144799.351,4,False,True
C,M,20200701,2020,7,202007,97,EUR,European Union,M,Import,0,W00,World,0,W00,World,H5,HS,True,9405,"Lamps, light fittings; including searchlights, spotlights and parts thereof, n.e.c.; illuminated signs, name-plates and the like, having permanently fixed light source and parts thereof n.e.c. or included",4,False,C00,TOTAL CPC,0,0,TOTAL MOT,8,kg,67590383.719,True,-1,N/A,0.0,False,67590383.719,True,0.0,False,703230889.872,,703230889.872,6,False,True
C,M,20200701,2020,7,202007,97,EUR,European Union,M,Import,0,W00,World,0,W00,World,H5,HS,True,9503,"Tricycles, scooters, pedal cars and similar wheeled toys; dolls' carriages; dolls; other toys; reduced-size (scale) models and similar recreational models, working or not; puzzles of all kinds",4,False,C00,TOTAL CPC,0,0,TOTAL MOT,8,kg,53451400.601,True,-1,N/A,0.0,False,53451400.601,True,0.0,False,549706271.177,,549706271.177,6,False,True
C,M,20200801,2020,8,202008,97,EUR,European Union,M,Import,0,W00,World,0,W00,World,H5,HS,True,3923,"Plastic articles for the conveyance or packing of goods; stoppers, lids, caps and other closures of plastics",4,False,C00,TOTAL CPC,0,0,TOTAL MOT,8,kg,103402001.27,True,-1,N/A,0.0,False,103402001.27,True,0.0,False,394833904.015,,394833904.015,6,False,True
C,M,20200801,2020,8,202008,97,EUR,European Union,M,Import,0,W00,World,0,W00,World,H5,HS,True,3924,"Tableware, kitchenware, other household articles and hygienic or toilet articles, of plastics",4,False,C00,TOTAL CPC,0,0,TOTAL MOT,8,kg,29867901.608,True,-1,N/A,0.0,False,29867901.608,True,0.0,False,155150691.172,,155150691.172,6,False,True
C,M,20200801,2020,8,202008,97,EUR,European Union,M,Import,0,W00,World,0,W00,World,H5,HS,True,3926,"Articles of plastics and articles of other materials of heading no. 3901 to 3914, n.e.c. in chapter 39",4,False,C00,TOTAL CPC,0,0,TOTAL MOT,8,kg,97337936.282,True,-1,N/A,0.0,False,97337936.282,True,0.0,False,844757974.634,,844757974.634,6,False,True
C,M,20200801,2020,8,202008,97,EUR,European Union,M,Import,0,W00,World,0,W00,World,H5,HS,True,8414,"Air or vacuum pumps, air or other gas compressors and fans; ventilating or recycling hoods incorporating a fan whether or not fitted with filters",4,False,C00,TOTAL CPC,0,0,TOTAL MOT,-1,N/A,0.0,True,-1,N/A,0.0,False,50888321.909,True,0.0,False,503094010.683,,503094010.683,6,False,True
C,M,20200801,2020,8,202008,97,EUR,European Union,M,Import,0,W00,World,0,W00,World,H5,HS,True,8415,"Air conditioning machines; comprising a motor driven fan and elements for changing the temperature and humidity, including those machines in which the humidity cannot be separately regulated",4,False,C00,TOTAL CPC,0,0,TOTAL MOT,-1,N/A,0.0,False,-1,N/A,0.0,False,33237158.493,True,0.0,False,379934924.858,,379934924.858,4,False,True
C,M,20200801,2020,8,202008,97,EUR,European Union,M,Import,0,W00,World,0,W00,World,H5,HS,True,8418,"Refrigerators, freezers and other refrigerating or freezing equipment, electric or other; heat pumps other than air conditioning machines of heading no. 8415",4,False,C00,TOTAL CPC,0,0,TOTAL MOT,-1,N/A,0.0,True,-1,N/A,0.0,False,,False,0.0,False,454276308.594,,454276308.594,2,False,True
C,M,20200801,2020,8,202008,97,EUR,European Union,M,Import,0,W00,World,0,W00,World,H5,HS,True,8450,Household or laundry-type washing machines; including machines which both wash and dry,4,False,C00,TOTAL CPC,0,0,TOTAL MOT,-1,N/A,0.0,True,-1,N/A,0.0,False,46956322.974,True,0.0,False,146529056.8,,146529056.8,6,False,True
C,M,20200801,2020,8,202008,97,EUR,European Union,M,Import,0,W00,World,0,W00,World,H5,HS,True,8508,Vacuum cleaners,4,False,C00,TOTAL CPC,0,0,TOTAL MOT,-1,N/A,0.0,True,-1,N/A,0.0,False,20189711.783,True,0.0,False,294496520.527,,294496520.527,6,False,True
C,M,20200801,2020,8,202008,97,EUR,European Union,M,Import,0,W00,World,0,W00,World,H5,HS,True,8509,"Electro-mechanical domestic appliances; with self-contained electric motor, other than vacuum cleaners of heading 85.08.",4,False,C00,TOTAL CPC,0,0,TOTAL MOT,-1,N/A,0.0,True,-1,N/A,0.0,False,17370843.148,True,0.0,False,201262664.447,,201262664.447,6,False,True
C,M,20200801,2020,8,202008,97,EUR,European Union,M,Import,0,W00,World,0,W00,World,H5,HS,True,8516,"Electric water, space, soil heaters; electro-thermic hair-dressing apparatus; hand dryers, irons; electro-thermic appliances for domestic purposes; electro heating resistors, not of heading no. 8545",4,False,C00,TOTAL CPC,0,0,TOTAL MOT,-1,N/A,0.0,False,-1,N/A,0.0,False,101716708.894,True,0.0,False,701462050.536,,701462050.536,4,False,True
C,M,20200801,2020,8,202008,97,EUR,European Union,M,Import,0,W00,World,0,W00,World,H5,HS,True,9401,"Seats (not those of heading no. 9402), whether or not convertible into beds and parts thereof",4,False,C00,TOTAL CPC,0,0,TOTAL MOT,-1,N/A,0.0,False,-1,N/A,0.0,False,138783549.615,True,0.0,False,674425835.323,,674425835.323,4,False,True
C,M,20200801,2020,8,202008,97,EUR,European Union,M,Import,0,W00,World,0,W00,World,H5,HS,True,9403,"Furniture and parts thereof, n.e.c. in chapter 94",4,False,C00,TOTAL CPC,0,0,TOTAL MOT,-1,N/A,0.0,False,-1,N/A,0.0,False,249243635.786,True,0.0,False,673478857.147,,673478857.147,4,False,True
C,M,20200801,2020,8,202008,97,EUR,European Union,M,Import,0,W00,World,0,W00,World,H5,HS,True,9405,"Lamps, light fittings; including searchlights, spotlights and parts thereof, n.e.c.; illuminated signs, name-plates and the like, having permanently fixed light source and parts thereof n.e.c. or included",4,False,C00,TOTAL CPC,0,0,TOTAL MOT,8,kg,67985675.241,True,-1,N/A,0.0,False,67985675.241,True,0.0,False,690096941.549,,690096941.549,6,False,True
C,M,20200801,2020,8,202008,97,EUR,European Union,M,Import,0,W00,World,0,W00,World,H5,HS,True,9503,"Tricycles, scooters, pedal cars and similar wheeled toys; dolls' carriages; dolls; other toys; reduced-size (scale) models and similar recreational models, working or not; puzzles of all kinds",4,False,C00,TOTAL CPC,0,0,TOTAL MOT,8,kg,61121628.558,True,-1,N/A,0.0,False,61121628.558,True,0.0,False,634111107.024,,634111107.024,6,False,True
C,M,20200901,2020,9,202009,97,EUR,European Union,M,Import,0,W00,World,0,W00,World,H5,HS,True,3923,"Plastic articles for the conveyance or packing of goods; stoppers, lids, caps and other closures of plastics",4,False,C00,TOTAL CPC,0,0,TOTAL MOT,8,kg,119696719.353,True,-1,N/A,0.0,False,119696719.353,True,0.0,False,448062073.104,,448062073.104,6,False,True
C,M,20200901,2020,9,202009,97,EUR,European Union,M,Import,0,W00,World,0,W00,World,H5,HS,True,3924,"Tableware, kitchenware, other household articles and hygienic or toilet articles, of plastics",4,False,C00,TOTAL CPC,0,0,TOTAL MOT,8,kg,30304731.941,True,-1,N/A,0.0,False,30304731.941,True,0.0,False,153882941.095,,153882941.095,6,False,True
C,M,20200901,2020,9,202009,97,EUR,European Union,M,Import,0,W00,World,0,W00,World,H5,HS,True,3926,"Articles of plastics and articles of other materials of heading no. 3901 to 3914, n.e.c. in chapter 39",4,False,C00,TOTAL CPC,0,0,TOTAL MOT,8,kg,105948930.456,True,-1,N/A,0.0,False,105948930.456,True,0.0,False,918966417.019,,918966417.019,6,False,True
C,M,20200901,2020,9,202009,97,EUR,European Union,M,Import,0,W00,World,0,W00,World,H5,HS,True,8414,"Air or vacuum pumps, air or other gas compressors and fans; ventilating or recycling hoods incorporating a fan whether or not fitted with filters",4,False,C00,TOTAL CPC,0,0,TOTAL MOT,-1,N/A,0.0,True,-1,N/A,0.0,False,58533433.617,True,0.0,False,612758675.396,,612758675.396,6,False,True
C,M,20200901,2020,9,202009,97,EUR,European Union,M,Import,0,W00,World,0,W00,World,H5,HS,True,8415,"Air conditioning machines; comprising a motor driven fan and elements for changing the temperature and humidity, including those machines in which the humidity cannot be separately regulated",4,False,C00,TOTAL CPC,0,0,TOTAL MOT,-1,N/A,0.0,False,-1,N/A,0.0,False,32612483.919,True,0.0,False,385219732.952,,385219732.952,4,False,True
C,M,20200901,2020,9,202009,97,EUR,European Union,M,Import,0,W00,World,0,W00,World,H5,HS,True,8418,"Refrigerators, freezers and other refrigerating or freezing equipment, electric or other; heat pumps other than air conditioning machines of heading no. 8415",4,False,C00,TOTAL CPC,0,0,TOTAL MOT,-1,N/A,0.0,False,-1,N/A,0.0,False,107102073.674,True,0.0,False,500103867.578,,500103867.578,4,False,True
C,M,20200901,2020,9,202009,97,EUR,European Union,M,Import,0,W00,World,0,W00,World,H5,HS,True,8450,Household or laundry-type washing machines; including machines which both wash and dry,4,False,C00,TOTAL CPC,0,0,TOTAL MOT,-1,N/A,0.0,True,-1,N/A,0.0,False,52033466.759,True,0.0,False,161340011.888,,161340011.888,6,False,True
C,M,20200901,2020,9,202009,97,EUR,European Union,M,Import,0,W00,World,0,W00,World,H5,HS,True,8508,Vacuum cleaners,4,False,C00,TOTAL CPC,0,0,TOTAL MOT,-1,N/A,0.0,True,-1,N/A,0.0,False,25176942.951,True,0.0,False,347507427.707,,347507427.707,6,False,True
C,M,20200901,2020,9,202009,97,EUR,European Union,M,Import,0,W00,World,0,W00,World,H5,HS,True,8509,"Electro-mechanical domestic appliances; with self-contained electric motor, other than vacuum cleaners of heading 85.08.",4,False,C00,TOTAL CPC,0,0,TOTAL MOT,-1,N/A,0.0,True,-1,N/A,0.0,False,20435877.291,True,0.0,False,231942513.714,,231942513.714,6,False,True
C,M,20200901,2020,9,202009,97,EUR,European Union,M,Import,0,W00,World,0,W00,World,H5,HS,True,8516,"Electric water, space, soil heaters; electro-thermic hair-dressing apparatus; hand dryers, irons; electro-thermic appliances for domestic purposes; electro heating resistors, not of heading no. 8545",4,False,C00,TOTAL CPC,0,0,TOTAL MOT,-1,N/A,0.0,False,-1,N/A,0.0,False,121259765.552,True,0.0,False,823034055.541,,823034055.541,4,False,True
C,M,20200901,2020,9,202009,97,EUR,European Union,M,Import,0,W00,World,0,W00,World,H5,HS,True,9401,"Seats (not those of heading no. 9402), whether or not convertible into beds and parts thereof",4,False,C00,TOTAL CPC,0,0,TOTAL MOT,-1,N/A,0.0,False,-1,N/A,0.0,False,155578810.513,True,0.0,False,778261247.637,,778261247.637,4,False,True
C,M,20200901,2020,9,202009,97,EUR,European Union,M,Import,0,W00,World,0,W00,World,H5,HS,True,9403,"Furniture and parts thereof, n.e.c. in chapter 94",4,False,C00,TOTAL CPC,0,0,TOTAL MOT,-1,N/A,0.0,True,-1,N/A,0.0,False,263699427.787,True,0.0,False,694598150.559,,694598150.559,6,False,True
C,M,20200901,2020,9,202009,97,EUR,European Union,M,Import,0,W00,World,0,W00,World,H5,HS,True,9405,"Lamps, light fittings; including searchlights, spotlights and parts thereof, n.e.c.; illuminated signs, name-plates and the like, having permanently fixed light source and parts thereof n.e.c. or included",4,False,C00,TOTAL CPC,0,0,TOTAL MOT,-1,N/A,0.0,False,-1,N/A,0.0,False,,False,0.0,False,812433616.447,,812433616.447,0,False,True
C,M,20200901,2020,9,202009,97,EUR,European Union,M,Import,0,W00,World,0,W00,World,H5,HS,True,9503,"Tricycles, scooters, pedal cars and similar wheeled toys; dolls' carriages; dolls; other toys; reduced-size (scale) models and similar recreational models, working or not; puzzles of all kinds",4,False,C00,TOTAL CPC,0,0,TOTAL MOT,8,kg,94724055.605,True,-1,N/A,0.0,False,94724055.605,True,0.0,False,886482275.568,,886482275.568,6,False,True
C,M,20201001,2020,10,202010,97,EUR,European Union,M,Import,0,W00,World,0,W00,World,H5,HS,True,3923,"Plastic articles for the conveyance or packing of goods; stoppers, lids, caps and other closures of plastics",4,False,C00,TOTAL CPC,0,0,TOTAL MOT,8,kg,111075478.401,True,-1,N/A,0.0,False,111075478.401,True,0.0,False,446521463.269,,446521463.269,6,False,True
C,M,20201001,2020,10,202010,97,EUR,European Union,M,Import,0,W00,World,0,W00,World,H5,HS,True,3924,"Tableware, kitchenware, other household articles and hygienic or toilet articles, of plastics",4,False,C00,TOTAL CPC,0,0,TOTAL MOT,8,kg,30900550.387,True,-1,N/A,0.0,False,30900550.387,True,0.0,False,156875969.5,,156875969.5,6,False,True
C,M,20201001,2020,10,202010,97,EUR,European Union,M,Import,0,W00,World,0,W00,World,H5,HS,True,3926,"Articles of plastics and articles of other materials of heading no. 3901 to 3914, n.e.c. in chapter 39",4,False,C00,TOTAL CPC,0,0,TOTAL MOT,8,kg,97298098.927,True,-1,N/A,0.0,False,97298098.927,True,0.0,False,966233578.449,,966233578.449,6,False,True
C,M,20201001,2020,10,202010,97,EUR,European Union,M,Import,0,W00,World,0,W00,World,H5,HS,True,8414,"Air or vacuum pumps, air or other gas compressors and fans; ventilating or recycling hoods incorporating a fan whether or not fitted with filters",4,False,C00,TOTAL CPC,0,0,TOTAL MOT,-1,N/A,0.0,True,-1,N/A,0.0,False,59608476.09,True,0.0,False,662066355.72,,662066355.72,6,False,True
C,M,20201001,2020,10,202010,97,EUR,European Union,M,Import,0,W00,World,0,W00,World,H5,HS,True,8415,"Air conditioning machines; comprising a motor driven fan and elements for changing the temperature and humidity, including those machines in which the humidity cannot be separately regulated",4,False,C00,TOTAL CPC,0,0,TOTAL MOT,-1,N/A,0.0,False,-1,N/A,0.0,False,30234729.231,True,0.0,False,364500064.573,,364500064.573,4,False,True
C,M,20201001,2020,10,202010,97,EUR,European Union,M,Import,0,W00,World,0,W00,World,H5,HS,True,8418,"Refrigerators, freezers and other refrigerating or freezing equipment, electric or other; heat pumps other than air conditioning machines of heading no. 8415",4,False,C00,TOTAL CPC,0,0,TOTAL MOT,-1,N/A,0.0,False,-1,N/A,0.0,False,114193439.449,True,0.0,False,528156996.382,,528156996.382,4,False,True
C,M,20201001,2020,10,202010,97,EUR,European Union,M,Import,0,W00,World,0,W00,World,H5,HS,True,8450,Household or laundry-type washing machines; including machines which both wash and dry,4,False,C00,TOTAL CPC,0,0,TOTAL MOT,-1,N/A,0.0,True,-1,N/A,0.0,False,62372261.163,True,0.0,False,199427946.886,,199427946.886,6,False,True
C,M,20201001,2020,10,202010,97,EUR,European Union,M,Import,0,W00,World,0,W00,World,H5,HS,True,8508,Vacuum cleaners,4,False,C00,TOTAL CPC,0,0,TOTAL MOT,-1,N/A,0.0,True,-1,N/A,0.0,False,23680586.739,True,0.0,False,351049747.466,,351049747.466,6,False,True
C,M,20201001,2020,10,202010,97,EUR,European Union,M,Import,0,W00,World,0,W00,World,H5,HS,True,8509,"Electro-mechanical domestic appliances; with self-contained electric motor, other than vacuum cleaners of heading 85.08.",4,False,C00,TOTAL CPC,0,0,TOTAL MOT,-1,N/A,0.0,True,-1,N/A,0.0,False,22934887.016,True,0.0,False,249912924.269,,249912924.269,6,False,True
C,M,20201001,2020,10,202010,97,EUR,European Union,M,Import,0,W00,World,0,W00,World,H5,HS,True,8516,"Electric water, space, soil heaters; electro-thermic hair-dressing apparatus; hand dryers, irons; electro-thermic appliances for domestic purposes; electro heating resistors, not of heading no. 8545",4,False,C00,TOTAL CPC,0,0,TOTAL MOT,-1,N/A,0.0,False,-1,N/A,0.0,False,129786541.886,True,0.0,False,899945472.29,,899945472.29,4,False,True
C,M,20201001,2020,10,202010,97,EUR,European Union,M,Import,0,W00,World,0,W00,World,H5,HS,True,9401,"Seats (not those of heading no. 9402), whether or not convertible into beds and parts thereof",4,False,C00,TOTAL CPC,0,0,TOTAL MOT,-1,N/A,0.0,False,-1,N/A,0.0,False,155640613.385,True,0.0,False,806842497.62,,806842497.62,4,False,True
C,M,20201001,2020,10,202010,97,EUR,European Union,M,Import,0,W00,World,0,W00,World,H5,HS,True,9403,"Furniture and parts thereof, n.e.c. in chapter 94",4,False,C00,TOTAL CPC,0,0,TOTAL MOT,-1,N/A,0.0,True,-1,N/A,0.0,False,259017592.015,True,0.0,False,700935569.022,,700935569.022,6,False,True
C,M,20201001,2020,10,202010,97,EUR,European Union,M,Import,0,W00,World,0,W00,World,H5,HS,True,9405,"Lamps, light fittings; including searchlights, spotlights and parts thereof, n.e.c.; illuminated signs, name-plates and the like, having permanently fixed light source and parts thereof n.e.c. or included",4,False,C00,TOTAL CPC,0,0,TOTAL MOT,8,kg,72634828.385,True,-1,N/A,0.0,False,72634828.385,True,0.0,False,749497257.978,,749497257.978,6,False,True
C,M,20201001,2020,10,202010,97,EUR,European Union,M,Import,0,W00,World,0,W00,World,H5,HS,True,9503,"Tricycles, scooters, pedal cars and similar wheeled toys; dolls' carriages; dolls; other toys; reduced-size (scale) models and similar recreational models, working or not; puzzles of all kinds",4,False,C00,TOTAL CPC,0,0,TOTAL MOT,8,kg,93169639.279,True,-1,N/A,0.0,False,93169639.279,True,0.0,False,857962909.639,,857962909.639,6,False,True
C,M,20201101,2020,11,202011,97,EUR,European Union,M,Import,0,W00,World,0,W00,World,H5,HS,True,3923,"Plastic articles for the conveyance or packing of goods; stoppers, lids, caps and other closures of plastics",4,False,C00,TOTAL CPC,0,0,TOTAL MOT,8,kg,113459796.305,True,-1,N/A,0.0,False,113459796.305,True,0.0,False,440470505.701,,440470505.701,6,False,True
C,M,20201101,2020,11,202011,97,EUR,European Union,M,Import,0,W00,World,0,W00,World,H5,HS,True,3924,"Tableware, kitchenware, other household articles and hygienic or toilet articles, of plastics",4,False,C00,TOTAL CPC,0,0,TOTAL MOT,8,kg,28573223.91,True,-1,N/A,0.0,False,28573223.91,True,0.0,False,149690246.684,,149690246.684,6,False,True
C,M,20201101,2020,11,202011,97,EUR,European Union,M,Import,0,W00,World,0,W00,World,H5,HS,True,3926,"Articles of plastics and articles of other materials of heading no. 3901 to 3914, n.e.c. in chapter 39",4,False,C00,TOTAL CPC,0,0,TOTAL MOT,8,kg,98813155.69,True,-1,N/A,0.0,False,98813155.69,True,0.0,False,969996377.724,,969996377.724,6,False,True
C,M,20201101,2020,11,202011,97,EUR,European Union,M,Import,0,W00,World,0,W00,World,H5,HS,True,8414,"Air or vacuum pumps, air or other gas compressors and fans; ventilating or recycling hoods incorporating a fan whether or not fitted with filters",4,False,C00,TOTAL CPC,0,0,TOTAL MOT,-1,N/A,0.0,True,-1,N/A,0.0,False,,False,0.0,False,683564714.449,,683564714.449,2,False,True
C,M,20201101,2020,11,202011,97,EUR,European Union,M,Import,0,W00,World,0,W00,World,H5,HS,True,8415,"Air conditioning machines; comprising a motor driven fan and elements for changing the temperature and humidity, including those machines in which the humidity cannot be separately regulated",4,False,C00,TOTAL CPC,0,0,TOTAL MOT,-1,N/A,0.0,False,-1,N/A,0.0,False,27327802.44,True,0.0,False,346681462.669,,346681462.669,4,False,True
C,M,20201101,2020,11,202011,97,EUR,European Union,M,Import,0,W00,World,0,W00,World,H5,HS,True,8418,"Refrigerators, freezers and other refrigerating or freezing equipment, electric or other; heat pumps other than air conditioning machines of heading no. 8415",4,False,C00,TOTAL CPC,0,0,TOTAL MOT,-1,N/A,0.0,False,-1,N/A,0.0,False,89942996.034,True,0.0,False,473359061.408,,473359061.408,4,False,True
C,M,20201101,2020,11,202011,97,EUR,European Union,M,Import,0,W00,World,0,W00,World,H5,HS,True,8450,Household or laundry-type washing machines; including machines which both wash and dry,4,False,C00,TOTAL CPC,0,0,TOTAL MOT,-1,N/A,0.0,True,-1,N/A,0.0,False,52567671.278,True,0.0,False,160922559.969,,160922559.969,6,False,True
C,M,20201101,2020,11,202011,97,EUR,European Union,M,Import,0,W00,World,0,W00,World,H5,HS,True,8508,Vacuum cleaners,4,False,C00,TOTAL CPC,0,0,TOTAL MOT,-1,N/A,0.0,True,-1,N/A,0.0,False,24310857.375,True,0.0,False,392794672.723,,392794672.723,6,False,True
C,M,20201101,2020,11,202011,97,EUR,European Union,M,Import,0,W00,World,0,W00,World,H5,HS,True,8509,"Electro-mechanical domestic appliances; with self-contained electric motor, other than vacuum cleaners of heading 85.08.",4,False,C00,TOTAL CPC,0,0,TOTAL MOT,-1,N/A,0.0,True,-1,N/A,0.0,False,21824738.35,True,0.0,False,246362919.291,,246362919.291,6,False,True
C,M,20201101,2020,11,202011,97,EUR,European Union,M,Import,0,W00,World,0,W00,World,H5,HS,True,8516,"Electric water, space, soil heaters; electro-thermic hair-dressing apparatus; hand dryers, irons; electro-thermic appliances for domestic purposes; electro heating resistors, not of heading no. 8545",4,False,C00,TOTAL CPC,0,0,TOTAL MOT,-1,N/A,0.0,False,-1,N/A,0.0,False,120291958.653,True,0.0,False,863414891.544,,863414891.544,4,False,True
C,M,20201101,2020,11,202011,97,EUR,European Union,M,Import,0,W00,World,0,W00,World,H5,HS,True,9401,"Seats (not those of heading no. 9402), whether or not convertible into beds and parts thereof",4,False,C00,TOTAL CPC,0,0,TOTAL MOT,-1,N/A,0.0,False,-1,N/A,0.0,False,165349285.885,True,0.0,False,849187983.761,,849187983.761,4,False,True
C,M,20201101,2020,11,202011,97,EUR,European Union,M,Import,0,W00,World,0,W00,World,H5,HS,True,9403,"Furniture and parts thereof, n.e.c. in chapter 94",4,False,C00,TOTAL CPC,0,0,TOTAL MOT,-1,N/A,0.0,False,-1,N/A,0.0,False,268462032.745,True,0.0,False,734397162.528,,734397162.528,4,False,True
C,M,20201101,2020,11,202011,97,EUR,European Union,M,Import,0,W00,World,0,W00,World,H5,HS,True,9405,"Lamps, light fittings; including searchlights, spotlights and parts thereof, n.e.c.; illuminated signs, name-plates and the like, having permanently fixed light source and parts thereof n.e.c. or included",4,False,C00,TOTAL CPC,0,0,TOTAL MOT,8,kg,59762202.885,True,-1,N/A,0.0,False,59762202.885,True,0.0,False,646881923.57,,646881923.57,6,False,True
C,M,20201101,2020,11,202011,97,EUR,European Union,M,Import,0,W00,World,0,W00,World,H5,HS,True,9503,"Tricycles, scooters, pedal cars and similar wheeled toys; dolls' carriages; dolls; other toys; reduced-size (scale) models and similar recreational models, working or not; puzzles of all kinds",4,False,C00,TOTAL CPC,0,0,TOTAL MOT,8,kg,70559506.745,True,-1,N/A,0.0,False,70559506.745,True,0.0,False,719260503.843,,719260503.843,6,False,True
C,M,20201201,2020,12,202012,97,EUR,European Union,M,Import,0,W00,World,0,W00,World,H5,HS,True,3923,"Plastic articles for the conveyance or packing of goods; stoppers, lids, caps and other closures of plastics",4,False,C00,TOTAL CPC,0,0,TOTAL MOT,8,kg,101294051.581,True,-1,N/A,0.0,False,101294051.581,True,0.0,False,428244625.509,,428244625.509,6,False,True
C,M,20201201,2020,12,202012,97,EUR,European Union,M,Import,0,W00,World,0,W00,World,H5,HS,True,3924,"Tableware, kitchenware, other household articles and hygienic or toilet articles, of plastics",4,False,C00,TOTAL CPC,0,0,TOTAL MOT,8,kg,30497623.23,True,-1,N/A,0.0,False,30497623.23,True,0.0,False,156488597.526,,156488597.526,6,False,True
C,M,20201201,2020,12,202012,97,EUR,European Union,M,Import,0,W00,World,0,W00,World,H5,HS,True,3926,"Articles of plastics and articles of other materials of heading no. 3901 to 3914, n.e.c. in chapter 39",4,False,C00,TOTAL CPC,0,0,TOTAL MOT,8,kg,96176272.933,True,-1,N/A,0.0,False,96176272.933,True,0.0,False,976779722.929,,976779722.929,6,False,True
C,M,20201201,2020,12,202012,97,EUR,European Union,M,Import,0,W00,World,0,W00,World,H5,HS,True,8414,"Air or vacuum pumps, air or other gas compressors and fans; ventilating or recycling hoods incorporating a fan whether or not fitted with filters",4,False,C00,TOTAL CPC,0,0,TOTAL MOT,-1,N/A,0.0,True,-1,N/A,0.0,False,55752061.373,True,0.0,False,661989167.521,,661989167.521,6,False,True
C,M,20201201,2020,12,202012,97,EUR,European Union,M,Import,0,W00,World,0,W00,World,H5,HS,True,8415,"Air conditioning machines; comprising a motor driven fan and elements for changing the temperature and humidity, including those machines in which the humidity cannot be separately regulated",4,False,C00,TOTAL CPC,0,0,TOTAL MOT,-1,N/A,0.0,False,-1,N/A,0.0,False,23505404.069,True,0.0,False,303542851.614,,303542851.614,4,False,True
C,M,20201201,2020,12,202012,97,EUR,European Union,M,Import,0,W00,World,0,W00,World,H5,HS,True,8418,"Refrigerators, freezers and other refrigerating or freezing equipment, electric or other; heat pumps other than air conditioning machines of heading no. 8415",4,False,C00,TOTAL CPC,0,0,TOTAL MOT,-1,N/A,0.0,False,-1,N/A,0.0,False,91083217.581,True,0.0,False,486967409.875,,486967409.875,4,False,True
C,M,20201201,2020,12,202012,97,EUR,European Union,M,Import,0,W00,World,0,W00,World,H5,HS,True,8450,Household or laundry-type washing machines; including machines which both wash and dry,4,False,C00,TOTAL CPC,0,0,TOTAL MOT,-1,N/A,0.0,True,-1,N/A,0.0,False,47226585.753,True,0.0,False,149639546.501,,149639546.501,6,False,True
C,M,20201201,2020,12,202012,97,EUR,European Union,M,Import,0,W00,World,0,W00,World,H5,HS,True,8508,Vacuum cleaners,4,False,C00,TOTAL CPC,0,0,TOTAL MOT,-1,N/A,0.0,True,-1,N/A,0.0,False,21330974.566,True,0.0,False,344286274.028,,344286274.028,6,False,True
C,M,20201201,2020,12,202012,97,EUR,European Union,M,Import,0,W00,World,0,W00,World,H5,HS,True,8509,"Electro-mechanical domestic appliances; with self-contained electric motor, other than vacuum cleaners of heading 85.08.",4,False,C00,TOTAL CPC,0,0,TOTAL MOT,-1,N/A,0.0,True,-1,N/A,0.0,False,19486731.148,True,0.0,False,244637998.352,,244637998.352,6,False,True
C,M,20201201,2020,12,202012,97,EUR,European Union,M,Import,0,W00,World,0,W00,World,H5,HS,True,8516,"Electric water, space, soil heaters; electro-thermic hair-dressing apparatus; hand dryers, irons; electro-thermic appliances for domestic purposes; electro heating resistors, not of heading no. 8545",4,False,C00,TOTAL CPC,0,0,TOTAL MOT,-1,N/A,0.0,False,-1,N/A,0.0,False,106499198.547,True,0.0,False,778988524.584,,778988524.584,4,False,True
C,M,20201201,2020,12,202012,97,EUR,European Union,M,Import,0,W00,World,0,W00,World,H5,HS,True,9401,"Seats (not those of heading no. 9402), whether or not convertible into beds and parts thereof",4,False,C00,TOTAL CPC,0,0,TOTAL MOT,-1,N/A,0.0,False,-1,N/A,0.0,False,171871401.271,True,0.0,False,865927021.453,,865927021.453,4,False,True
C,M,20201201,2020,12,202012,97,EUR,European Union,M,Import,0,W00,World,0,W00,World,H5,HS,True,9403,"Furniture and parts thereof, n.e.c. in chapter 94",4,False,C00,TOTAL CPC,0,0,TOTAL MOT,-1,N/A,0.0,False,-1,N/A,0.0,False,273962238.536,True,0.0,False,755580594.133,,755580594.133,4,False,True
C,M,20201201,2020,12,202012,97,EUR,European Union,M,Import,0,W00,World,0,W00,World,H5,HS,True,9405,"Lamps, light fittings; including searchlights, spotlights and parts thereof, n.e.c.; illuminated signs, name-plates and the like, having permanently fixed light source and parts thereof n.e.c. or included",4,False,C00,TOTAL CPC,0,0,TOTAL MOT,8,kg,56334756.427,True,-1,N/A,0.0,False,56334756.427,True,0.0,False,624477938.991,,624477938.991,6,False,True
C,M,20201201,2020,12,202012,97,EUR,European Union,M,Import,0,W00,World,0,W00,World,H5,HS,True,9503,"Tricycles, scooters, pedal cars and similar wheeled toys; dolls' carriages; dolls; other toys; reduced-size (scale) models and similar recreational models, working or not; puzzles of all kinds",4,False,C00,TOTAL CPC,0,0,TOTAL MOT,8,kg,48795792.559,True,-1,N/A,0.0,False,48795792.559,True,0.0,False,557185644.53,,557185644.53,6,False,True
C,M,20210101,2021,1,202101,97,EUR,European Union,M,Import,0,W00,World,0,W00,World,H5,HS,True,3923,"Plastic articles for the conveyance or packing of goods; stoppers, lids, caps and other closures of plastics",4,False,C00,TOTAL CPC,0,0,TOTAL MOT,8,kg,93920824.95,True,-1,N/A,0.0,False,93920824.95,True,0.0,False,413709012.617,,413709012.617,6,False,True
C,M,20210101,2021,1,202101,97,EUR,European Union,M,Import,0,W00,World,0,W00,World,H5,HS,True,3924,"Tableware, kitchenware, other household articles and hygienic or toilet articles, of plastics",4,False,C00,TOTAL CPC,0,0,TOTAL MOT,8,kg,29118209.709,True,-1,N/A,0.0,False,29118209.709,True,0.0,False,149287367.388,,149287367.388,6,False,True
C,M,20210101,2021,1,202101,97,EUR,European Union,M,Import,0,W00,World,0,W00,World,H5,HS,True,3926,"Articles of plastics and articles of other materials of heading no. 3901 to 3914, n.e.c. in chapter 39",4,False,C00,TOTAL CPC,0,0,TOTAL MOT,8,kg,104707455.075,True,-1,N/A,0.0,False,104707455.075,True,0.0,False,993773757.366,,993773757.366,6,False,True
C,M,20210101,2021,1,202101,97,EUR,European Union,M,Import,0,W00,World,0,W00,World,H5,HS,True,8414,"Air or vacuum pumps, air or other gas compressors and fans; ventilating or recycling hoods incorporating a fan whether or not fitted with filters",4,False,C00,TOTAL CPC,0,0,TOTAL MOT,-1,N/A,0.0,True,-1,N/A,0.0,False,64981836.37,True,0.0,False,641665361.172,,641665361.172,6,False,True
C,M,20210101,2021,1,202101,97,EUR,European Union,M,Import,0,W00,World,0,W00,World,H5,HS,True,8415,"Air conditioning machines; comprising a motor driven fan and elements for changing the temperature and humidity, including those machines in which the humidity cannot be separately regulated",4,False,C00,TOTAL CPC,0,0,TOTAL MOT,-1,N/A,0.0,False,-1,N/A,0.0,False,33094007.899,True,0.0,False,400463318.341,,400463318.341,4,False,True
C,M,20210101,2021,1,202101,97,EUR,European Union,M,Import,0,W00,World,0,W00,World,H5,HS,True,8418,"Refrigerators, freezers and other refrigerating or freezing equipment, electric or other; heat pumps other than air conditioning machines of heading no. 8415",4,False,C00,TOTAL CPC,0,0,TOTAL MOT,-1,N/A,0.0,True,-1,N/A,0.0,False,,False,0.0,False,491005121.904,,491005121.904,2,False,True
C,M,20210101,2021,1,202101,97,EUR,European Union,M,Import,0,W00,World,0,W00,World,H5,HS,True,8450,Household or laundry-type washing machines; including machines which both wash and dry,4,False,C00,TOTAL CPC,0,0,TOTAL MOT,-1,N/A,0.0,True,-1,N/A,0.0,False,47096490.905,True,0.0,False,145337498.149,,145337498.149,6,False,True
C,M,20210101,2021,1,202101,97,EUR,European Union,M,Import,0,W00,World,0,W00,World,H5,HS,True,8508,Vacuum cleaners,4,False,C00,TOTAL CPC,0,0,TOTAL MOT,-1,N/A,0.0,True,-1,N/A,0.0,False,21573080.055,True,0.0,False,347867276.081,,347867276.081,6,False,True
C,M,20210101,2021,1,202101,97,EUR,European Union,M,Import,0,W00,World,0,W00,World,H5,HS,True,8509,"Electro-mechanical domestic appliances; with self-contained electric motor, other than vacuum cleaners of heading 85.08.",4,False,C00,TOTAL CPC,0,0,TOTAL MOT,-1,N/A,0.0,False,-1,N/A,0.0,False,18585975.715,True,0.0,False,215909155.608,,215909155.608,4,False,True
C,M,20210101,2021,1,202101,97,EUR,European Union,M,Import,0,W00,World,0,W00,World,H5,HS,True,8516,"Electric water, space, soil heaters; electro-thermic hair-dressing apparatus; hand dryers, irons; electro-thermic appliances for domestic purposes; electro heating resistors, not of heading no. 8545",4,False,C00,TOTAL CPC,0,0,TOTAL MOT,-1,N/A,0.0,False,-1,N/A,0.0,False,103443988.456,True,0.0,False,754000449.4,,754000449.4,4,False,True
C,M,20210101,2021,1,202101,97,EUR,European Union,M,Import,0,W00,World,0,W00,World,H5,HS,True,9401,"Seats (not those of heading no. 9402), whether or not convertible into beds and parts thereof",4,False,C00,TOTAL CPC,0,0,TOTAL MOT,-1,N/A,0.0,False,-1,N/A,0.0,False,188573164.348,True,0.0,False,966001334.517,,966001334.517,4,False,True
C,M,20210101,2021,1,202101,97,EUR,European Union,M,Import,0,W00,World,0,W00,World,H5,HS,True,9403,"Furniture and parts thereof, n.e.c. in chapter 94",4,False,C00,TOTAL CPC,0,0,TOTAL MOT,-1,N/A,0.0,False,-1,N/A,0.0,False,283195380.197,True,0.0,False,816425046.972,,816425046.972,4,False,True
C,M,20210101,2021,1,202101,97,EUR,European Union,M,Import,0,W00,World,0,W00,World,H5,HS,True,9405,"Lamps, light fittings; including searchlights, spotlights and parts thereof, n.e.c.; illuminated signs, name-plates and the like, having permanently fixed light source and parts thereof n.e.c. or included",4,False,C00,TOTAL CPC,0,0,TOTAL MOT,8,kg,62563371.28,True,-1,N/A,0.0,False,62563371.28,True,0.0,False,688882426.9,,688882426.9,6,False,True
C,M,20210101,2021,1,202101,97,EUR,European Union,M,Import,0,W00,World,0,W00,World,H5,HS,True,9503,"Tricycles, scooters, pedal cars and similar wheeled toys; dolls' carriages; dolls; other toys; reduced-size (scale) models and similar recreational models, working or not; puzzles of all kinds",4,False,C00,TOTAL CPC,0,0,TOTAL MOT,8,kg,40976421.381,True,-1,N/A,0.0,False,40976421.381,True,0.0,False,433480525.581,,433480525.581,6,False,True
C,M,20210201,2021,2,202102,97,EUR,European Union,M,Import,0,W00,World,0,W00,World,H5,HS,True,3923,"Plastic articles for the conveyance or packing of goods; stoppers, lids, caps and other closures of plastics",4,False,C00,TOTAL CPC,0,0,TOTAL MOT,8,kg,99058028.942,True,-1,N/A,0.0,False,99058028.942,True,0.0,False,458997527.104,,458997527.104,6,False,True
C,M,20210201,2021,2,202102,97,EUR,European Union,M,Import,0,W00,World,0,W00,World,H5,HS,True,3924,"Tableware, kitchenware, other household articles and hygienic or toilet articles, of plastics",4,False,C00,TOTAL CPC,0,0,TOTAL MOT,8,kg,28928432.739,True,-1,N/A,0.0,False,28928432.739,True,0.0,False,156197868.123,,156197868.123,6,False,True
C,M,20210201,2021,2,202102,97,EUR,European Union,M,Import,0,W00,World,0,W00,World,H5,HS,True,3926,"Articles of plastics and articles of other materials of heading no. 3901 to 3914, n.e.c. in chapter 39",4,False,C00,TOTAL CPC,0,0,TOTAL MOT,8,kg,102382510.921,True,-1,N/A,0.0,False,102382510.921,True,0.0,False,1007520273.957,,1007520273.957,6,False,True
C,M,20210201,2021,2,202102,97,EUR,European Union,M,Import,0,W00,World,0,W00,World,H5,HS,True,8414,"Air or vacuum pumps, air or other gas compressors and fans; ventilating or recycling hoods incorporating a fan whether or not fitted with filters",4,False,C00,TOTAL CPC,0,0,TOTAL MOT,-1,N/A,0.0,True,-1,N/A,0.0,False,68541393.528,True,0.0,False,703739298.657,,703739298.657,6,False,True
C,M,20210201,2021,2,202102,97,EUR,European Union,M,Import,0,W00,World,0,W00,World,H5,HS,True,8415,"Air conditioning machines; comprising a motor driven fan and elements for changing the temperature and humidity, including those machines in which the humidity cannot be separately regulated",4,False,C00,TOTAL CPC,0,0,TOTAL MOT,-1,N/A,0.0,False,-1,N/A,0.0,False,,False,0.0,False,522396401.474,,522396401.474,0,False,True
C,M,20210201,2021,2,202102,97,EUR,European Union,M,Import,0,W00,World,0,W00,World,H5,HS,True,8418,"Refrigerators, freezers and other refrigerating or freezing equipment, electric or other; heat pumps other than air conditioning machines of heading no. 8415",4,False,C00,TOTAL CPC,0,0,TOTAL MOT,-1,N/A,0.0,True,-1,N/A,0.0,False,85827919.848,True,0.0,False,494864503.927,,494864503.927,6,False,True
C,M,20210201,2021,2,202102,97,EUR,European Union,M,Import,0,W00,World,0,W00,World,H5,HS,True,8450,Household or laundry-type washing machines; including machines which both wash and dry,4,False,C00,TOTAL CPC,0,0,TOTAL MOT,-1,N/A,0.0,True,-1,N/A,0.0,False,41085809.227,True,0.0,False,131220823.245,,131220823.245,6,False,True
C,M,20210201,2021,2,202102,97,EUR,European Union,M,Import,0,W00,World,0,W00,World,H5,HS,True,8508,Vacuum cleaners,4,False,C00,TOTAL CPC,0,0,TOTAL MOT,-1,N/A,0.0,True,-1,N/A,0.0,False,18986751.306,True,0.0,False,280491097.507,,280491097.507,6,False,True
C,M,20210201,2021,2,202102,97,EUR,European Union,M,Import,0,W00,World,0,W00,World,H5,HS,True,8509,"Electro-mechanical domestic appliances; with self-contained electric motor, other than vacuum cleaners of heading 85.08.",4,False,C00,TOTAL CPC,0,0,TOTAL MOT,-1,N/A,0.0,False,-1,N/A,0.0,False,17398402.204,True,0.0,False,216152816.363,,216152816.363,4,False,True
C,M,20210201,2021,2,202102,97,EUR,European Union,M,Import,0,W00,World,0,W00,World,H5,HS,True,8516,"Electric water, space, soil heaters; electro-thermic hair-dressing apparatus; hand dryers, irons; electro-thermic appliances for domestic purposes; electro heating resistors, not of heading no. 8545",4,False,C00,TOTAL CPC,0,0,TOTAL MOT,-1,N/A,0.0,False,-1,N/A,0.0,False,92160168.996,True,0.0,False,726963890.133,,726963890.133,4,False,True
C,M,20210201,2021,2,202102,97,EUR,European Union,M,Import,0,W00,World,0,W00,World,H5,HS,True,9401,"Seats (not those of heading no. 9402), whether or not convertible into beds and parts thereof",4,False,C00,TOTAL CPC,0,0,TOTAL MOT,-1,N/A,0.0,False,-1,N/A,0.0,False,196125947.517,True,0.0,False,1066635696.894,,1066635696.894,4,False,True
C,M,20210201,2021,2,202102,97,EUR,European Union,M,Import,0,W00,World,0,W00,World,H5,HS,True,9403,"Furniture and parts thereof, n.e.c. in chapter 94",4,False,C00,TOTAL CPC,0,0,TOTAL MOT,-1,N/A,0.0,False,-1,N/A,0.0,False,282255508.487,True,0.0,False,860285635.901,,860285635.901,4,False,True
C,M,20210201,2021,2,202102,97,EUR,European Union,M,Import,0,W00,World,0,W00,World,H5,HS,True,9405,"Lamps, light fittings; including searchlights, spotlights and parts thereof, n.e.c.; illuminated signs, name-plates and the like, having permanently fixed light source and parts thereof n.e.c. or included",4,False,C00,TOTAL CPC,0,0,TOTAL MOT,8,kg,62167229.298,True,-1,N/A,0.0,False,62167229.298,True,0.0,False,704636603.529,,704636603.529,6,False,True
C,M,20210201,2021,2,202102,97,EUR,European Union,M,Import,0,W00,World,0,W00,World,H5,HS,True,9503,"Tricycles, scooters, pedal cars and similar wheeled toys; dolls' carriages; dolls; other toys; reduced-size (scale) models and similar recreational models, working or not; puzzles of all kinds",4,False,C00,TOTAL CPC,0,0,TOTAL MOT,8,kg,45269726.258,True,-1,N/A,0.0,False,45269726.258,True,0.0,False,476878773.759,,476878773.759,6,False,True
C,M,20210301,2021,3,202103,97,EUR,European Union,M,Import,0,W00,World,0,W00,World,H5,HS,True,3923,"Plastic articles for the conveyance or packing of goods; stoppers, lids, caps and other closures of plastics",4,False,C00,TOTAL CPC,0,0,TOTAL MOT,8,kg,127593182.975,True,-1,N/A,0.0,False,127593182.975,True,0.0,False,548231910.407,,548231910.407,6,False,True
C,M,20210301,2021,3,202103,97,EUR,European Union,M,Import,0,W00,World,0,W00,World,H5,HS,True,3924,"Tableware, kitchenware, other household articles and hygienic or toilet articles, of plastics",4,False,C00,TOTAL CPC,0,0,TOTAL MOT,8,kg,34152696.881,True,-1,N/A,0.0,False,34152696.881,True,0.0,False,184257123.072,,184257123.072,6,False,True
C,M,20210301,2021,3,202103,97,EUR,European Union,M,Import,0,W00,World,0,W00,World,H5,HS,True,3926,"Articles of plastics and articles of other materials of heading no. 3901 to 3914, n.e.c. in chapter 39",4,False,C00,TOTAL CPC,0,0,TOTAL MOT,8,kg,120073329.849,True,-1,N/A,0.0,False,120073329.849,True,0.0,False,1165290669.272,,1165290669.272,6,False,True
C,M,20210301,2021,3,202103,97,EUR,European Union,M,Import,0,W00,World,0,W00,World,H5,HS,True,8414,"Air or vacuum pumps, air or other gas compressors and fans; ventilating or recycling hoods incorporating a fan whether or not fitted with filters",4,False,C00,TOTAL CPC,0,0,TOTAL MOT,-1,N/A,0.0,True,-1,N/A,0.0,False,91265097.912,True,0.0,False,887904057.012,,887904057.012,6,False,True
C,M,20210301,2021,3,202103,97,EUR,European Union,M,Import,0,W00,World,0,W00,World,H5,HS,True,8415,"Air conditioning machines; comprising a motor driven fan and elements for changing the temperature and humidity, including those machines in which the humidity cannot be separately regulated",4,False,C00,TOTAL CPC,0,0,TOTAL MOT,-1,N/A,0.0,False,-1,N/A,0.0,False,75360583.899,True,0.0,False,735460264.81,,735460264.81,4,False,True
C,M,20210301,2021,3,202103,97,EUR,European Union,M,Import,0,W00,World,0,W00,World,H5,HS,True,8418,"Refrigerators, freezers and other refrigerating or freezing equipment, electric or other; heat pumps other than air conditioning machines of heading no. 8415",4,False,C00,TOTAL CPC,0,0,TOTAL MOT,-1,N/A,0.0,True,-1,N/A,0.0,False,106797565.447,True,0.0,False,599912397.448,,599912397.448,6,False,True
C,M,20210301,2021,3,202103,97,EUR,European Union,M,Import,0,W00,World,0,W00,World,H5,HS,True,8450,Household or laundry-type washing machines; including machines which both wash and dry,4,False,C00,TOTAL CPC,0,0,TOTAL MOT,-1,N/A,0.0,True,-1,N/A,0.0,False,51396432.771,True,0.0,False,163175739.731,,163175739.731,6,False,True
C,M,20210301,2021,3,202103,97,EUR,European Union,M,Import,0,W00,World,0,W00,World,H5,HS,True,8508,Vacuum cleaners,4,False,C00,TOTAL CPC,0,0,TOTAL MOT,-1,N/A,0.0,True,-1,N/A,0.0,False,22174043.944,True,0.0,False,350520958.666,,350520958.666,6,False,True
C,M,20210301,2021,3,202103,97,EUR,European Union,M,Import,0,W00,World,0,W00,World,H5,HS,True,8509,"Electro-mechanical domestic appliances; with self-contained electric motor, other than vacuum cleaners of heading 85.08.",4,False,C00,TOTAL CPC,0,0,TOTAL MOT,-1,N/A,0.0,False,-1,N/A,0.0,False,20084614.732,True,0.0,False,237277207.285,,237277207.285,4,False,True
C,M,20210301,2021,3,202103,97,EUR,European Union,M,Import,0,W00,World,0,W00,World,H5,HS,True,8516,"Electric water, space, soil heaters; electro-thermic hair-dressing apparatus; hand dryers, irons; electro-thermic appliances for domestic purposes; electro heating resistors, not of heading no. 8545",4,False,C00,TOTAL CPC,0,0,TOTAL MOT,-1,N/A,0.0,False,-1,N/A,0.0,False,102924269.887,True,0.0,False,787973456.118,,787973456.118,4,False,True
C,M,20210301,2021,3,202103,97,EUR,European Union,M,Import,0,W00,World,0,W00,World,H5,HS,True,9401,"Seats (not those of heading no. 9402), whether or not convertible into beds and parts thereof",4,False,C00,TOTAL CPC,0,0,TOTAL MOT,-1,N/A,0.0,False,-1,N/A,0.0,False,207078287.206,True,0.0,False,1152666132.212,,1152666132.212,4,False,True
C,M,20210301,2021,3,202103,97,EUR,European Union,M,Import,0,W00,World,0,W00,World,H5,HS,True,9403,"Furniture and parts thereof, n.e.c. in chapter 94",4,False,C00,TOTAL CPC,0,0,TOTAL MOT,-1,N/A,0.0,False,-1,N/A,0.0,False,323832086.559,True,0.0,False,1008867780.917,,1008867780.917,4,False,True
C,M,20210301,2021,3,202103,97,EUR,European Union,M,Import,0,W00,World,0,W00,World,H5,HS,True,9405,"Lamps, light fittings; including searchlights, spotlights and parts thereof, n.e.c.; illuminated signs, name-plates and the like, having permanently fixed light source and parts thereof n.e.c. or included",4,False,C00,TOTAL CPC,0,0,TOTAL MOT,8,kg,71067305.021,True,-1,N/A,0.0,False,71067305.021,True,0.0,False,816231035.469,,816231035.469,6,False,True
C,M,20210301,2021,3,202103,97,EUR,European Union,M,Import,0,W00,World,0,W00,World,H5,HS,True,9503,"Tricycles, scooters, pedal cars and similar wheeled toys; dolls' carriages; dolls; other toys; reduced-size (scale) models and similar recreational models, working or not; puzzles of all kinds",4,False,C00,TOTAL CPC,0,0,TOTAL MOT,8,kg,56456228.145,True,-1,N/A,0.0,False,56456228.145,True,0.0,False,597880373.19,,597880373.19,6,False,True
C,M,20210401,2021,4,202104,97,EUR,European Union,M,Import,0,W00,World,0,W00,World,H5,HS,True,3923,"Plastic articles for the conveyance or packing of goods; stoppers, lids, caps and other closures of plastics",4,False,C00,TOTAL CPC,0,0,TOTAL MOT,8,kg,105370486.53,True,-1,N/A,0.0,False,105370486.53,True,0.0,False,506108433.902,,506108433.902,6,False,True
C,M,20210401,2021,4,202104,97,EUR,European Union,M,Import,0,W00,World,0,W00,World,H5,HS,True,3924,"Tableware, kitchenware, other household articles and hygienic or toilet articles, of plastics",4,False,C00,TOTAL CPC,0,0,TOTAL MOT,8,kg,26709378.187,True,-1,N/A,0.0,False,26709378.187,True,0.0,False,141823429.103,,141823429.103,6,False,True
C,M,20210401,2021,4,202104,97,EUR,European Union,M,Import,0,W00,World,0,W00,World,H5,HS,True,3926,"Articles of plastics and articles of other materials of heading no. 3901 to 3914, n.e.c. in chapter 39",4,False,C00,TOTAL CPC,0,0,TOTAL MOT,8,kg,105077694.894,True,-1,N/A,0.0,False,105077694.894,True,0.0,False,1076103778.767,,1076103778.767,6,False,True
C,M,20210401,2021,4,202104,97,EUR,European Union,M,Import,0,W00,World,0,W00,World,H5,HS,True,8414,"Air or vacuum pumps, air or other gas compressors and fans; ventilating or recycling hoods incorporating a fan whether or not fitted with filters",4,False,C00,TOTAL CPC,0,0,TOTAL MOT,-1,N/A,0.0,True,-1,N/A,0.0,False,83340227.572,True,0.0,False,813778081.019,,813778081.019,6,False,True
C,M,20210401,2021,4,202104,97,EUR,European Union,M,Import,0,W00,World,0,W00,World,H5,HS,True,8415,"Air conditioning machines; comprising a motor driven fan and elements for changing the temperature and humidity, including those machines in which the humidity cannot be separately regulated",4,False,C00,TOTAL CPC,0,0,TOTAL MOT,-1,N/A,0.0,False,-1,N/A,0.0,False,,False,0.0,False,850279953.606,,850279953.606,0,False,True
C,M,20210401,2021,4,202104,97,EUR,European Union,M,Import,0,W00,World,0,W00,World,H5,HS,True,8418,"Refrigerators, freezers and other refrigerating or freezing equipment, electric or other; heat pumps other than air conditioning machines of heading no. 8415",4,False,C00,TOTAL CPC,0,0,TOTAL MOT,-1,N/A,0.0,True,-1,N/A,0.0,False,106902272.357,True,0.0,False,600575384.107,,600575384.107,6,False,True
C,M,20210401,2021,4,202104,97,EUR,European Union,M,Import,0,W00,World,0,W00,World,H5,HS,True,8450,Household or laundry-type washing machines; including machines which both wash and dry,4,False,C00,TOTAL CPC,0,0,TOTAL MOT,-1,N/A,0.0,True,-1,N/A,0.0,False,57553574.636,True,0.0,False,183184489.439,,183184489.439,6,False,True
C,M,20210401,2021,4,202104,97,EUR,European Union,M,Import,0,W00,World,0,W00,World,H5,HS,True,8508,Vacuum cleaners,4,False,C00,TOTAL CPC,0,0,TOTAL MOT,-1,N/A,0.0,True,-1,N/A,0.0,False,22696735.914,True,0.0,False,381774980.744,,381774980.744,6,False,True
C,M,20210401,2021,4,202104,97,EUR,European Union,M,Import,0,W00,World,0,W00,World,H5,HS,True,8509,"Electro-mechanical domestic appliances; with self-contained electric motor, other than vacuum cleaners of heading 85.08.",4,False,C00,TOTAL CPC,0,0,TOTAL MOT,-1,N/A,0.0,False,-1,N/A,0.0,False,18755790.834,True,0.0,False,224977671.85,,224977671.85,4,False,True
C,M,20210401,2021,4,202104,97,EUR,European Union,M,Import,0,W00,World,0,W00,World,H5,HS,True,8516,"Electric water, space, soil heaters; electro-thermic hair-dressing apparatus; hand dryers, irons; electro-thermic appliances for domestic purposes; electro heating resistors, not of heading no. 8545",4,False,C00,TOTAL CPC,0,0,TOTAL MOT,-1,N/A,0.0,False,-1,N/A,0.0,False,89170552.001,True,0.0,False,709457124.351,,709457124.351,4,False,True
C,M,20210401,2021,4,202104,97,EUR,European Union,M,Import,0,W00,World,0,W00,World,H5,HS,True,9401,"Seats (not those of heading no. 9402), whether or not convertible into beds and parts thereof",4,False,C00,TOTAL CPC,0,0,TOTAL MOT,-1,N/A,0.0,False,-1,N/A,0.0,False,182880374.142,True,0.0,False,1030392780.192,,1030392780.192,4,False,True
C,M,20210401,2021,4,202104,97,EUR,European Union,M,Import,0,W00,World,0,W00,World,H5,HS,True,9403,"Furniture and parts thereof, n.e.c. in chapter 94",4,False,C00,TOTAL CPC,0,0,TOTAL MOT,-1,N/A,0.0,False,-1,N/A,0.0,False,279623748.624,True,0.0,False,876165714.181,,876165714.181,4,False,True
C,M,20210401,2021,4,202104,97,EUR,European Union,M,Import,0,W00,World,0,W00,World,H5,HS,True,9405,"Lamps, light fittings; including searchlights, spotlights and parts thereof, n.e.c.; illuminated signs, name-plates and the like, having permanently fixed light source and parts thereof n.e.c. or included",4,False,C00,TOTAL CPC,0,0,TOTAL MOT,8,kg,48758425.566,True,-1,N/A,0.0,False,48758425.566,True,0.0,False,594223988.621,,594223988.621,6,False,True
C,M,20210401,2021,4,202104,97,EUR,European Union,M,Import,0,W00,World,0,W00,World,H5,HS,True,9503,"Tricycles, scooters, pedal cars and similar wheeled toys; dolls' carriages; dolls; other toys; reduced-size (scale) models and similar recreational models, working or not; puzzles of all kinds",4,False,C00,TOTAL CPC,0,0,TOTAL MOT,8,kg,44597527.353,True,-1,N/A,0.0,False,44597527.353,True,0.0,False,468347946.027,,468347946.027,6,False,True
C,M,20210501,2021,5,202105,97,EUR,European Union,M,Import,0,W00,World,0,W00,World,H5,HS,True,3923,"Plastic articles for the conveyance or packing of goods; stoppers, lids, caps and other closures of plastics",4,False,C00,TOTAL CPC,0,0,TOTAL MOT,8,kg,105284293.771,True,-1,N/A,0.0,False,105284293.771,True,0.0,False,521879960.612,,521879960.612,6,False,True
C,M,20210501,2021,5,202105,97,EUR,European Union,M,Import,0,W00,World,0,W00,World,H5,HS,True,3924,"Tableware, kitchenware, other household articles and hygienic or toilet articles, of plastics",4,False,C00,TOTAL CPC,0,0,TOTAL MOT,8,kg,29595477.386,True,-1,N/A,0.0,False,29595477.386,True,0.0,False,160130904.317,,160130904.317,6,False,True
C,M,20210501,2021,5,202105,97,EUR,European Union,M,Import,0,W00,World,0,W00,World,H5,HS,True,3926,"Articles of plastics and articles of other materials of heading no. 3901 to 3914, n.e.c. in chapter 39",4,False,C00,TOTAL CPC,0,0,TOTAL MOT,8,kg,108188582.542,True,-1,N/A,0.0,False,108188582.542,True,0.0,False,1041468354.6,,1041468354.6,6,False,True
C,M,20210501,2021,5,202105,97,EUR,European Union,M,Import,0,W00,World,0,W00,World,H5,HS,True,8414,"Air or vacuum pumps, air or other gas compressors and fans; ventilating or recycling hoods incorporating a fan whether or not fitted with filters",4,False,C00,TOTAL CPC,0,0,TOTAL MOT,-1,N/A,0.0,True,-1,N/A,0.0,False,84274732.507,True,0.0,False,807322589.256,,807322589.256,6,False,True
C,M,20210501,2021,5,202105,97,EUR,European Union,M,Import,0,W00,World,0,W00,World,H5,HS,True,8415,"Air conditioning machines; comprising a motor driven fan and elements for changing the temperature and humidity, including those machines in which the humidity cannot be separately regulated",4,False,C00,TOTAL CPC,0,0,TOTAL MOT,-1,N/A,0.0,False,-1,N/A,0.0,False,86592340.67,True,0.0,False,800198861.897,,800198861.897,4,False,True
C,M,20210501,2021,5,202105,97,EUR,European Union,M,Import,0,W00,World,0,W00,World,H5,HS,True,8418,"Refrigerators, freezers and other refrigerating or freezing equipment, electric or other; heat pumps other than air conditioning machines of heading no. 8415",4,False,C00,TOTAL CPC,0,0,TOTAL MOT,-1,N/A,0.0,True,-1,N/A,0.0,False,111016278.809,True,0.0,False,635619745.897,,635619745.897,6,False,True
C,M,20210501,2021,5,202105,97,EUR,European Union,M,Import,0,W00,World,0,W00,World,H5,HS,True,8450,Household or laundry-type washing machines; including machines which both wash and dry,4,False,C00,TOTAL CPC,0,0,TOTAL MOT,-1,N/A,0.0,True,-1,N/A,0.0,False,50358029.429,True,0.0,False,166657613.091,,166657613.091,6,False,True
C,M,20210501,2021,5,202105,97,EUR,European Union,M,Import,0,W00,World,0,W00,World,H5,HS,True,8508,Vacuum cleaners,4,False,C00,TOTAL CPC,0,0,TOTAL MOT,-1,N/A,0.0,True,-1,N/A,0.0,False,21074054.075,True,0.0,False,359454704.614,,359454704.614,6,False,True
C,M,20210501,2021,5,202105,97,EUR,European Union,M,Import,0,W00,World,0,W00,World,H5,HS,True,8509,"Electro-mechanical domestic appliances; with self-contained electric motor, other than vacuum cleaners of heading 85.08.",4,False,C00,TOTAL CPC,0,0,TOTAL MOT,-1,N/A,0.0,False,-1,N/A,0.0,False,20313839.938,True,0.0,False,234689420.896,,234689420.896,4,False,True
C,M,20210501,2021,5,202105,97,EUR,European Union,M,Import,0,W00,World,0,W00,World,H5,HS,True,8516,"Electric water, space, soil heaters; electro-thermic hair-dressing apparatus; hand dryers, irons; electro-thermic appliances for domestic purposes; electro heating resistors, not of heading no. 8545",4,False,C00,TOTAL CPC,0,0,TOTAL MOT,-1,N/A,0.0,False,-1,N/A,0.0,False,97059227.176,True,0.0,False,736774122.062,,736774122.062,4,False,True
C,M,20210501,2021,5,202105,97,EUR,European Union,M,Import,0,W00,World,0,W00,World,H5,HS,True,9401,"Seats (not those of heading no. 9402), whether or not convertible into beds and parts thereof",4,False,C00,TOTAL CPC,0,0,TOTAL MOT,-1,N/A,0.0,False,-1,N/A,0.0,False,203631313.076,True,0.0,False,1132835349.419,,1132835349.419,4,False,True
C,M,20210501,2021,5,202105,97,EUR,European Union,M,Import,0,W00,World,0,W00,World,H5,HS,True,9403,"Furniture and parts thereof, n.e.c. in chapter 94",4,False,C00,TOTAL CPC,0,0,TOTAL MOT,-1,N/A,0.0,True,-1,N/A,0.0,False,289300705.636,True,0.0,False,919221864.306,,919221864.306,6,False,True
C,M,20210501,2021,5,202105,97,EUR,European Union,M,Import,0,W00,World,0,W00,World,H5,HS,True,9405,"Lamps, light fittings; including searchlights, spotlights and parts thereof, n.e.c.; illuminated signs, name-plates and the like, having permanently fixed light source and parts thereof n.e.c. or included",4,False,C00,TOTAL CPC,0,0,TOTAL MOT,8,kg,53809848.783,True,-1,N/A,0.0,False,53809848.783,True,0.0,False,656162080.508,,656162080.508,6,False,True
C,M,20210501,2021,5,202105,97,EUR,European Union,M,Import,0,W00,World,0,W00,World,H5,HS,True,9503,"Tricycles, scooters, pedal cars and similar wheeled toys; dolls' carriages; dolls; other toys; reduced-size (scale) models and similar recreational models, working or not; puzzles of all kinds",4,False,C00,TOTAL CPC,0,0,TOTAL MOT,8,kg,48139989.021,True,-1,N/A,0.0,False,48139989.021,True,0.0,False,478388366.607,,478388366.607,6,False,True
C,M,20210601,2021,6,202106,97,EUR,European Union,M,Import,0,W00,World,0,W00,World,H5,HS,True,3923,"Plastic articles for the conveyance or packing of goods; stoppers, lids, caps and other closures of plastics",4,False,C00,TOTAL CPC,0,0,TOTAL MOT,8,kg,111354602.311,True,-1,N/A,0.0,False,111354602.311,True,0.0,False,547377691.457,,547377691.457,6,False,True
C,M,20210601,2021,6,202106,97,EUR,European Union,M,Import,0,W00,World,0,W00,World,H5,HS,True,3924,"Tableware, kitchenware, other household articles and hygienic or toilet articles, of plastics",4,False,C00,TOTAL CPC,0,0,TOTAL MOT,8,kg,34384911.934,True,-1,N/A,0.0,False,34384911.934,True,0.0,False,187046099.307,,187046099.307,6,False,True
C,M,20210601,2021,6,202106,97,EUR,European Union,M,Import,0,W00,World,0,W00,World,H5,HS,True,3926,"Articles of plastics and articles of other materials of heading no. 3901 to 3914, n.e.c. in chapter 39",4,False,C00,TOTAL CPC,0,0,TOTAL MOT,8,kg,109679391.424,True,-1,N/A,0.0,False,109679391.424,True,0.0,False,1051771163.805,,1051771163.805,6,False,True
C,M,20210601,2021,6,202106,97,EUR,European Union,M,Import,0,W00,World,0,W00,World,H5,HS,True,8414,"Air or vacuum pumps, air or other gas compressors and fans; ventilating or recycling hoods incorporating a fan whether or not fitted with filters",4,False,C00,TOTAL CPC,0,0,TOTAL MOT,-1,N/A,0.0,True,-1,N/A,0.0,False,82148350.251,True,0.0,False,817219226.424,,817219226.424,6,False,True
C,M,20210601,2021,6,202106,97,EUR,European Union,M,Import,0,W00,World,0,W00,World,H5,HS,True,8415,"Air conditioning machines; comprising a motor driven fan and elements for changing the temperature and humidity, including those machines in which the humidity cannot be separately regulated",4,False,C00,TOTAL CPC,0,0,TOTAL MOT,-1,N/A,0.0,False,-1,N/A,0.0,False,83894517.186,True,0.0,False,786520353.532,,786520353.532,4,False,True
C,M,20210601,2021,6,202106,97,EUR,European Union,M,Import,0,W00,World,0,W00,World,H5,HS,True,8418,"Refrigerators, freezers and other refrigerating or freezing equipment, electric or other; heat pumps other than air conditioning machines of heading no. 8415",4,False,C00,TOTAL CPC,0,0,TOTAL MOT,-1,N/A,0.0,True,-1,N/A,0.0,False,118029078.367,True,0.0,False,676423006.572,,676423006.572,6,False,True
C,M,20210601,2021,6,202106,97,EUR,European Union,M,Import,0,W00,World,0,W00,World,H5,HS,True,8450,Household or laundry-type washing machines; including machines which both wash and dry,4,False,C00,TOTAL CPC,0,0,TOTAL MOT,-1,N/A,0.0,True,-1,N/A,0.0,False,47079930.416,True,0.0,False,154751069.996,,154751069.996,6,False,True
C,M,20210601,2021,6,202106,97,EUR,European Union,M,Import,0,W00,World,0,W00,World,H5,HS,True,8508,Vacuum cleaners,4,False,C00,TOTAL CPC,0,0,TOTAL MOT,-1,N/A,0.0,True,-1,N/A,0.0,False,21848803.024,True,0.0,False,314392574.623,,314392574.623,6,False,True
C,M,20210601,2021,6,202106,97,EUR,European Union,M,Import,0,W00,World,0,W00,World,H5,HS,True,8509,"Electro-mechanical domestic appliances; with self-contained electric motor, other than vacuum cleaners of heading 85.08.",4,False,C00,TOTAL CPC,0,0,TOTAL MOT,-1,N/A,0.0,False,-1,N/A,0.0,False,19838405.023,True,0.0,False,241185854.716,,241185854.716,4,False,True
C,M,20210601,2021,6,202106,97,EUR,European Union,M,Import,0,W00,World,0,W00,World,H5,HS,True,8516,"Electric water, space, soil heaters; electro-thermic hair-dressing apparatus; hand dryers, irons; electro-thermic appliances for domestic purposes; electro heating resistors, not of heading no. 8545",4,False,C00,TOTAL CPC,0,0,TOTAL MOT,-1,N/A,0.0,False,-1,N/A,0.0,False,100826668.626,True,0.0,False,777459589.492,,777459589.492,4,False,True
C,M,20210601,2021,6,202106,97,EUR,European Union,M,Import,0,W00,World,0,W00,World,H5,HS,True,9401,"Seats (not those of heading no. 9402), whether or not convertible into beds and parts thereof",4,False,C00,TOTAL CPC,0,0,TOTAL MOT,-1,N/A,0.0,False,-1,N/A,0.0,False,203341747.357,True,0.0,False,1136904160.362,,1136904160.362,4,False,True
C,M,20210601,2021,6,202106,97,EUR,European Union,M,Import,0,W00,World,0,W00,World,H5,HS,True,9403,"Furniture and parts thereof, n.e.c. in chapter 94",4,False,C00,TOTAL CPC,0,0,TOTAL MOT,-1,N/A,0.0,False,-1,N/A,0.0,False,294062875.06,True,0.0,False,930870048.371,,930870048.371,4,False,True
C,M,20210601,2021,6,202106,97,EUR,European Union,M,Import,0,W00,World,0,W00,World,H5,HS,True,9405,"Lamps, light fittings; including searchlights, spotlights and parts thereof, n.e.c.; illuminated signs, name-plates and the like, having permanently fixed light source and parts thereof n.e.c. or included",4,False,C00,TOTAL CPC,0,0,TOTAL MOT,8,kg,59045199.089,True,-1,N/A,0.0,False,59045199.089,True,0.0,False,721016770.031,,721016770.031,6,False,True
C,M,20210601,2021,6,202106,97,EUR,European Union,M,Import,0,W00,World,0,W00,World,H5,HS,True,9503,"Tricycles, scooters, pedal cars and similar wheeled toys; dolls' carriages; dolls; other toys; reduced-size (scale) models and similar recreational models, working or not; puzzles of all kinds",4,False,C00,TOTAL CPC,0,0,TOTAL MOT,8,kg,50190107.195,True,-1,N/A,0.0,False,50190107.195,True,0.0,False,517690946.474,,517690946.474,6,False,True
C,M,20210701,2021,7,202107,97,EUR,European Union,M,Import,0,W00,World,0,W00,World,H5,HS,True,3923,"Plastic articles for the conveyance or packing of goods; stoppers, lids, caps and other closures of plastics",4,False,C00,TOTAL CPC,0,0,TOTAL MOT,8,kg,106484728.192,True,-1,N/A,0.0,False,106484728.192,True,0.0,False,535451263.702,,535451263.702,6,False,True
C,M,20210701,2021,7,202107,97,EUR,European Union,M,Import,0,W00,World,0,W00,World,H5,HS,True,3924,"Tableware, kitchenware, other household articles and hygienic or toilet articles, of plastics",4,False,C00,TOTAL CPC,0,0,TOTAL MOT,8,kg,29671301.43,True,-1,N/A,0.0,False,29671301.43,True,0.0,False,170337789.605,,170337789.605,6,False,True
C,M,20210701,2021,7,202107,97,EUR,European Union,M,Import,0,W00,World,0,W00,World,H5,HS,True,3926,"Articles of plastics and articles of other materials of heading no. 3901 to 3914, n.e.c. in chapter 39",4,False,C00,TOTAL CPC,0,0,TOTAL MOT,8,kg,102920132.203,True,-1,N/A,0.0,False,102920132.203,True,0.0,False,976563954.574,,976563954.574,6,False,True
C,M,20210701,2021,7,202107,97,EUR,European Union,M,Import,0,W00,World,0,W00,World,H5,HS,True,8414,"Air or vacuum pumps, air or other gas compressors and fans; ventilating or recycling hoods incorporating a fan whether or not fitted with filters",4,False,C00,TOTAL CPC,0,0,TOTAL MOT,-1,N/A,0.0,True,-1,N/A,0.0,False,70768277.682,True,0.0,False,724987711.448,,724987711.448,6,False,True
C,M,20210701,2021,7,202107,97,EUR,European Union,M,Import,0,W00,World,0,W00,World,H5,HS,True,8415,"Air conditioning machines; comprising a motor driven fan and elements for changing the temperature and humidity, including those machines in which the humidity cannot be separately regulated",4,False,C00,TOTAL CPC,0,0,TOTAL MOT,-1,N/A,0.0,False,-1,N/A,0.0,False,68764183.969,True,0.0,False,674993863.589,,674993863.589,4,False,True
C,M,20210701,2021,7,202107,97,EUR,European Union,M,Import,0,W00,World,0,W00,World,H5,HS,True,8418,"Refrigerators, freezers and other refrigerating or freezing equipment, electric or other; heat pumps other than air conditioning machines of heading no. 8415",4,False,C00,TOTAL CPC,0,0,TOTAL MOT,-1,N/A,0.0,True,-1,N/A,0.0,False,115386836.587,True,0.0,False,641899017.785,,641899017.785,6,False,True
C,M,20210701,2021,7,202107,97,EUR,European Union,M,Import,0,W00,World,0,W00,World,H5,HS,True,8450,Household or laundry-type washing machines; including machines which both wash and dry,4,False,C00,TOTAL CPC,0,0,TOTAL MOT,-1,N/A,0.0,True,-1,N/A,0.0,False,46077235.098,True,0.0,False,147072571.974,,147072571.974,6,False,True
C,M,20210701,2021,7,202107,97,EUR,European Union,M,Import,0,W00,World,0,W00,World,H5,HS,True,8508,Vacuum cleaners,4,False,C00,TOTAL CPC,0,0,TOTAL MOT,-1,N/A,0.0,True,-1,N/A,0.0,False,22434039.196,True,0.0,False,313670554.829,,313670554.829,6,False,True
C,M,20210701,2021,7,202107,97,EUR,European Union,M,Import,0,W00,World,0,W00,World,H5,HS,True,8509,"Electro-mechanical domestic appliances; with self-contained electric motor, other than vacuum cleaners of heading 85.08.",4,False,C00,TOTAL CPC,0,0,TOTAL MOT,-1,N/A,0.0,False,-1,N/A,0.0,False,22154579.471,True,0.0,False,248053401.058,,248053401.058,4,False,True
C,M,20210701,2021,7,202107,97,EUR,European Union,M,Import,0,W00,World,0,W00,World,H5,HS,True,8516,"Electric water, space, soil heaters; electro-thermic hair-dressing apparatus; hand dryers, irons; electro-thermic appliances for domestic purposes; electro heating resistors, not of heading no. 8545",4,False,C00,TOTAL CPC,0,0,TOTAL MOT,-1,N/A,0.0,False,-1,N/A,0.0,False,109333475.123,True,0.0,False,822323833.231,,822323833.231,4,False,True
C,M,20210701,2021,7,202107,97,EUR,European Union,M,Import,0,W00,World,0,W00,World,H5,HS,True,9401,"Seats (not those of heading no. 9402), whether or not convertible into beds and parts thereof",4,False,C00,TOTAL CPC,0,0,TOTAL MOT,-1,N/A,0.0,False,-1,N/A,0.0,False,180738023.03,True,0.0,False,1016290466.646,,1016290466.646,4,False,True
C,M,20210701,2021,7,202107,97,EUR,European Union,M,Import,0,W00,World,0,W00,World,H5,HS,True,9403,"Furniture and parts thereof, n.e.c. in chapter 94",4,False,C00,TOTAL CPC,0,0,TOTAL MOT,-1,N/A,0.0,False,-1,N/A,0.0,False,279980383.383,True,0.0,False,898041519.274,,898041519.274,4,False,True
C,M,20210701,2021,7,202107,97,EUR,European Union,M,Import,0,W00,World,0,W00,World,H5,HS,True,9405,"Lamps, light fittings; including searchlights, spotlights and parts thereof, n.e.c.; illuminated signs, name-plates and the like, having permanently fixed light source and parts thereof n.e.c. or included",4,False,C00,TOTAL CPC,0,0,TOTAL MOT,8,kg,60342946.731,True,-1,N/A,0.0,False,60342946.731,True,0.0,False,722256541.199,,722256541.199,6,False,True
C,M,20210701,2021,7,202107,97,EUR,European Union,M,Import,0,W00,World,0,W00,World,H5,HS,True,9503,"Tricycles, scooters, pedal cars and similar wheeled toys; dolls' carriages; dolls; other toys; reduced-size (scale) models and similar recreational models, working or not; puzzles of all kinds",4,False,C00,TOTAL CPC,0,0,TOTAL MOT,8,kg,46996188.885,True,-1,N/A,0.0,False,46996188.885,True,0.0,False,482818887.286,,482818887.286,6,False,True
C,M,20210801,2021,8,202108,97,EUR,European Union,M,Import,0,W00,World,0,W00,World,H5,HS,True,3923,"Plastic articles for the conveyance or packing of goods; stoppers, lids, caps and other closures of plastics",4,False,C00,TOTAL CPC,0,0,TOTAL MOT,8,kg,102832444.131,True,-1,N/A,0.0,False,102832444.131,True,0.0,False,532032074.781,,532032074.781,6,False,True
C,M,20210801,2021,8,202108,97,EUR,European Union,M,Import,0,W00,World,0,W00,World,H5,HS,True,3924,"Tableware, kitchenware, other household articles and hygienic or toilet articles, of plastics",4,False,C00,TOTAL CPC,0,0,TOTAL MOT,8,kg,31079397.066,True,-1,N/A,0.0,False,31079397.066,True,0.0,False,181012476.801,,181012476.801,6,False,True
C,M,20210801,2021,8,202108,97,EUR,European Union,M,Import,0,W00,World,0,W00,World,H5,HS,True,3926,"Articles of plastics and articles of other materials of heading no. 3901 to 3914, n.e.c. in chapter 39",4,False,C00,TOTAL CPC,0,0,TOTAL MOT,8,kg,99314259.676,True,-1,N/A,0.0,False,99314259.676,True,0.0,False,971885674.689,,971885674.689,6,False,True
C,M,20210801,2021,8,202108,97,EUR,European Union,M,Import,0,W00,World,0,W00,World,H5,HS,True,8414,"Air or vacuum pumps, air or other gas compressors and fans; ventilating or recycling hoods incorporating a fan whether or not fitted with filters",4,False,C00,TOTAL CPC,0,0,TOTAL MOT,-1,N/A,0.0,True,-1,N/A,0.0,False,71399825.329,True,0.0,False,710843103.524,,710843103.524,6,False,True
C,M,20210801,2021,8,202108,97,EUR,European Union,M,Import,0,W00,World,0,W00,World,H5,HS,True,8415,"Air conditioning machines; comprising a motor driven fan and elements for changing the temperature and humidity, including those machines in which the humidity cannot be separately regulated",4,False,C00,TOTAL CPC,0,0,TOTAL MOT,-1,N/A,0.0,False,-1,N/A,0.0,False,44701355.63,True,0.0,False,491877507.989,,491877507.989,4,False,True
C,M,20210801,2021,8,202108,97,EUR,European Union,M,Import,0,W00,World,0,W00,World,H5,HS,True,8418,"Refrigerators, freezers and other refrigerating or freezing equipment, electric or other; heat pumps other than air conditioning machines of heading no. 8415",4,False,C00,TOTAL CPC,0,0,TOTAL MOT,-1,N/A,0.0,True,-1,N/A,0.0,False,117383307.091,True,0.0,False,670932631.305,,670932631.305,6,False,True
C,M,20210801,2021,8,202108,97,EUR,European Union,M,Import,0,W00,World,0,W00,World,H5,HS,True,8450,Household or laundry-type washing machines; including machines which both wash and dry,4,False,C00,TOTAL CPC,0,0,TOTAL MOT,-1,N/A,0.0,True,-1,N/A,0.0,False,48247428.447,True,0.0,False,159520549.663,,159520549.663,6,False,True
C,M,20210801,2021,8,202108,97,EUR,European Union,M,Import,0,W00,World,0,W00,World,H5,HS,True,8508,Vacuum cleaners,4,False,C00,TOTAL CPC,0,0,TOTAL MOT,-1,N/A,0.0,True,-1,N/A,0.0,False,24523991.746,True,0.0,False,359831907.092,,359831907.092,6,False,True
C,M,20210801,2021,8,202108,97,EUR,European Union,M,Import,0,W00,World,0,W00,World,H5,HS,True,8509,"Electro-mechanical domestic appliances; with self-contained electric motor, other than vacuum cleaners of heading 85.08.",4,False,C00,TOTAL CPC,0,0,TOTAL MOT,-1,N/A,0.0,False,-1,N/A,0.0,False,22449842.706,True,0.0,False,270487468.454,,270487468.454,4,False,True
C,M,20210801,2021,8,202108,97,EUR,European Union,M,Import,0,W00,World,0,W00,World,H5,HS,True,8516,"Electric water, space, soil heaters; electro-thermic hair-dressing apparatus; hand dryers, irons; electro-thermic appliances for domestic purposes; electro heating resistors, not of heading no. 8545",4,False,C00,TOTAL CPC,0,0,TOTAL MOT,-1,N/A,0.0,False,-1,N/A,0.0,False,120576948.459,True,0.0,False,897857139.039,,897857139.039,4,False,True
C,M,20210801,2021,8,202108,97,EUR,European Union,M,Import,0,W00,World,0,W00,World,H5,HS,True,9401,"Seats (not those of heading no. 9402), whether or not convertible into beds and parts thereof",4,False,C00,TOTAL CPC,0,0,TOTAL MOT,-1,N/A,0.0,False,-1,N/A,0.0,False,181470619.176,True,0.0,False,1028135277.68,,1028135277.68,4,False,True
C,M,20210801,2021,8,202108,97,EUR,European Union,M,Import,0,W00,World,0,W00,World,H5,HS,True,9403,"Furniture and parts thereof, n.e.c. in chapter 94",4,False,C00,TOTAL CPC,0,0,TOTAL MOT,-1,N/A,0.0,False,-1,N/A,0.0,False,310530029.989,True,0.0,False,994418004.696,,994418004.696,4,False,True
C,M,20210801,2021,8,202108,97,EUR,European Union,M,Import,0,W00,World,0,W00,World,H5,HS,True,9405,"Lamps, light fittings; including searchlights, spotlights and parts thereof, n.e.c.; illuminated signs, name-plates and the like, having permanently fixed light source and parts thereof n.e.c. or included",4,False,C00,TOTAL CPC,0,0,TOTAL MOT,8,kg,78568856.335,True,-1,N/A,0.0,False,78568856.335,True,0.0,False,951775483.758,,951775483.758,6,False,True
C,M,20210801,2021,8,202108,97,EUR,European Union,M,Import,0,W00,World,0,W00,World,H5,HS,True,9503,"Tricycles, scooters, pedal cars and similar wheeled toys; dolls' carriages; dolls; other toys; reduced-size (scale) models and similar recreational models, working or not; puzzles of all kinds",4,False,C00,TOTAL CPC,0,0,TOTAL MOT,8,kg,62392033.33,True,-1,N/A,0.0,False,62392033.33,True,0.0,False,693561563.221,,693561563.221,6,False,True
C,M,20210901,2021,9,202109,97,EUR,European Union,M,Import,0,W00,World,0,W00,World,H5,HS,True,3923,"Plastic articles for the conveyance or packing of goods; stoppers, lids, caps and other closures of plastics",4,False,C00,TOTAL CPC,0,0,TOTAL MOT,8,kg,106643421.677,True,-1,N/A,0.0,False,106643421.677,True,0.0,False,556367941.558,,556367941.558,6,False,True
C,M,20210901,2021,9,202109,97,EUR,European Union,M,Import,0,W00,World,0,W00,World,H5,HS,True,3924,"Tableware, kitchenware, other household articles and hygienic or toilet articles, of plastics",4,False,C00,TOTAL CPC,0,0,TOTAL MOT,8,kg,31600444.583,True,-1,N/A,0.0,False,31600444.583,True,0.0,False,192982321.356,,192982321.356,6,False,True
C,M,20210901,2021,9,202109,97,EUR,European Union,M,Import,0,W00,World,0,W00,World,H5,HS,True,3926,"Articles of plastics and articles of other materials of heading no. 3901 to 3914, n.e.c. in chapter 39",4,False,C00,TOTAL CPC,0,0,TOTAL MOT,8,kg,101196630.264,True,-1,N/A,0.0,False,101196630.264,True,0.0,False,1052720493.903,,1052720493.903,6,False,True
C,M,20210901,2021,9,202109,97,EUR,European Union,M,Import,0,W00,World,0,W00,World,H5,HS,True,8414,"Air or vacuum pumps, air or other gas compressors and fans; ventilating or recycling hoods incorporating a fan whether or not fitted with filters",4,False,C00,TOTAL CPC,0,0,TOTAL MOT,-1,N/A,0.0,True,-1,N/A,0.0,False,75852449.74,True,0.0,False,745348737.827,,745348737.827,6,False,True
C,M,20210901,2021,9,202109,97,EUR,European Union,M,Import,0,W00,World,0,W00,World,H5,HS,True,8415,"Air conditioning machines; comprising a motor driven fan and elements for changing the temperature and humidity, including those machines in which the humidity cannot be separately regulated",4,False,C00,TOTAL CPC,0,0,TOTAL MOT,-1,N/A,0.0,False,-1,N/A,0.0,False,37929518.292,True,0.0,False,460625947.035,,460625947.035,4,False,True
C,M,20210901,2021,9,202109,97,EUR,European Union,M,Import,0,W00,World,0,W00,World,H5,HS,True,8418,"Refrigerators, freezers and other refrigerating or freezing equipment, electric or other; heat pumps other than air conditioning machines of heading no. 8415",4,False,C00,TOTAL CPC,0,0,TOTAL MOT,-1,N/A,0.0,True,-1,N/A,0.0,False,,False,0.0,False,671390597.13,,671390597.13,2,False,True
C,M,20210901,2021,9,202109,97,EUR,European Union,M,Import,0,W00,World,0,W00,World,H5,HS,True,8450,Household or laundry-type washing machines; including machines which both wash and dry,4,False,C00,TOTAL CPC,0,0,TOTAL MOT,-1,N/A,0.0,True,-1,N/A,0.0,False,49280686.388,True,0.0,False,168403658.013,,168403658.013,6,False,True
C,M,20210901,2021,9,202109,97,EUR,European Union,M,Import,0,W00,World,0,W00,World,H5,HS,True,8508,Vacuum cleaners,4,False,C00,TOTAL CPC,0,0,TOTAL MOT,-1,N/A,0.0,True,-1,N/A,0.0,False,22536908.471,True,0.0,False,359702929.542,,359702929.542,6,False,True
C,M,20210901,2021,9,202109,97,EUR,European Union,M,Import,0,W00,World,0,W00,World,H5,HS,True,8509,"Electro-mechanical domestic appliances; with self-contained electric motor, other than vacuum cleaners of heading 85.08.",4,False,C00,TOTAL CPC,0,0,TOTAL MOT,-1,N/A,0.0,False,-1,N/A,0.0,False,24785315.393,True,0.0,False,302374133.525,,302374133.525,4,False,True
C,M,20210901,2021,9,202109,97,EUR,European Union,M,Import,0,W00,World,0,W00,World,H5,HS,True,8516,"Electric water, space, soil heaters; electro-thermic hair-dressing apparatus; hand dryers, irons; electro-thermic appliances for domestic purposes; electro heating resistors, not of heading no. 8545",4,False,C00,TOTAL CPC,0,0,TOTAL MOT,-1,N/A,0.0,False,-1,N/A,0.0,False,136902652.379,True,0.0,False,1003736680.565,,1003736680.565,4,False,True
C,M,20210901,2021,9,202109,97,EUR,European Union,M,Import,0,W00,World,0,W00,World,H5,HS,True,9401,"Seats (not those of heading no. 9402), whether or not convertible into beds and parts thereof",4,False,C00,TOTAL CPC,0,0,TOTAL MOT,-1,N/A,0.0,False,-1,N/A,0.0,False,170931280.149,True,0.0,False,1067838138.72,,1067838138.72,4,False,True
C,M,20210901,2021,9,202109,97,EUR,European Union,M,Import,0,W00,World,0,W00,World,H5,HS,True,9403,"Furniture and parts thereof, n.e.c. in chapter 94",4,False,C00,TOTAL CPC,0,0,TOTAL MOT,-1,N/A,0.0,True,-1,N/A,0.0,False,289705397.353,True,0.0,False,971865900.259,,971865900.259,6,False,True
C,M,20210901,2021,9,202109,97,EUR,European Union,M,Import,0,W00,World,0,W00,World,H5,HS,True,9405,"Lamps, light fittings; including searchlights, spotlights and parts thereof, n.e.c.; illuminated signs, name-plates and the like, having permanently fixed light source and parts thereof n.e.c. or included",4,False,C00,TOTAL CPC,0,0,TOTAL MOT,8,kg,88658158.095,True,-1,N/A,0.0,False,88658158.095,True,0.0,False,1099009630.19,,1099009630.19,6,False,True
C,M,20210901,2021,9,202109,97,EUR,European Union,M,Import,0,W00,World,0,W00,World,H5,HS,True,9503,"Tricycles, scooters, pedal cars and similar wheeled toys; dolls' carriages; dolls; other toys; reduced-size (scale) models and similar recreational models, working or not; puzzles of all kinds",4,False,C00,TOTAL CPC,0,0,TOTAL MOT,8,kg,87851500.362,True,-1,N/A,0.0,False,87851500.362,True,0.0,False,1018216215.138,,1018216215.138,6,False,True
C,M,20211001,2021,10,202110,97,EUR,European Union,M,Import,0,W00,World,0,W00,World,H5,HS,True,3923,"Plastic articles for the conveyance or packing of goods; stoppers, lids, caps and other closures of plastics",4,False,C00,TOTAL CPC,0,0,TOTAL MOT,8,kg,105075536.926,True,-1,N/A,0.0,False,105075536.926,True,0.0,False,535803303.39,,535803303.39,6,False,True
C,M,20211001,2021,10,202110,97,EUR,European Union,M,Import,0,W00,World,0,W00,World,H5,HS,True,3924,"Tableware, kitchenware, other household articles and hygienic or toilet articles, of plastics",4,False,C00,TOTAL CPC,0,0,TOTAL MOT,8,kg,30302446.213,True,-1,N/A,0.0,False,30302446.213,True,0.0,False,179545415.196,,179545415.196,6,False,True
C,M,20211001,2021,10,202110,97,EUR,European Union,M,Import,0,W00,World,0,W00,World,H5,HS,True,3926,"Articles of plastics and articles of other materials of heading no. 3901 to 3914, n.e.c. in chapter 39",4,False,C00,TOTAL CPC,0,0,TOTAL MOT,8,kg,89473552.119,True,-1,N/A,0.0,False,89473552.119,True,0.0,False,974915764.377,,974915764.377,6,False,True
C,M,20211001,2021,10,202110,97,EUR,European Union,M,Import,0,W00,World,0,W00,World,H5,HS,True,8414,"Air or vacuum pumps, air or other gas compressors and fans; ventilating or recycling hoods incorporating a fan whether or not fitted with filters",4,False,C00,TOTAL CPC,0,0,TOTAL MOT,-1,N/A,0.0,True,-1,N/A,0.0,False,63463561.953,True,0.0,False,697198326.102,,697198326.102,6,False,True
C,M,20211001,2021,10,202110,97,EUR,European Union,M,Import,0,W00,World,0,W00,World,H5,HS,True,8415,"Air conditioning machines; comprising a motor driven fan and elements for changing the temperature and humidity, including those machines in which the humidity cannot be separately regulated",4,False,C00,TOTAL CPC,0,0,TOTAL MOT,-1,N/A,0.0,False,-1,N/A,0.0,False,30982371.756,True,0.0,False,372903167.311,,372903167.311,4,False,True
C,M,20211001,2021,10,202110,97,EUR,European Union,M,Import,0,W00,World,0,W00,World,H5,HS,True,8418,"Refrigerators, freezers and other refrigerating or freezing equipment, electric or other; heat pumps other than air conditioning machines of heading no. 8415",4,False,C00,TOTAL CPC,0,0,TOTAL MOT,-1,N/A,0.0,True,-1,N/A,0.0,False,96959873.34,True,0.0,False,586503943.948,,586503943.948,6,False,True
C,M,20211001,2021,10,202110,97,EUR,European Union,M,Import,0,W00,World,0,W00,World,H5,HS,True,8450,Household or laundry-type washing machines; including machines which both wash and dry,4,False,C00,TOTAL CPC,0,0,TOTAL MOT,-1,N/A,0.0,True,-1,N/A,0.0,False,49082705.342,True,0.0,False,163689845.342,,163689845.342,6,False,True
C,M,20211001,2021,10,202110,97,EUR,European Union,M,Import,0,W00,World,0,W00,World,H5,HS,True,8508,Vacuum cleaners,4,False,C00,TOTAL CPC,0,0,TOTAL MOT,-1,N/A,0.0,True,-1,N/A,0.0,False,22235680.055,True,0.0,False,371204711.799,,371204711.799,6,False,True
C,M,20211001,2021,10,202110,97,EUR,European Union,M,Import,0,W00,World,0,W00,World,H5,HS,True,8509,"Electro-mechanical domestic appliances; with self-contained electric motor, other than vacuum cleaners of heading 85.08.",4,False,C00,TOTAL CPC,0,0,TOTAL MOT,-1,N/A,0.0,False,-1,N/A,0.0,False,22870500.673,True,0.0,False,300487733.839,,300487733.839,4,False,True
C,M,20211001,2021,10,202110,97,EUR,European Union,M,Import,0,W00,World,0,W00,World,H5,HS,True,8516,"Electric water, space, soil heaters; electro-thermic hair-dressing apparatus; hand dryers, irons; electro-thermic appliances for domestic purposes; electro heating resistors, not of heading no. 8545",4,False,C00,TOTAL CPC,0,0,TOTAL MOT,-1,N/A,0.0,False,-1,N/A,0.0,False,126203296.232,True,0.0,False,1009027656.348,,1009027656.348,4,False,True
C,M,20211001,2021,10,202110,97,EUR,European Union,M,Import,0,W00,World,0,W00,World,H5,HS,True,9401,"Seats (not those of heading no. 9402), whether or not convertible into beds and parts thereof",4,False,C00,TOTAL CPC,0,0,TOTAL MOT,-1,N/A,0.0,False,-1,N/A,0.0,False,150358577.947,True,0.0,False,953396144.32,,953396144.32,4,False,True
C,M,20211001,2021,10,202110,97,EUR,European Union,M,Import,0,W00,World,0,W00,World,H5,HS,True,9403,"Furniture and parts thereof, n.e.c. in chapter 94",4,False,C00,TOTAL CPC,0,0,TOTAL MOT,-1,N/A,0.0,False,-1,N/A,0.0,False,263597951.436,True,0.0,False,896579727.894,,896579727.894,4,False,True
C,M,20211001,2021,10,202110,97,EUR,European Union,M,Import,0,W00,World,0,W00,World,H5,HS,True,9405,"Lamps, light fittings; including searchlights, spotlights and parts thereof, n.e.c.; illuminated signs, name-plates and the like, having permanently fixed light source and parts thereof n.e.c. or included",4,False,C00,TOTAL CPC,0,0,TOTAL MOT,8,kg,80672687.118,True,-1,N/A,0.0,False,80672687.118,True,0.0,False,1011664695.955,,1011664695.955,6,False,True
C,M,20211001,2021,10,202110,97,EUR,European Union,M,Import,0,W00,World,0,W00,World,H5,HS,True,9503,"Tricycles, scooters, pedal cars and similar wheeled toys; dolls' carriages; dolls; other toys; reduced-size (scale) models and similar recreational models, working or not; puzzles of all kinds",4,False,C00,TOTAL CPC,0,0,TOTAL MOT,8,kg,97631171.777,True,-1,N/A,0.0,False,97631171.777,True,0.0,False,1083952738.216,,1083952738.216,6,False,True
C,M,20211101,2021,11,202111,97,EUR,European Union,M,Import,0,W00,World,0,W00,World,H5,HS,True,3923,"Plastic articles for the conveyance or packing of goods; stoppers, lids, caps and other closures of plastics",4,False,C00,TOTAL CPC,0,0,TOTAL MOT,8,kg,124586055.019,True,-1,N/A,0.0,False,124586055.019,True,0.0,False,572285355.865,,572285355.865,6,False,True
C,M,20211101,2021,11,202111,97,EUR,European Union,M,Import,0,W00,World,0,W00,World,H5,HS,True,3924,"Tableware, kitchenware, other household articles and hygienic or toilet articles, of plastics",4,False,C00,TOTAL CPC,0,0,TOTAL MOT,8,kg,32727238.422,True,-1,N/A,0.0,False,32727238.422,True,0.0,False,193830197.241,,193830197.241,6,False,True
C,M,20211101,2021,11,202111,97,EUR,European Union,M,Import,0,W00,World,0,W00,World,H5,HS,True,3926,"Articles of plastics and articles of other materials of heading no. 3901 to 3914, n.e.c. in chapter 39",4,False,C00,TOTAL CPC,0,0,TOTAL MOT,8,kg,102611075.069,True,-1,N/A,0.0,False,102611075.069,True,0.0,False,1076820562.195,,1076820562.195,6,False,True
C,M,20211101,2021,11,202111,97,EUR,European Union,M,Import,0,W00,World,0,W00,World,H5,HS,True,8414,"Air or vacuum pumps, air or other gas compressors and fans; ventilating or recycling hoods incorporating a fan whether or not fitted with filters",4,False,C00,TOTAL CPC,0,0,TOTAL MOT,-1,N/A,0.0,True,-1,N/A,0.0,False,73889901.867,True,0.0,False,754697079.057,,754697079.057,6,False,True
C,M,20211101,2021,11,202111,97,EUR,European Union,M,Import,0,W00,World,0,W00,World,H5,HS,True,8415,"Air conditioning machines; comprising a motor driven fan and elements for changing the temperature and humidity, including those machines in which the humidity cannot be separately regulated",4,False,C00,TOTAL CPC,0,0,TOTAL MOT,-1,N/A,0.0,False,-1,N/A,0.0,False,32637611.276,True,0.0,False,408146231.854,,408146231.854,4,False,True
C,M,20211101,2021,11,202111,97,EUR,European Union,M,Import,0,W00,World,0,W00,World,H5,HS,True,8418,"Refrigerators, freezers and other refrigerating or freezing equipment, electric or other; heat pumps other than air conditioning machines of heading no. 8415",4,False,C00,TOTAL CPC,0,0,TOTAL MOT,-1,N/A,0.0,False,-1,N/A,0.0,False,,False,0.0,False,625864057.195,,625864057.195,0,False,True
C,M,20211101,2021,11,202111,97,EUR,European Union,M,Import,0,W00,World,0,W00,World,H5,HS,True,8450,Household or laundry-type washing machines; including machines which both wash and dry,4,False,C00,TOTAL CPC,0,0,TOTAL MOT,-1,N/A,0.0,True,-1,N/A,0.0,False,53700646.38,True,0.0,False,174552651.857,,174552651.857,6,False,True
C,M,20211101,2021,11,202111,97,EUR,European Union,M,Import,0,W00,World,0,W00,World,H5,HS,True,8508,Vacuum cleaners,4,False,C00,TOTAL CPC,0,0,TOTAL MOT,-1,N/A,0.0,True,-1,N/A,0.0,False,25692333.515,True,0.0,False,430994146.568,,430994146.568,6,False,True
C,M,20211101,2021,11,202111,97,EUR,European Union,M,Import,0,W00,World,0,W00,World,H5,HS,True,8509,"Electro-mechanical domestic appliances; with self-contained electric motor, other than vacuum cleaners of heading 85.08.",4,False,C00,TOTAL CPC,0,0,TOTAL MOT,-1,N/A,0.0,False,-1,N/A,0.0,False,25442151.338,True,0.0,False,299522005.654,,299522005.654,4,False,True
C,M,20211101,2021,11,202111,97,EUR,European Union,M,Import,0,W00,World,0,W00,World,H5,HS,True,8516,"Electric water, space, soil heaters; electro-thermic hair-dressing apparatus; hand dryers, irons; electro-thermic appliances for domestic purposes; electro heating resistors, not of heading no. 8545",4,False,C00,TOTAL CPC,0,0,TOTAL MOT,-1,N/A,0.0,False,-1,N/A,0.0,False,135406864.213,True,0.0,False,1096007590.775,,1096007590.775,4,False,True
C,M,20211101,2021,11,202111,97,EUR,European Union,M,Import,0,W00,World,0,W00,World,H5,HS,True,9401,"Seats (not those of heading no. 9402), whether or not convertible into beds and parts thereof",4,False,C00,TOTAL CPC,0,0,TOTAL MOT,-1,N/A,0.0,False,-1,N/A,0.0,False,181994483.884,True,0.0,False,1151588119.347,,1151588119.347,4,False,True
C,M,20211101,2021,11,202111,97,EUR,European Union,M,Import,0,W00,World,0,W00,World,H5,HS,True,9403,"Furniture and parts thereof, n.e.c. in chapter 94",4,False,C00,TOTAL CPC,0,0,TOTAL MOT,-1,N/A,0.0,False,-1,N/A,0.0,False,298222156.318,True,0.0,False,1022482838.26,,1022482838.26,4,False,True
C,M,20211101,2021,11,202111,97,EUR,European Union,M,Import,0,W00,World,0,W00,World,H5,HS,True,9405,"Lamps, light fittings; including searchlights, spotlights and parts thereof, n.e.c.; illuminated signs, name-plates and the like, having permanently fixed light source and parts thereof n.e.c. or included",4,False,C00,TOTAL CPC,0,0,TOTAL MOT,8,kg,86096004.873,True,-1,N/A,0.0,False,86096004.873,True,0.0,False,1082135376.608,,1082135376.608,6,False,True
C,M,20211101,2021,11,202111,97,EUR,European Union,M,Import,0,W00,World,0,W00,World,H5,HS,True,9503,"Tricycles, scooters, pedal cars and similar wheeled toys; dolls' carriages; dolls; other toys; reduced-size (scale) models and similar recreational models, working or not; puzzles of all kinds",4,False,C00,TOTAL CPC,0,0,TOTAL MOT,8,kg,112516975.844,True,-1,N/A,0.0,False,112516975.844,True,0.0,False,1160057024.864,,1160057024.864,6,False,True
C,M,20211201,2021,12,202112,97,EUR,European Union,M,Import,0,W00,World,0,W00,World,H5,HS,True,3923,"Plastic articles for the conveyance or packing of goods; stoppers, lids, caps and other closures of plastics",4,False,C00,TOTAL CPC,0,0,TOTAL MOT,8,kg,105801090.252,True,-1,N/A,0.0,False,105801090.252,True,0.0,False,554744220.106,,554744220.106,6,False,True
C,M,20211201,2021,12,202112,97,EUR,European Union,M,Import,0,W00,World,0,W00,World,H5,HS,True,3924,"Tableware, kitchenware, other household articles and hygienic or toilet articles, of plastics",4,False,C00,TOTAL CPC,0,0,TOTAL MOT,8,kg,33404882.922,True,-1,N/A,0.0,False,33404882.922,True,0.0,False,200895487.178,,200895487.178,6,False,True
C,M,20211201,2021,12,202112,97,EUR,European Union,M,Import,0,W00,World,0,W00,World,H5,HS,True,3926,"Articles of plastics and articles of other materials of heading no. 3901 to 3914, n.e.c. in chapter 39",4,False,C00,TOTAL CPC,0,0,TOTAL MOT,8,kg,100451347.445,True,-1,N/A,0.0,False,100451347.445,True,0.0,False,1013559454.366,,1013559454.366,6,False,True
C,M,20211201,2021,12,202112,97,EUR,European Union,M,Import,0,W00,World,0,W00,World,H5,HS,True,8414,"Air or vacuum pumps, air or other gas compressors and fans; ventilating or recycling hoods incorporating a fan whether or not fitted with filters",4,False,C00,TOTAL CPC,0,0,TOTAL MOT,-1,N/A,0.0,True,-1,N/A,0.0,False,60876482.905,True,0.0,False,666212913.785,,666212913.785,6,False,True
C,M,20211201,2021,12,202112,97,EUR,European Union,M,Import,0,W00,World,0,W00,World,H5,HS,True,8415,"Air conditioning machines; comprising a motor driven fan and elements for changing the temperature and humidity, including those machines in which the humidity cannot be separately regulated",4,False,C00,TOTAL CPC,0,0,TOTAL MOT,-1,N/A,0.0,False,-1,N/A,0.0,False,33744945.04,True,0.0,False,421939886.583,,421939886.583,4,False,True
C,M,20211201,2021,12,202112,97,EUR,European Union,M,Import,0,W00,World,0,W00,World,H5,HS,True,8418,"Refrigerators, freezers and other refrigerating or freezing equipment, electric or other; heat pumps other than air conditioning machines of heading no. 8415",4,False,C00,TOTAL CPC,0,0,TOTAL MOT,-1,N/A,0.0,True,-1,N/A,0.0,False,102157725.017,True,0.0,False,620816094.296,,620816094.296,6,False,True
C,M,20211201,2021,12,202112,97,EUR,European Union,M,Import,0,W00,World,0,W00,World,H5,HS,True,8450,Household or laundry-type washing machines; including machines which both wash and dry,4,False,C00,TOTAL CPC,0,0,TOTAL MOT,-1,N/A,0.0,True,-1,N/A,0.0,False,49630764.106,True,0.0,False,161356425.738,,161356425.738,6,False,True
C,M,20211201,2021,12,202112,97,EUR,European Union,M,Import,0,W00,World,0,W00,World,H5,HS,True,8508,Vacuum cleaners,4,False,C00,TOTAL CPC,0,0,TOTAL MOT,-1,N/A,0.0,True,-1,N/A,0.0,False,21202603.617,True,0.0,False,336003559.854,,336003559.854,6,False,True
C,M,20211201,2021,12,202112,97,EUR,European Union,M,Import,0,W00,World,0,W00,World,H5,HS,True,8509,"Electro-mechanical domestic appliances; with self-contained electric motor, other than vacuum cleaners of heading 85.08.",4,False,C00,TOTAL CPC,0,0,TOTAL MOT,-1,N/A,0.0,False,-1,N/A,0.0,False,28353486.078,True,0.0,False,333632553.021,,333632553.021,4,False,True
C,M,20211201,2021,12,202112,97,EUR,European Union,M,Import,0,W00,World,0,W00,World,H5,HS,True,8516,"Electric water, space, soil heaters; electro-thermic hair-dressing apparatus; hand dryers, irons; electro-thermic appliances for domestic purposes; electro heating resistors, not of heading no. 8545",4,False,C00,TOTAL CPC,0,0,TOTAL MOT,-1,N/A,0.0,False,-1,N/A,0.0,False,127274724.934,True,0.0,False,1058562169.735,,1058562169.735,4,False,True
C,M,20211201,2021,12,202112,97,EUR,European Union,M,Import,0,W00,World,0,W00,World,H5,HS,True,9401,"Seats (not those of heading no. 9402), whether or not convertible into beds and parts thereof",4,False,C00,TOTAL CPC,0,0,TOTAL MOT,-1,N/A,0.0,False,-1,N/A,0.0,False,191610626.426,True,0.0,False,1194201664.882,,1194201664.882,4,False,True
C,M,20211201,2021,12,202112,97,EUR,European Union,M,Import,0,W00,World,0,W00,World,H5,HS,True,9403,"Furniture and parts thereof, n.e.c. in chapter 94",4,False,C00,TOTAL CPC,0,0,TOTAL MOT,-1,N/A,0.0,False,-1,N/A,0.0,False,304355273.583,True,0.0,False,1060817874.595,,1060817874.595,4,False,True
C,M,20211201,2021,12,202112,97,EUR,European Union,M,Import,0,W00,World,0,W00,World,H5,HS,True,9405,"Lamps, light fittings; including searchlights, spotlights and parts thereof, n.e.c.; illuminated signs, name-plates and the like, having permanently fixed light source and parts thereof n.e.c. or included",4,False,C00,TOTAL CPC,0,0,TOTAL MOT,8,kg,75444527.936,True,-1,N/A,0.0,False,75444527.936,True,0.0,False,953945127.103,,953945127.103,6,False,True
C,M,20211201,2021,12,202112,97,EUR,European Union,M,Import,0,W00,World,0,W00,World,H5,HS,True,9503,"Tricycles, scooters, pedal cars and similar wheeled toys; dolls' carriages; dolls; other toys; reduced-size (scale) models and similar recreational models, working or not; puzzles of all kinds",4,False,C00,TOTAL CPC,0,0,TOTAL MOT,8,kg,74364371.951,True,-1,N/A,0.0,False,74364371.951,True,0.0,False,899483034.56,,899483034.56,6,False,True
C,M,20220101,2022,1,202201,97,EUR,European Union,M,Import,0,W00,World,0,W00,World,H6,HS,True,3923,"Plastic articles for the conveyance or packing of goods; stoppers, lids, caps and other closures of plastics",4,False,C00,TOTAL CPC,0,0,TOTAL MOT,8,kg,113206229.02,True,-1,N/A,0.0,False,113206229.02,True,0.0,False,575550271.353,,575550271.353,6,False,True
C,M,20220101,2022,1,202201,97,EUR,European Union,M,Import,0,W00,World,0,W00,World,H6,HS,True,3924,"Tableware, kitchenware, other household articles and hygienic or toilet articles, of plastics",4,False,C00,TOTAL CPC,0,0,TOTAL MOT,8,kg,33172495.011,True,-1,N/A,0.0,False,33172495.011,True,0.0,False,204125137.663,,204125137.663,6,False,True
C,M,20220101,2022,1,202201,97,EUR,European Union,M,Import,0,W00,World,0,W00,World,H6,HS,True,3926,"Articles of plastics and articles of other materials of heading no. 3901 to 3914, n.e.c. in chapter 39",4,False,C00,TOTAL CPC,0,0,TOTAL MOT,8,kg,110824068.074,True,-1,N/A,0.0,False,110824068.074,True,0.0,False,1102772723.37,,1102772723.37,6,False,True
C,M,20220101,2022,1,202201,97,EUR,European Union,M,Import,0,W00,World,0,W00,World,H6,HS,True,8414,"Air or vacuum pumps, air or other gas compressors and fans; ventilating or recycling hoods incorporating a fan; gas-tight biological safety cabinets whether or not fitted with filters",4,False,C00,TOTAL CPC,0,0,TOTAL MOT,-1,N/A,0.0,True,-1,N/A,0.0,False,64986356.728,True,0.0,False,752163211.527,,752163211.527,6,False,True
C,M,20220101,2022,1,202201,97,EUR,European Union,M,Import,0,W00,World,0,W00,World,H6,HS,True,8415,"Air conditioning machines; comprising a motor driven fan and elements for changing the temperature and humidity, including those machines in which the humidity cannot be separately regulated",4,False,C00,TOTAL CPC,0,0,TOTAL MOT,-1,N/A,0.0,False,-1,N/A,0.0,False,42784439.248,True,0.0,False,500152751.242,,500152751.242,4,False,True
C,M,20220101,2022,1,202201,97,EUR,European Union,M,Import,0,W00,World,0,W00,World,H6,HS,True,8418,"Refrigerators, freezers and other refrigerating or freezing equipment, electric or other; heat pumps other than air conditioning machines of heading no. 8415",4,False,C00,TOTAL CPC,0,0,TOTAL MOT,-1,N/A,0.0,True,-1,N/A,0.0,False,97198483.726,True,0.0,False,645317897.109,,645317897.109,6,False,True
C,M,20220101,2022,1,202201,97,EUR,European Union,M,Import,0,W00,World,0,W00,World,H6,HS,True,8450,Household or laundry-type washing machines; including machines which both wash and dry,4,False,C00,TOTAL CPC,0,0,TOTAL MOT,-1,N/A,0.0,True,-1,N/A,0.0,False,43736983.792,True,0.0,False,146604453.583,,146604453.583,6,False,True
C,M,20220101,2022,1,202201,97,EUR,European Union,M,Import,0,W00,World,0,W00,World,H6,HS,True,8508,Vacuum cleaners,4,False,C00,TOTAL CPC,0,0,TOTAL MOT,-1,N/A,0.0,True,-1,N/A,0.0,False,22249154.241,True,0.0,False,358819546.882,,358819546.882,6,False,True
C,M,20220101,2022,1,202201,97,EUR,European Union,M,Import,0,W00,World,0,W00,World,H6,HS,True,8509,"Electro-mechanical domestic appliances; with self-contained electric motor, other than vacuum cleaners of heading 85.08.",4,False,C00,TOTAL CPC,0,0,TOTAL MOT,-1,N/A,0.0,False,-1,N/A,0.0,False,21074099.598,True,0.0,False,260965065.922,,260965065.922,4,False,True
C,M,20220101,2022,1,202201,97,EUR,European Union,M,Import,0,W00,World,0,W00,World,H6,HS,True,8516,"Electric water, space, soil heaters; electro-thermic hair-dressing apparatus; hand dryers, irons; electro-thermic appliances for domestic purposes; electro heating resistors, not of heading no. 8545",4,False,C00,TOTAL CPC,0,0,TOTAL MOT,-1,N/A,0.0,False,-1,N/A,0.0,False,99037269.328,True,0.0,False,878480817.383,,878480817.383,4,False,True
C,M,20220101,2022,1,202201,97,EUR,European Union,M,Import,0,W00,World,0,W00,World,H6,HS,True,9401,"Seats (not those of heading no. 9402), whether or not convertible into beds and parts thereof",4,False,C00,TOTAL CPC,0,0,TOTAL MOT,-1,N/A,0.0,False,-1,N/A,0.0,False,216435049.299,True,0.0,False,1379256182.747,,1379256182.747,4,False,True
C,M,20220101,2022,1,202201,97,EUR,European Union,M,Import,0,W00,World,0,W00,World,H6,HS,True,9403,"Furniture and parts thereof, n.e.c. in chapter 94",4,False,C00,TOTAL CPC,0,0,TOTAL MOT,-1,N/A,0.0,False,-1,N/A,0.0,False,,False,0.0,False,1169003819.537,,1169003819.537,0,False,True
C,M,20220101,2022,1,202201,97,EUR,European Union,M,Import,0,W00,World,0,W00,World,H6,HS,True,9405,"Luminaires and light fittings; including searchlights, spotlights and parts thereof, n.e.c.; illuminated signs, name-plates and the like, having permanently fixed light source and parts thereof n.e.c. or included",4,False,C00,TOTAL CPC,0,0,TOTAL MOT,8,kg,73754402.47,True,-1,N/A,0.0,False,73754402.47,True,0.0,False,951643835.952,,951643835.952,6,False,True
C,M,20220101,2022,1,202201,97,EUR,European Union,M,Import,0,W00,World,0,W00,World,H6,HS,True,9503,"Tricycles, scooters, pedal cars and similar wheeled toys; dolls' carriages; dolls; other toys; reduced-size (scale) models and similar recreational models, working or not; puzzles of all kinds",4,False,C00,TOTAL CPC,0,0,TOTAL MOT,8,kg,57996308.485,True,-1,N/A,0.0,False,57996308.485,True,0.0,False,718812230.693,,718812230.693,6,False,True
C,M,20220201,2022,2,202202,97,EUR,European Union,M,Import,0,W00,World,0,W00,World,H6,HS,True,3923,"Plastic articles for the conveyance or packing of goods; stoppers, lids, caps and other closures of plastics",4,False,C00,TOTAL CPC,0,0,TOTAL MOT,8,kg,105160668.219,True,-1,N/A,0.0,False,105160668.219,True,0.0,False,543063925.188,,543063925.188,6,False,True
C,M,20220201,2022,2,202202,97,EUR,European Union,M,Import,0,W00,World,0,W00,World,H6,HS,True,3924,"Tableware, kitchenware, other household articles and hygienic or toilet articles, of plastics",4,False,C00,TOTAL CPC,0,0,TOTAL MOT,8,kg,31250315.121,True,-1,N/A,0.0,False,31250315.121,True,0.0,False,186451172.701,,186451172.701,6,False,True
C,M,20220201,2022,2,202202,97,EUR,European Union,M,Import,0,W00,World,0,W00,World,H6,HS,True,3926,"Articles of plastics and articles of other materials of heading no. 3901 to 3914, n.e.c. in chapter 39",4,False,C00,TOTAL CPC,0,0,TOTAL MOT,8,kg,104777725.442,True,-1,N/A,0.0,False,104777725.442,True,0.0,False,1005249741.416,,1005249741.416,6,False,True
C,M,20220201,2022,2,202202,97,EUR,European Union,M,Import,0,W00,World,0,W00,World,H6,HS,True,8414,"Air or vacuum pumps, air or other gas compressors and fans; ventilating or recycling hoods incorporating a fan; gas-tight biological safety cabinets whether or not fitted with filters",4,False,C00,TOTAL CPC,0,0,TOTAL MOT,-1,N/A,0.0,True,-1,N/A,0.0,False,64967874.131,True,0.0,False,734911411.72,,734911411.72,6,False,True
C,M,20220201,2022,2,202202,97,EUR,European Union,M,Import,0,W00,World,0,W00,World,H6,HS,True,8415,"Air conditioning machines; comprising a motor driven fan and elements for changing the temperature and humidity, including those machines in which the humidity cannot be separately regulated",4,False,C00,TOTAL CPC,0,0,TOTAL MOT,-1,N/A,0.0,False,-1,N/A,0.0,False,46675599.94,True,0.0,False,529678401.949,,529678401.949,4,False,True
C,M,20220201,2022,2,202202,97,EUR,European Union,M,Import,0,W00,World,0,W00,World,H6,HS,True,8418,"Refrigerators, freezers and other refrigerating or freezing equipment, electric or other; heat pumps other than air conditioning machines of heading no. 8415",4,False,C00,TOTAL CPC,0,0,TOTAL MOT,-1,N/A,0.0,True,-1,N/A,0.0,False,88951849.692,True,0.0,False,605161687.404,,605161687.404,6,False,True
C,M,20220201,2022,2,202202,97,EUR,European Union,M,Import,0,W00,World,0,W00,World,H6,HS,True,8450,Household or laundry-type washing machines; including machines which both wash and dry,4,False,C00,TOTAL CPC,0,0,TOTAL MOT,-1,N/A,0.0,True,-1,N/A,0.0,False,43366663.893,True,0.0,False,144850375.344,,144850375.344,6,False,True
C,M,20220201,2022,2,202202,97,EUR,European Union,M,Import,0,W00,World,0,W00,World,H6,HS,True,8508,Vacuum cleaners,4,False,C00,TOTAL CPC,0,0,TOTAL MOT,-1,N/A,0.0,True,-1,N/A,0.0,False,19564943.989,True,0.0,False,310399715.919,,310399715.919,6,False,True
C,M,20220201,2022,2,202202,97,EUR,European Union,M,Import,0,W00,World,0,W00,World,H6,HS,True,8509,"Electro-mechanical domestic appliances; with self-contained electric motor, other than vacuum cleaners of heading 85.08.",4,False,C00,TOTAL CPC,0,0,TOTAL MOT,-1,N/A,0.0,False,-1,N/A,0.0,False,18377750.905,True,0.0,False,246966672.95,,246966672.95,4,False,True
C,M,20220201,2022,2,202202,97,EUR,European Union,M,Import,0,W00,World,0,W00,World,H6,HS,True,8516,"Electric water, space, soil heaters; electro-thermic hair-dressing apparatus; hand dryers, irons; electro-thermic appliances for domestic purposes; electro heating resistors, not of heading no. 8545",4,False,C00,TOTAL CPC,0,0,TOTAL MOT,-1,N/A,0.0,False,-1,N/A,0.0,False,87413791.927,True,0.0,False,823988658.449,,823988658.449,4,False,True
C,M,20220201,2022,2,202202,97,EUR,European Union,M,Import,0,W00,World,0,W00,World,H6,HS,True,9401,"Seats (not those of heading no. 9402), whether or not convertible into beds and parts thereof",4,False,C00,TOTAL CPC,0,0,TOTAL MOT,-1,N/A,0.0,False,-1,N/A,0.0,False,190927529.332,True,0.0,False,1248765416.721,,1248765416.721,4,False,True
C,M,20220201,2022,2,202202,97,EUR,European Union,M,Import,0,W00,World,0,W00,World,H6,HS,True,9403,"Furniture and parts thereof, n.e.c. in chapter 94",4,False,C00,TOTAL CPC,0,0,TOTAL MOT,-1,N/A,0.0,False,-1,N/A,0.0,False,288980383.154,True,0.0,False,1066569061.399,,1066569061.399,4,False,True
C,M,20220201,2022,2,202202,97,EUR,European Union,M,Import,0,W00,World,0,W00,World,H6,HS,True,9405,"Luminaires and light fittings; including searchlights, spotlights and parts thereof, n.e.c.; illuminated signs, name-plates and the like, having permanently fixed light source and parts thereof n.e.c. or included",4,False,C00,TOTAL CPC,0,0,TOTAL MOT,8,kg,63651325.331,True,-1,N/A,0.0,False,63651325.331,True,0.0,False,844832499.44,,844832499.44,6,False,True
C,M,20220201,2022,2,202202,97,EUR,European Union,M,Import,0,W00,World,0,W00,World,H6,HS,True,9503,"Tricycles, scooters, pedal cars and similar wheeled toys; dolls' carriages; dolls; other toys; reduced-size (scale) models and similar recreational models, working or not; puzzles of all kinds",4,False,C00,TOTAL CPC,0,0,TOTAL MOT,8,kg,51634003.386,True,-1,N/A,0.0,False,51634003.386,True,0.0,False,607970938.797,,607970938.797,6,False,True
C,M,20220301,2022,3,202203,97,EUR,European Union,M,Import,0,W00,World,0,W00,World,H6,HS,True,3923,"Plastic articles for the conveyance or packing of goods; stoppers, lids, caps and other closures of plastics",4,False,C00,TOTAL CPC,0,0,TOTAL MOT,8,kg,118244596.074,True,-1,N/A,0.0,False,118244596.074,True,0.0,False,615398990.786,,615398990.786,6,False,True
C,M,20220301,2022,3,202203,97,EUR,European Union,M,Import,0,W00,World,0,W00,World,H6,HS,True,3924,"Tableware, kitchenware, other household articles and hygienic or toilet articles, of plastics",4,False,C00,TOTAL CPC,0,0,TOTAL MOT,8,kg,36615224.598,True,-1,N/A,0.0,False,36615224.598,True,0.0,False,216136359.034,,216136359.034,6,False,True
C,M,20220301,2022,3,202203,97,EUR,European Union,M,Import,0,W00,World,0,W00,World,H6,HS,True,3926,"Articles of plastics and articles of other materials of heading no. 3901 to 3914, n.e.c. in chapter 39",4,False,C00,TOTAL CPC,0,0,TOTAL MOT,8,kg,113555624.602,True,-1,N/A,0.0,False,113555624.602,True,0.0,False,1109281800.89,,1109281800.89,6,False,True
C,M,20220301,2022,3,202203,97,EUR,European Union,M,Import,0,W00,World,0,W00,World,H6,HS,True,8414,"Air or vacuum pumps, air or other gas compressors and fans; ventilating or recycling hoods incorporating a fan; gas-tight biological safety cabinets whether or not fitted with filters",4,False,C00,TOTAL CPC,0,0,TOTAL MOT,-1,N/A,0.0,True,-1,N/A,0.0,False,73026112.131,True,0.0,False,854765163.511,,854765163.511,6,False,True
C,M,20220301,2022,3,202203,97,EUR,European Union,M,Import,0,W00,World,0,W00,World,H6,HS,True,8415,"Air conditioning machines; comprising a motor driven fan and elements for changing the temperature and humidity, including those machines in which the humidity cannot be separately regulated",4,False,C00,TOTAL CPC,0,0,TOTAL MOT,-1,N/A,0.0,False,-1,N/A,0.0,False,77695717.215,True,0.0,False,786568352.491,,786568352.491,4,False,True
C,M,20220301,2022,3,202203,97,EUR,European Union,M,Import,0,W00,World,0,W00,World,H6,HS,True,8418,"Refrigerators, freezers and other refrigerating or freezing equipment, electric or other; heat pumps other than air conditioning machines of heading no. 8415",4,False,C00,TOTAL CPC,0,0,TOTAL MOT,-1,N/A,0.0,False,-1,N/A,0.0,False,95334848.7,True,0.0,False,649078904.042,,649078904.042,4,False,True
C,M,20220301,2022,3,202203,97,EUR,European Union,M,Import,0,W00,World,0,W00,World,H6,HS,True,8450,Household or laundry-type washing machines; including machines which both wash and dry,4,False,C00,TOTAL CPC,0,0,TOTAL MOT,-1,N/A,0.0,True,-1,N/A,0.0,False,46017461.726,True,0.0,False,151851461.588,,151851461.588,6,False,True
C,M,20220301,2022,3,202203,97,EUR,European Union,M,Import,0,W00,World,0,W00,World,H6,HS,True,8508,Vacuum cleaners,4,False,C00,TOTAL CPC,0,0,TOTAL MOT,-1,N/A,0.0,True,-1,N/A,0.0,False,24716582.127,True,0.0,False,360988283.044,,360988283.044,6,False,True
C,M,20220301,2022,3,202203,97,EUR,European Union,M,Import,0,W00,World,0,W00,World,H6,HS,True,8509,"Electro-mechanical domestic appliances; with self-contained electric motor, other than vacuum cleaners of heading 85.08.",4,False,C00,TOTAL CPC,0,0,TOTAL MOT,-1,N/A,0.0,False,-1,N/A,0.0,False,24868007.084,True,0.0,False,241327297.953,,241327297.953,4,False,True
C,M,20220301,2022,3,202203,97,EUR,European Union,M,Import,0,W00,World,0,W00,World,H6,HS,True,8516,"Electric water, space, soil heaters; electro-thermic hair-dressing apparatus; hand dryers, irons; electro-thermic appliances for domestic purposes; electro heating resistors, not of heading no. 8545",4,False,C00,TOTAL CPC,0,0,TOTAL MOT,-1,N/A,0.0,False,-1,N/A,0.0,False,90069785.409,True,0.0,False,870840129.635,,870840129.635,4,False,True
C,M,20220301,2022,3,202203,97,EUR,European Union,M,Import,0,W00,World,0,W00,World,H6,HS,True,9401,"Seats (not those of heading no. 9402), whether or not convertible into beds and parts thereof",4,False,C00,TOTAL CPC,0,0,TOTAL MOT,-1,N/A,0.0,False,-1,N/A,0.0,False,205094977.431,True,0.0,False,1306170315.028,,1306170315.028,4,False,True
C,M,20220301,2022,3,202203,97,EUR,European Union,M,Import,0,W00,World,0,W00,World,H6,HS,True,9403,"Furniture and parts thereof, n.e.c. in chapter 94",4,False,C00,TOTAL CPC,0,0,TOTAL MOT,-1,N/A,0.0,False,-1,N/A,0.0,False,318537733.532,True,0.0,False,1179404457.746,,1179404457.746,4,False,True
C,M,20220301,2022,3,202203,97,EUR,European Union,M,Import,0,W00,World,0,W00,World,H6,HS,True,9405,"Luminaires and light fittings; including searchlights, spotlights and parts thereof, n.e.c.; illuminated signs, name-plates and the like, having permanently fixed light source and parts thereof n.e.c. or included",4,False,C00,TOTAL CPC,0,0,TOTAL MOT,8,kg,67202885.924,True,-1,N/A,0.0,False,67202885.924,True,0.0,False,895943841.392,,895943841.392,6,False,True
C,M,20220301,2022,3,202203,97,EUR,European Union,M,Import,0,W00,World,0,W00,World,H6,HS,True,9503,"Tricycles, scooters, pedal cars and similar wheeled toys; dolls' carriages; dolls; other toys; reduced-size (scale) models and similar recreational models, working or not; puzzles of all kinds",4,False,C00,TOTAL CPC,0,0,TOTAL MOT,8,kg,60199519.856,True,-1,N/A,0.0,False,60199519.856,True,0.0,False,682332027.769,,682332027.769,6,False,True
C,M,20220401,2022,4,202204,97,EUR,European Union,M,Import,0,W00,World,0,W00,World,H6,HS,True,3923,"Plastic articles for the conveyance or packing of goods; stoppers, lids, caps and other closures of plastics",4,False,C00,TOTAL CPC,0,0,TOTAL MOT,8,kg,112036939.88,True,-1,N/A,0.0,False,112036939.88,True,0.0,False,544663466.406,,544663466.406,6,False,True
C,M,20220401,2022,4,202204,97,EUR,European Union,M,Import,0,W00,World,0,W00,World,H6,HS,True,3924,"Tableware, kitchenware, other household articles and hygienic or toilet articles, of plastics",4,False,C00,TOTAL CPC,0,0,TOTAL MOT,8,kg,29592218.027,True,-1,N/A,0.0,False,29592218.027,True,0.0,False,173787363.88,,173787363.88,6,False,True
C,M,20220401,2022,4,202204,97,EUR,European Union,M,Import,0,W00,World,0,W00,World,H6,HS,True,3926,"Articles of plastics and articles of other materials of heading no. 3901 to 3914, n.e.c. in chapter 39",4,False,C00,TOTAL CPC,0,0,TOTAL MOT,8,kg,102086861.345,True,-1,N/A,0.0,False,102086861.345,True,0.0,False,938405069.772,,938405069.772,6,False,True
C,M,20220401,2022,4,202204,97,EUR,European Union,M,Import,0,W00,World,0,W00,World,H6,HS,True,8414,"Air or vacuum pumps, air or other gas compressors and fans; ventilating or recycling hoods incorporating a fan; gas-tight biological safety cabinets whether or not fitted with filters",4,False,C00,TOTAL CPC,0,0,TOTAL MOT,-1,N/A,0.0,True,-1,N/A,0.0,False,69602792.022,True,0.0,False,802736196.465,,802736196.465,6,False,True
C,M,20220401,2022,4,202204,97,EUR,European Union,M,Import,0,W00,World,0,W00,World,H6,HS,True,8415,"Air conditioning machines; comprising a motor driven fan and elements for changing the temperature and humidity, including those machines in which the humidity cannot be separately regulated",4,False,C00,TOTAL CPC,0,0,TOTAL MOT,-1,N/A,0.0,False,-1,N/A,0.0,False,80890867.271,True,0.0,False,801514238.536,,801514238.536,4,False,True
C,M,20220401,2022,4,202204,97,EUR,European Union,M,Import,0,W00,World,0,W00,World,H6,HS,True,8418,"Refrigerators, freezers and other refrigerating or freezing equipment, electric or other; heat pumps other than air conditioning machines of heading no. 8415",4,False,C00,TOTAL CPC,0,0,TOTAL MOT,-1,N/A,0.0,True,-1,N/A,0.0,False,94412425.716,True,0.0,False,657074272.351,,657074272.351,6,False,True
C,M,20220401,2022,4,202204,97,EUR,European Union,M,Import,0,W00,World,0,W00,World,H6,HS,True,8450,Household or laundry-type washing machines; including machines which both wash and dry,4,False,C00,TOTAL CPC,0,0,TOTAL MOT,-1,N/A,0.0,True,-1,N/A,0.0,False,41568480.983,True,0.0,False,142963889.11,,142963889.11,6,False,True
C,M,20220401,2022,4,202204,97,EUR,European Union,M,Import,0,W00,World,0,W00,World,H6,HS,True,8508,Vacuum cleaners,4,False,C00,TOTAL CPC,0,0,TOTAL MOT,-1,N/A,0.0,True,-1,N/A,0.0,False,22784697.509,True,0.0,False,350953079.555,,350953079.555,6,False,True
C,M,20220401,2022,4,202204,97,EUR,European Union,M,Import,0,W00,World,0,W00,World,H6,HS,True,8509,"Electro-mechanical domestic appliances; with self-contained electric motor, other than vacuum cleaners of heading 85.08.",4,False,C00,TOTAL CPC,0,0,TOTAL MOT,-1,N/A,0.0,False,-1,N/A,0.0,False,13343513.439,True,0.0,False,187745463.333,,187745463.333,4,False,True
C,M,20220401,2022,4,202204,97,EUR,European Union,M,Import,0,W00,World,0,W00,World,H6,HS,True,8516,"Electric water, space, soil heaters; electro-thermic hair-dressing apparatus; hand dryers, irons; electro-thermic appliances for domestic purposes; electro heating resistors, not of heading no. 8545",4,False,C00,TOTAL CPC,0,0,TOTAL MOT,-1,N/A,0.0,False,-1,N/A,0.0,False,78339929.787,True,0.0,False,727926703.281,,727926703.281,4,False,True
C,M,20220401,2022,4,202204,97,EUR,European Union,M,Import,0,W00,World,0,W00,World,H6,HS,True,9401,"Seats (not those of heading no. 9402), whether or not convertible into beds and parts thereof",4,False,C00,TOTAL CPC,0,0,TOTAL MOT,-1,N/A,0.0,False,-1,N/A,0.0,False,174320210.758,True,0.0,False,1153333965.985,,1153333965.985,4,False,True
C,M,20220401,2022,4,202204,97,EUR,European Union,M,Import,0,W00,World,0,W00,World,H6,HS,True,9403,"Furniture and parts thereof, n.e.c. in chapter 94",4,False,C00,TOTAL CPC,0,0,TOTAL MOT,-1,N/A,0.0,False,-1,N/A,0.0,False,266900821.278,True,0.0,False,1016262462.926,,1016262462.926,4,False,True
C,M,20220401,2022,4,202204,97,EUR,European Union,M,Import,0,W00,World,0,W00,World,H6,HS,True,9405,"Luminaires and light fittings; including searchlights, spotlights and parts thereof, n.e.c.; illuminated signs, name-plates and the like, having permanently fixed light source and parts thereof n.e.c. or included",4,False,C00,TOTAL CPC,0,0,TOTAL MOT,8,kg,48578238.324,True,-1,N/A,0.0,False,48578238.324,True,0.0,False,657708488.34,,657708488.34,6,False,True
C,M,20220401,2022,4,202204,97,EUR,European Union,M,Import,0,W00,World,0,W00,World,H6,HS,True,9503,"Tricycles, scooters, pedal cars and similar wheeled toys; dolls' carriages; dolls; other toys; reduced-size (scale) models and similar recreational models, working or not; puzzles of all kinds",4,False,C00,TOTAL CPC,0,0,TOTAL MOT,8,kg,47311410.319,True,-1,N/A,0.0,False,47311410.319,True,0.0,False,545118875.722,,545118875.722,6,False,True
C,M,20220501,2022,5,202205,97,EUR,European Union,M,Import,0,W00,World,0,W00,World,H6,HS,True,3923,"Plastic articles for the conveyance or packing of goods; stoppers, lids, caps and other closures of plastics",4,False,C00,TOTAL CPC,0,0,TOTAL MOT,8,kg,120667543.254,True,-1,N/A,0.0,False,120667543.254,True,0.0,False,595882807.947,,595882807.947,6,False,True
C,M,20220501,2022,5,202205,97,EUR,European Union,M,Import,0,W00,World,0,W00,World,H6,HS,True,3924,"Tableware, kitchenware, other household articles and hygienic or toilet articles, of plastics",4,False,C00,TOTAL CPC,0,0,TOTAL MOT,8,kg,36252155.137,True,-1,N/A,0.0,False,36252155.137,True,0.0,False,208471384.92,,208471384.92,6,False,True
C,M,20220501,2022,5,202205,97,EUR,European Union,M,Import,0,W00,World,0,W00,World,H6,HS,True,3926,"Articles of plastics and articles of other materials of heading no. 3901 to 3914, n.e.c. in chapter 39",4,False,C00,TOTAL CPC,0,0,TOTAL MOT,8,kg,114330151.747,True,-1,N/A,0.0,False,114330151.747,True,0.0,False,1046541364.525,,1046541364.525,6,False,True
C,M,20220501,2022,5,202205,97,EUR,European Union,M,Import,0,W00,World,0,W00,World,H6,HS,True,8414,"Air or vacuum pumps, air or other gas compressors and fans; ventilating or recycling hoods incorporating a fan; gas-tight biological safety cabinets whether or not fitted with filters",4,False,C00,TOTAL CPC,0,0,TOTAL MOT,-1,N/A,0.0,True,-1,N/A,0.0,False,77274189.875,True,0.0,False,874035233.59,,874035233.59,6,False,True
C,M,20220501,2022,5,202205,97,EUR,European Union,M,Import,0,W00,World,0,W00,World,H6,HS,True,8415,"Air conditioning machines; comprising a motor driven fan and elements for changing the temperature and humidity, including those machines in which the humidity cannot be separately regulated",4,False,C00,TOTAL CPC,0,0,TOTAL MOT,-1,N/A,0.0,False,-1,N/A,0.0,False,93294716.897,True,0.0,False,914529947.391,,914529947.391,4,False,True
C,M,20220501,2022,5,202205,97,EUR,European Union,M,Import,0,W00,World,0,W00,World,H6,HS,True,8418,"Refrigerators, freezers and other refrigerating or freezing equipment, electric or other; heat pumps other than air conditioning machines of heading no. 8415",4,False,C00,TOTAL CPC,0,0,TOTAL MOT,-1,N/A,0.0,True,-1,N/A,0.0,False,106448431.139,True,0.0,False,721191127.878,,721191127.878,6,False,True
C,M,20220501,2022,5,202205,97,EUR,European Union,M,Import,0,W00,World,0,W00,World,H6,HS,True,8450,Household or laundry-type washing machines; including machines which both wash and dry,4,False,C00,TOTAL CPC,0,0,TOTAL MOT,-1,N/A,0.0,True,-1,N/A,0.0,False,51424734.26,True,0.0,False,169909091.202,,169909091.202,6,False,True
C,M,20220501,2022,5,202205,97,EUR,European Union,M,Import,0,W00,World,0,W00,World,H6,HS,True,8508,Vacuum cleaners,4,False,C00,TOTAL CPC,0,0,TOTAL MOT,-1,N/A,0.0,True,-1,N/A,0.0,False,22415739.772,True,0.0,False,370296545.1,,370296545.1,6,False,True
C,M,20220501,2022,5,202205,97,EUR,European Union,M,Import,0,W00,World,0,W00,World,H6,HS,True,8509,"Electro-mechanical domestic appliances; with self-contained electric motor, other than vacuum cleaners of heading 85.08.",4,False,C00,TOTAL CPC,0,0,TOTAL MOT,-1,N/A,0.0,False,-1,N/A,0.0,False,20067359.37,True,0.0,False,244359816.781,,244359816.781,4,False,True
C,M,20220501,2022,5,202205,97,EUR,European Union,M,Import,0,W00,World,0,W00,World,H6,HS,True,8516,"Electric water, space, soil heaters; electro-thermic hair-dressing apparatus; hand dryers, irons; electro-thermic appliances for domestic purposes; electro heating resistors, not of heading no. 8545",4,False,C00,TOTAL CPC,0,0,TOTAL MOT,-1,N/A,0.0,False,-1,N/A,0.0,False,96791578.52,True,0.0,False,885699888.482,,885699888.482,4,False,True
C,M,20220501,2022,5,202205,97,EUR,European Union,M,Import,0,W00,World,0,W00,World,H6,HS,True,9401,"Seats (not those of heading no. 9402), whether or not convertible into beds and parts thereof",4,False,C00,TOTAL CPC,0,0,TOTAL MOT,-1,N/A,0.0,False,-1,N/A,0.0,False,191088922.857,True,0.0,False,1264968512.192,,1264968512.192,4,False,True
C,M,20220501,2022,5,202205,97,EUR,European Union,M,Import,0,W00,World,0,W00,World,H6,HS,True,9403,"Furniture and parts thereof, n.e.c. in chapter 94",4,False,C00,TOTAL CPC,0,0,TOTAL MOT,-1,N/A,0.0,False,-1,N/A,0.0,False,291463141.556,True,0.0,False,1131430707.425,,1131430707.425,4,False,True
C,M,20220501,2022,5,202205,97,EUR,European Union,M,Import,0,W00,World,0,W00,World,H6,HS,True,9405,"Luminaires and light fittings; including searchlights, spotlights and parts thereof, n.e.c.; illuminated signs, name-plates and the like, having permanently fixed light source and parts thereof n.e.c. or included",4,False,C00,TOTAL CPC,0,0,TOTAL MOT,8,kg,57160590.958,True,-1,N/A,0.0,False,57160590.958,True,0.0,False,765031256.337,,765031256.337,6,False,True
C,M,20220501,2022,5,202205,97,EUR,European Union,M,Import,0,W00,World,0,W00,World,H6,HS,True,9503,"Tricycles, scooters, pedal cars and similar wheeled toys; dolls' carriages; dolls; other toys; reduced-size (scale) models and similar recreational models, working or not; puzzles of all kinds",4,False,C00,TOTAL CPC,0,0,TOTAL MOT,8,kg,58666647.413,True,-1,N/A,0.0,False,58666647.413,True,0.0,False,655723209.623,,655723209.623,6,False,True
C,M,20220601,2022,6,202206,97,EUR,European Union,M,Import,0,W00,World,0,W00,World,H6,HS,True,3923,"Plastic articles for the conveyance or packing of goods; stoppers, lids, caps and other closures of plastics",4,False,C00,TOTAL CPC,0,0,TOTAL MOT,8,kg,120193979.153,True,-1,N/A,0.0,False,120193979.153,True,0.0,False,604584660.485,,604584660.485,6,False,True
C,M,20220601,2022,6,202206,97,EUR,European Union,M,Import,0,W00,World,0,W00,World,H6,HS,True,3924,"Tableware, kitchenware, other household articles and hygienic or toilet articles, of plastics",4,False,C00,TOTAL CPC,0,0,TOTAL MOT,8,kg,36238507.388,True,-1,N/A,0.0,False,36238507.388,True,0.0,False,212766072.544,,212766072.544,6,False,True
C,M,20220601,2022,6,202206,97,EUR,European Union,M,Import,0,W00,World,0,W00,World,H6,HS,True,3926,"Articles of plastics and articles of other materials of heading no. 3901 to 3914, n.e.c. in chapter 39",4,False,C00,TOTAL CPC,0,0,TOTAL MOT,8,kg,106184140.597,True,-1,N/A,0.0,False,106184140.597,True,0.0,False,997524151.768,,997524151.768,6,False,True
C,M,20220601,2022,6,202206,97,EUR,European Union,M,Import,0,W00,World,0,W00,World,H6,HS,True,8414,"Air or vacuum pumps, air or other gas compressors and fans; ventilating or recycling hoods incorporating a fan; gas-tight biological safety cabinets whether or not fitted with filters",4,False,C00,TOTAL CPC,0,0,TOTAL MOT,-1,N/A,0.0,True,-1,N/A,0.0,False,71799646.762,True,0.0,False,811703855.847,,811703855.847,6,False,True
C,M,20220601,2022,6,202206,97,EUR,European Union,M,Import,0,W00,World,0,W00,World,H6,HS,True,8415,"Air conditioning machines; comprising a motor driven fan and elements for changing the temperature and humidity, including those machines in which the humidity cannot be separately regulated",4,False,C00,TOTAL CPC,0,0,TOTAL MOT,-1,N/A,0.0,False,-1,N/A,0.0,False,77193983.227,True,0.0,False,781319660.889,,781319660.889,4,False,True
C,M,20220601,2022,6,202206,97,EUR,European Union,M,Import,0,W00,World,0,W00,World,H6,HS,True,8418,"Refrigerators, freezers and other refrigerating or freezing equipment, electric or other; heat pumps other than air conditioning machines of heading no. 8415",4,False,C00,TOTAL CPC,0,0,TOTAL MOT,-1,N/A,0.0,True,-1,N/A,0.0,False,98253754.574,True,0.0,False,644687866.542,,644687866.542,6,False,True
C,M,20220601,2022,6,202206,97,EUR,European Union,M,Import,0,W00,World,0,W00,World,H6,HS,True,8450,Household or laundry-type washing machines; including machines which both wash and dry,4,False,C00,TOTAL CPC,0,0,TOTAL MOT,-1,N/A,0.0,True,-1,N/A,0.0,False,41881944.61,True,0.0,False,140267892.799,,140267892.799,6,False,True
C,M,20220601,2022,6,202206,97,EUR,European Union,M,Import,0,W00,World,0,W00,World,H6,HS,True,8508,Vacuum cleaners,4,False,C00,TOTAL CPC,0,0,TOTAL MOT,-1,N/A,0.0,True,-1,N/A,0.0,False,23470122.404,True,0.0,False,344069510.03,,344069510.03,6,False,True
C,M,20220601,2022,6,202206,97,EUR,European Union,M,Import,0,W00,World,0,W00,World,H6,HS,True,8509,"Electro-mechanical domestic appliances; with self-contained electric motor, other than vacuum cleaners of heading 85.08.",4,False,C00,TOTAL CPC,0,0,TOTAL MOT,-1,N/A,0.0,False,-1,N/A,0.0,False,15276100.318,True,0.0,False,205233992.437,,205233992.437,4,False,True
C,M,20220601,2022,6,202206,97,EUR,European Union,M,Import,0,W00,World,0,W00,World,H6,HS,True,8516,"Electric water, space, soil heaters; electro-thermic hair-dressing apparatus; hand dryers, irons; electro-thermic appliances for domestic purposes; electro heating resistors, not of heading no. 8545",4,False,C00,TOTAL CPC,0,0,TOTAL MOT,-1,N/A,0.0,False,-1,N/A,0.0,False,90079399.478,True,0.0,False,860599450.755,,860599450.755,4,False,True
C,M,20220601,2022,6,202206,97,EUR,European Union,M,Import,0,W00,World,0,W00,World,H6,HS,True,9401,"Seats (not those of heading no. 9402), whether or not convertible into beds and parts thereof",4,False,C00,TOTAL CPC,0,0,TOTAL MOT,-1,N/A,0.0,False,-1,N/A,0.0,False,161018884.463,True,0.0,False,1097423487.498,,1097423487.498,4,False,True
C,M,20220601,2022,6,202206,97,EUR,European Union,M,Import,0,W00,World,0,W00,World,H6,HS,True,9403,"Furniture and parts thereof, n.e.c. in chapter 94",4,False,C00,TOTAL CPC,0,0,TOTAL MOT,-1,N/A,0.0,False,-1,N/A,0.0,False,266392042.81,True,0.0,False,1026479814.308,,1026479814.308,4,False,True
C,M,20220601,2022,6,202206,97,EUR,European Union,M,Import,0,W00,World,0,W00,World,H6,HS,True,9405,"Luminaires and light fittings; including searchlights, spotlights and parts thereof, n.e.c.; illuminated signs, name-plates and the like, having permanently fixed light source and parts thereof n.e.c. or included",4,False,C00,TOTAL CPC,0,0,TOTAL MOT,8,kg,60980461.907,True,-1,N/A,0.0,False,60980461.907,True,0.0,False,832749391.195,,832749391.195,6,False,True
C,M,20220601,2022,6,202206,97,EUR,European Union,M,Import,0,W00,World,0,W00,World,H6,HS,True,9503,"Tricycles, scooters, pedal cars and similar wheeled toys; dolls' carriages; dolls; other toys; reduced-size (scale) models and similar recreational models, working or not; puzzles of all kinds",4,False,C00,TOTAL CPC,0,0,TOTAL MOT,8,kg,57028197.306,True,-1,N/A,0.0,False,57028197.306,True,0.0,False,685920310.257,,685920310.257,6,False,True
C,M,20220701,2022,7,202207,97,EUR,European Union,M,Import,0,W00,World,0,W00,World,H6,HS,True,3923,"Plastic articles for the conveyance or packing of goods; stoppers, lids, caps and other closures of plastics",4,False,C00,TOTAL CPC,0,0,TOTAL MOT,-1,N/A,0.0,False,-1,N/A,0.0,False,,False,0.0,False,556893167.132,,556893167.132,0,False,True
C,M,20220701,2022,7,202207,97,EUR,European Union,M,Import,0,W00,World,0,W00,World,H6,HS,True,3924,"Tableware, kitchenware, other household articles and hygienic or toilet articles, of plastics",4,False,C00,TOTAL CPC,0,0,TOTAL MOT,8,kg,33130895.889,True,-1,N/A,0.0,False,33130895.889,True,0.0,False,187760100.526,,187760100.526,6,False,True
C,M,20220701,2022,7,202207,97,EUR,European Union,M,Import,0,W00,World,0,W00,World,H6,HS,True,3926,"Articles of plastics and articles of other materials of heading no. 3901 to 3914, n.e.c. in chapter 39",4,False,C00,TOTAL CPC,0,0,TOTAL MOT,8,kg,98684603.887,True,-1,N/A,0.0,False,98684603.887,True,0.0,False,936981276.867,,936981276.867,6,False,True
C,M,20220701,2022,7,202207,97,EUR,European Union,M,Import,0,W00,World,0,W00,World,H6,HS,True,8414,"Air or vacuum pumps, air or other gas compressors and fans; ventilating or recycling hoods incorporating a fan; gas-tight biological safety cabinets whether or not fitted with filters",4,False,C00,TOTAL CPC,0,0,TOTAL MOT,-1,N/A,0.0,True,-1,N/A,0.0,False,61363304.554,True,0.0,False,711144823.348,,711144823.348,6,False,True
C,M,20220701,2022,7,202207,97,EUR,European Union,M,Import,0,W00,World,0,W00,World,H6,HS,True,8415,"Air conditioning machines; comprising a motor driven fan and elements for changing the temperature and humidity, including those machines in which the humidity cannot be separately regulated",4,False,C00,TOTAL CPC,0,0,TOTAL MOT,-1,N/A,0.0,False,-1,N/A,0.0,False,64250751.822,True,0.0,False,650651257.83,,650651257.83,4,False,True
C,M,20220701,2022,7,202207,97,EUR,European Union,M,Import,0,W00,World,0,W00,World,H6,HS,True,8418,"Refrigerators, freezers and other refrigerating or freezing equipment, electric or other; heat pumps other than air conditioning machines of heading no. 8415",4,False,C00,TOTAL CPC,0,0,TOTAL MOT,-1,N/A,0.0,False,-1,N/A,0.0,False,,False,0.0,False,550535254.286,,550535254.286,0,False,True
C,M,20220701,2022,7,202207,97,EUR,European Union,M,Import,0,W00,World,0,W00,World,H6,HS,True,8450,Household or laundry-type washing machines; including machines which both wash and dry,4,False,C00,TOTAL CPC,0,0,TOTAL MOT,-1,N/A,0.0,True,-1,N/A,0.0,False,37588377.408,True,0.0,False,124150431.286,,124150431.286,6,False,True
C,M,20220701,2022,7,202207,97,EUR,European Union,M,Import,0,W00,World,0,W00,World,H6,HS,True,8508,Vacuum cleaners,4,False,C00,TOTAL CPC,0,0,TOTAL MOT,-1,N/A,0.0,True,-1,N/A,0.0,False,18775616.46,True,0.0,False,270175479.419,,270175479.419,6,False,True
C,M,20220701,2022,7,202207,97,EUR,European Union,M,Import,0,W00,World,0,W00,World,H6,HS,True,8509,"Electro-mechanical domestic appliances; with self-contained electric motor, other than vacuum cleaners of heading 85.08.",4,False,C00,TOTAL CPC,0,0,TOTAL MOT,-1,N/A,0.0,False,-1,N/A,0.0,False,13149616.406,True,0.0,False,160060435.475,,160060435.475,4,False,True
C,M,20220701,2022,7,202207,97,EUR,European Union,M,Import,0,W00,World,0,W00,World,H6,HS,True,8516,"Electric water, space, soil heaters; electro-thermic hair-dressing apparatus; hand dryers, irons; electro-thermic appliances for domestic purposes; electro heating resistors, not of heading no. 8545",4,False,C00,TOTAL CPC,0,0,TOTAL MOT,-1,N/A,0.0,False,-1,N/A,0.0,False,84718165.345,True,0.0,False,755546113.608,,755546113.608,4,False,True
C,M,20220701,2022,7,202207,97,EUR,European Union,M,Import,0,W00,World,0,W00,World,H6,HS,True,9401,"Seats (not those of heading no. 9402), whether or not convertible into beds and parts thereof",4,False,C00,TOTAL CPC,0,0,TOTAL MOT,-1,N/A,0.0,False,-1,N/A,0.0,False,135182925.099,True,0.0,False,858219533.367,,858219533.367,4,False,True
C,M,20220701,2022,7,202207,97,EUR,European Union,M,Import,0,W00,World,0,W00,World,H6,HS,True,9403,"Furniture and parts thereof, n.e.c. in chapter 94",4,False,C00,TOTAL CPC,0,0,TOTAL MOT,-1,N/A,0.0,False,-1,N/A,0.0,False,246364208.274,True,0.0,False,876589834.264,,876589834.264,4,False,True
C,M,20220701,2022,7,202207,97,EUR,European Union,M,Import,0,W00,World,0,W00,World,H6,HS,True,9405,"Luminaires and light fittings; including searchlights, spotlights and parts thereof, n.e.c.; illuminated signs, name-plates and the like, having permanently fixed light source and parts thereof n.e.c. or included",4,False,C00,TOTAL CPC,0,0,TOTAL MOT,8,kg,59965879.601,True,-1,N/A,0.0,False,59965879.601,True,0.0,False,787058634.514,,787058634.514,6,False,True
C,M,20220701,2022,7,202207,97,EUR,European Union,M,Import,0,W00,World,0,W00,World,H6,HS,True,9503,"Tricycles, scooters, pedal cars and similar wheeled toys; dolls' carriages; dolls; other toys; reduced-size (scale) models and similar recreational models, working or not; puzzles of all kinds",4,False,C00,TOTAL CPC,0,0,TOTAL MOT,8,kg,56408301.335,True,-1,N/A,0.0,False,56408301.335,True,0.0,False,668169132.461,,668169132.461,6,False,True
C,M,20220801,2022,8,202208,97,EUR,European Union,M,Import,0,W00,World,0,W00,World,H6,HS,True,3923,"Plastic articles for the conveyance or packing of goods; stoppers, lids, caps and other closures of plastics",4,False,C00,TOTAL CPC,0,0,TOTAL MOT,8,kg,119488088.58,True,-1,N/A,0.0,False,119488088.58,True,0.0,False,590536621.823,,590536621.823,6,False,True
C,M,20220801,2022,8,202208,97,EUR,European Union,M,Import,0,W00,World,0,W00,World,H6,HS,True,3924,"Tableware, kitchenware, other household articles and hygienic or toilet articles, of plastics",4,False,C00,TOTAL CPC,0,0,TOTAL MOT,8,kg,37236848.544,True,-1,N/A,0.0,False,37236848.544,True,0.0,False,209672536.029,,209672536.029,6,False,True
C,M,20220801,2022,8,202208,97,EUR,European Union,M,Import,0,W00,World,0,W00,World,H6,HS,True,3926,"Articles of plastics and articles of other materials of heading no. 3901 to 3914, n.e.c. in chapter 39",4,False,C00,TOTAL CPC,0,0,TOTAL MOT,8,kg,104364029.929,True,-1,N/A,0.0,False,104364029.929,True,0.0,False,1017944191.242,,1017944191.242,6,False,True
C,M,20220801,2022,8,202208,97,EUR,European Union,M,Import,0,W00,World,0,W00,World,H6,HS,True,8414,"Air or vacuum pumps, air or other gas compressors and fans; ventilating or recycling hoods incorporating a fan; gas-tight biological safety cabinets whether or not fitted with filters",4,False,C00,TOTAL CPC,0,0,TOTAL MOT,-1,N/A,0.0,True,-1,N/A,0.0,False,58085425.573,True,0.0,False,749628748.56,,749628748.56,6,False,True
C,M,20220801,2022,8,202208,97,EUR,European Union,M,Import,0,W00,World,0,W00,World,H6,HS,True,8415,"Air conditioning machines; comprising a motor driven fan and elements for changing the temperature and humidity, including those machines in which the humidity cannot be separately regulated",4,False,C00,TOTAL CPC,0,0,TOTAL MOT,-1,N/A,0.0,False,-1,N/A,0.0,False,55402704.933,True,0.0,False,607312093.993,,607312093.993,4,False,True
C,M,20220801,2022,8,202208,97,EUR,European Union,M,Import,0,W00,World,0,W00,World,H6,HS,True,8418,"Refrigerators, freezers and other refrigerating or freezing equipment, electric or other; heat pumps other than air conditioning machines of heading no. 8415",4,False,C00,TOTAL CPC,0,0,TOTAL MOT,-1,N/A,0.0,False,-1,N/A,0.0,False,,False,0.0,False,566402138.93,,566402138.93,0,False,True
C,M,20220801,2022,8,202208,97,EUR,European Union,M,Import,0,W00,World,0,W00,World,H6,HS,True,8450,Household or laundry-type washing machines; including machines which both wash and dry,4,False,C00,TOTAL CPC,0,0,TOTAL MOT,-1,N/A,0.0,True,-1,N/A,0.0,False,40337531.721,True,0.0,False,138492366.27,,138492366.27,6,False,True
C,M,20220801,2022,8,202208,97,EUR,European Union,M,Import,0,W00,World,0,W00,World,H6,HS,True,8508,Vacuum cleaners,4,False,C00,TOTAL CPC,0,0,TOTAL MOT,-1,N/A,0.0,True,-1,N/A,0.0,False,25029294.88,True,0.0,False,364702519.321,,364702519.321,6,False,True
C,M,20220801,2022,8,202208,97,EUR,European Union,M,Import,0,W00,World,0,W00,World,H6,HS,True,8509,"Electro-mechanical domestic appliances; with self-contained electric motor, other than vacuum cleaners of heading 85.08.",4,False,C00,TOTAL CPC,0,0,TOTAL MOT,-1,N/A,0.0,False,-1,N/A,0.0,False,14024758.876,True,0.0,False,177642072.306,,177642072.306,4,False,True
C,M,20220801,2022,8,202208,97,EUR,European Union,M,Import,0,W00,World,0,W00,World,H6,HS,True,8516,"Electric water, space, soil heaters; electro-thermic hair-dressing apparatus; hand dryers, irons; electro-thermic appliances for domestic purposes; electro heating resistors, not of heading no. 8545",4,False,C00,TOTAL CPC,0,0,TOTAL MOT,-1,N/A,0.0,False,-1,N/A,0.0,False,101109793.029,True,0.0,False,927257413.857,,927257413.857,4,False,True
C,M,20220801,2022,8,202208,97,EUR,European Union,M,Import,0,W00,World,0,W00,World,H6,HS,True,9401,"Seats (not those of heading no. 9402), whether or not convertible into beds and parts thereof",4,False,C00,TOTAL CPC,0,0,TOTAL MOT,-1,N/A,0.0,False,-1,N/A,0.0,False,141488345.462,True,0.0,False,909080741.62,,909080741.62,4,False,True
C,M,20220801,2022,8,202208,97,EUR,European Union,M,Import,0,W00,World,0,W00,World,H6,HS,True,9403,"Furniture and parts thereof, n.e.c. in chapter 94",4,False,C00,TOTAL CPC,0,0,TOTAL MOT,-1,N/A,0.0,False,-1,N/A,0.0,False,258274339.367,True,0.0,False,938332283.932,,938332283.932,4,False,True
C,M,20220801,2022,8,202208,97,EUR,European Union,M,Import,0,W00,World,0,W00,World,H6,HS,True,9405,"Luminaires and light fittings; including searchlights, spotlights and parts thereof, n.e.c.; illuminated signs, name-plates and the like, having permanently fixed light source and parts thereof n.e.c. or included",4,False,C00,TOTAL CPC,0,0,TOTAL MOT,8,kg,78928641.968,True,-1,N/A,0.0,False,78928641.968,True,0.0,False,1036177804.526,,1036177804.526,6,False,True
C,M,20220801,2022,8,202208,97,EUR,European Union,M,Import,0,W00,World,0,W00,World,H6,HS,True,9503,"Tricycles, scooters, pedal cars and similar wheeled toys; dolls' carriages; dolls; other toys; reduced-size (scale) models and similar recreational models, working or not; puzzles of all kinds",4,False,C00,TOTAL CPC,0,0,TOTAL MOT,8,kg,79540103.09,True,-1,N/A,0.0,False,79540103.09,True,0.0,False,976297766.294,,976297766.294,6,False,True
C,M,20220901,2022,9,202209,97,EUR,European Union,M,Import,0,W00,World,0,W00,World,H6,HS,True,3923,"Plastic articles for the conveyance or packing of goods; stoppers, lids, caps and other closures of plastics",4,False,C00,TOTAL CPC,0,0,TOTAL MOT,8,kg,114668496.653,True,-1,N/A,0.0,False,114668496.653,True,0.0,False,580810453.012,,580810453.012,6,False,True
C,M,20220901,2022,9,202209,97,EUR,European Union,M,Import,0,W00,World,0,W00,World,H6,HS,True,3924,"Tableware, kitchenware, other household articles and hygienic or toilet articles, of plastics",4,False,C00,TOTAL CPC,0,0,TOTAL MOT,8,kg,34457960.884,True,-1,N/A,0.0,False,34457960.884,True,0.0,False,202172938.908,,202172938.908,6,False,True
C,M,20220901,2022,9,202209,97,EUR,European Union,M,Import,0,W00,World,0,W00,World,H6,HS,True,3926,"Articles of plastics and articles of other materials of heading no. 3901 to 3914, n.e.c. in chapter 39",4,False,C00,TOTAL CPC,0,0,TOTAL MOT,8,kg,102115638.268,True,-1,N/A,0.0,False,102115638.268,True,0.0,False,1070862291.293,,1070862291.293,6,False,True
C,M,20220901,2022,9,202209,97,EUR,European Union,M,Import,0,W00,World,0,W00,World,H6,HS,True,8414,"Air or vacuum pumps, air or other gas compressors and fans; ventilating or recycling hoods incorporating a fan; gas-tight biological safety cabinets whether or not fitted with filters",4,False,C00,TOTAL CPC,0,0,TOTAL MOT,-1,N/A,0.0,True,-1,N/A,0.0,False,56320114.74,True,0.0,False,788537693.071,,788537693.071,6,False,True
C,M,20220901,2022,9,202209,97,EUR,European Union,M,Import,0,W00,World,0,W00,World,H6,HS,True,8415,"Air conditioning machines; comprising a motor driven fan and elements for changing the temperature and humidity, including those machines in which the humidity cannot be separately regulated",4,False,C00,TOTAL CPC,0,0,TOTAL MOT,-1,N/A,0.0,False,-1,N/A,0.0,False,46640691.999,True,0.0,False,552663589.319,,552663589.319,4,False,True
C,M,20220901,2022,9,202209,97,EUR,European Union,M,Import,0,W00,World,0,W00,World,H6,HS,True,8418,"Refrigerators, freezers and other refrigerating or freezing equipment, electric or other; heat pumps other than air conditioning machines of heading no. 8415",4,False,C00,TOTAL CPC,0,0,TOTAL MOT,-1,N/A,0.0,True,-1,N/A,0.0,False,,False,0.0,False,535698847.594,,535698847.594,2,False,True
C,M,20220901,2022,9,202209,97,EUR,European Union,M,Import,0,W00,World,0,W00,World,H6,HS,True,8450,Household or laundry-type washing machines; including machines which both wash and dry,4,False,C00,TOTAL CPC,0,0,TOTAL MOT,-1,N/A,0.0,True,-1,N/A,0.0,False,41001384.667,True,0.0,False,136076571.196,,136076571.196,6,False,True
C,M,20220901,2022,9,202209,97,EUR,European Union,M,Import,0,W00,World,0,W00,World,H6,HS,True,8508,Vacuum cleaners,4,False,C00,TOTAL CPC,0,0,TOTAL MOT,-1,N/A,0.0,True,-1,N/A,0.0,False,21114750.979,True,0.0,False,317864821.359,,317864821.359,6,False,True
C,M,20220901,2022,9,202209,97,EUR,European Union,M,Import,0,W00,World,0,W00,World,H6,HS,True,8509,"Electro-mechanical domestic appliances; with self-contained electric motor, other than vacuum cleaners of heading 85.08.",4,False,C00,TOTAL CPC,0,0,TOTAL MOT,-1,N/A,0.0,False,-1,N/A,0.0,False,14410348.988,True,0.0,False,174336559.479,,174336559.479,4,False,True
C,M,20220901,2022,9,202209,97,EUR,European Union,M,Import,0,W00,World,0,W00,World,H6,HS,True,8516,"Electric water, space, soil heaters; electro-thermic hair-dressing apparatus; hand dryers, irons; electro-thermic appliances for domestic purposes; electro heating resistors, not of heading no. 8545",4,False,C00,TOTAL CPC,0,0,TOTAL MOT,-1,N/A,0.0,False,-1,N/A,0.0,False,105449078.062,True,0.0,False,966433894.265,,966433894.265,4,False,True
C,M,20220901,2022,9,202209,97,EUR,European Union,M,Import,0,W00,World,0,W00,World,H6,HS,True,9401,"Seats (not those of heading no. 9402), whether or not convertible into beds and parts thereof",4,False,C00,TOTAL CPC,0,0,TOTAL MOT,-1,N/A,0.0,False,-1,N/A,0.0,False,129000031.504,True,0.0,False,880297139.495,,880297139.495,4,False,True
C,M,20220901,2022,9,202209,97,EUR,European Union,M,Import,0,W00,World,0,W00,World,H6,HS,True,9403,"Furniture and parts thereof, n.e.c. in chapter 94",4,False,C00,TOTAL CPC,0,0,TOTAL MOT,-1,N/A,0.0,False,-1,N/A,0.0,False,236529189.814,True,0.0,False,848764148.185,,848764148.185,4,False,True
C,M,20220901,2022,9,202209,97,EUR,European Union,M,Import,0,W00,World,0,W00,World,H6,HS,True,9405,"Luminaires and light fittings; including searchlights, spotlights and parts thereof, n.e.c.; illuminated signs, name-plates and the like, having permanently fixed light source and parts thereof n.e.c. or included",4,False,C00,TOTAL CPC,0,0,TOTAL MOT,8,kg,76892313.384,True,-1,N/A,0.0,False,76892313.384,True,0.0,False,1011371232.899,,1011371232.899,6,False,True
C,M,20220901,2022,9,202209,97,EUR,European Union,M,Import,0,W00,World,0,W00,World,H6,HS,True,9503,"Tricycles, scooters, pedal cars and similar wheeled toys; dolls' carriages; dolls; other toys; reduced-size (scale) models and similar recreational models, working or not; puzzles of all kinds",4,False,C00,TOTAL CPC,0,0,TOTAL MOT,8,kg,96807817.563,True,-1,N/A,0.0,False,96807817.563,True,0.0,False,1151020040.437,,1151020040.437,6,False,True
C,M,20221001,2022,10,202210,97,EUR,European Union,M,Import,0,W00,World,0,W00,World,H6,HS,True,3923,"Plastic articles for the conveyance or packing of goods; stoppers, lids, caps and other closures of plastics",4,False,C00,TOTAL CPC,0,0,TOTAL MOT,8,kg,119234026.892,True,-1,N/A,0.0,False,119234026.892,True,0.0,False,551272147.19,,551272147.19,6,False,True
C,M,20221001,2022,10,202210,97,EUR,European Union,M,Import,0,W00,World,0,W00,World,H6,HS,True,3924,"Tableware, kitchenware, other household articles and hygienic or toilet articles, of plastics",4,False,C00,TOTAL CPC,0,0,TOTAL MOT,8,kg,33346032.64,True,-1,N/A,0.0,False,33346032.64,True,0.0,False,181675433.692,,181675433.692,6,False,True
C,M,20221001,2022,10,202210,97,EUR,European Union,M,Import,0,W00,World,0,W00,World,H6,HS,True,3926,"Articles of plastics and articles of other materials of heading no. 3901 to 3914, n.e.c. in chapter 39",4,False,C00,TOTAL CPC,0,0,TOTAL MOT,8,kg,92789660.285,True,-1,N/A,0.0,False,92789660.285,True,0.0,False,927424322.401,,927424322.401,6,False,True
C,M,20221001,2022,10,202210,97,EUR,European Union,M,Import,0,W00,World,0,W00,World,H6,HS,True,8414,"Air or vacuum pumps, air or other gas compressors and fans; ventilating or recycling hoods incorporating a fan; gas-tight biological safety cabinets whether or not fitted with filters",4,False,C00,TOTAL CPC,0,0,TOTAL MOT,-1,N/A,0.0,True,-1,N/A,0.0,False,50472917.647,True,0.0,False,724717116.167,,724717116.167,6,False,True
C,M,20221001,2022,10,202210,97,EUR,European Union,M,Import,0,W00,World,0,W00,World,H6,HS,True,8415,"Air conditioning machines; comprising a motor driven fan and elements for changing the temperature and humidity, including those machines in which the humidity cannot be separately regulated",4,False,C00,TOTAL CPC,0,0,TOTAL MOT,-1,N/A,0.0,False,-1,N/A,0.0,False,44006043.178,True,0.0,False,547719798.286,,547719798.286,4,False,True
C,M,20221001,2022,10,202210,97,EUR,European Union,M,Import,0,W00,World,0,W00,World,H6,HS,True,8418,"Refrigerators, freezers and other refrigerating or freezing equipment, electric or other; heat pumps other than air conditioning machines of heading no. 8415",4,False,C00,TOTAL CPC,0,0,TOTAL MOT,-1,N/A,0.0,True,-1,N/A,0.0,False,,False,0.0,False,536656579.152,,536656579.152,2,False,True
C,M,20221001,2022,10,202210,97,EUR,European Union,M,Import,0,W00,World,0,W00,World,H6,HS,True,8450,Household or laundry-type washing machines; including machines which both wash and dry,4,False,C00,TOTAL CPC,0,0,TOTAL MOT,-1,N/A,0.0,True,-1,N/A,0.0,False,44768683.478,True,0.0,False,145185799.633,,145185799.633,6,False,True
C,M,20221001,2022,10,202210,97,EUR,European Union,M,Import,0,W00,World,0,W00,World,H6,HS,True,8508,Vacuum cleaners,4,False,C00,TOTAL CPC,0,0,TOTAL MOT,-1,N/A,0.0,True,-1,N/A,0.0,False,24627503.367,True,0.0,False,347737461.635,,347737461.635,6,False,True
C,M,20221001,2022,10,202210,97,EUR,European Union,M,Import,0,W00,World,0,W00,World,H6,HS,True,8509,"Electro-mechanical domestic appliances; with self-contained electric motor, other than vacuum cleaners of heading 85.08.",4,False,C00,TOTAL CPC,0,0,TOTAL MOT,-1,N/A,0.0,False,-1,N/A,0.0,False,12106626.638,True,0.0,False,158280174.671,,158280174.671,4,False,True
C,M,20221001,2022,10,202210,97,EUR,European Union,M,Import,0,W00,World,0,W00,World,H6,HS,True,8516,"Electric water, space, soil heaters; electro-thermic hair-dressing apparatus; hand dryers, irons; electro-thermic appliances for domestic purposes; electro heating resistors, not of heading no. 8545",4,False,C00,TOTAL CPC,0,0,TOTAL MOT,-1,N/A,0.0,False,-1,N/A,0.0,False,104960279.868,True,0.0,False,932463291.713,,932463291.713,4,False,True
C,M,20221001,2022,10,202210,97,EUR,European Union,M,Import,0,W00,World,0,W00,World,H6,HS,True,9401,"Seats (not those of heading no. 9402), whether or not convertible into beds and parts thereof",4,False,C00,TOTAL CPC,0,0,TOTAL MOT,-1,N/A,0.0,False,-1,N/A,0.0,False,120669620.596,True,0.0,False,816908999.505,,816908999.505,4,False,True
C,M,20221001,2022,10,202210,97,EUR,European Union,M,Import,0,W00,World,0,W00,World,H6,HS,True,9403,"Furniture and parts thereof, n.e.c. in chapter 94",4,False,C00,TOTAL CPC,0,0,TOTAL MOT,-1,N/A,0.0,False,-1,N/A,0.0,False,231124586.865,True,0.0,False,811281665.347,,811281665.347,4,False,True
C,M,20221001,2022,10,202210,97,EUR,European Union,M,Import,0,W00,World,0,W00,World,H6,HS,True,9405,"Luminaires and light fittings; including searchlights, spotlights and parts thereof, n.e.c.; illuminated signs, name-plates and the like, having permanently fixed light source and parts thereof n.e.c. or included",4,False,C00,TOTAL CPC,0,0,TOTAL MOT,8,kg,65796810.469,True,-1,N/A,0.0,False,65796810.469,True,0.0,False,867095372.076,,867095372.076,6,False,True
C,M,20221001,2022,10,202210,97,EUR,European Union,M,Import,0,W00,World,0,W00,World,H6,HS,True,9503,"Tricycles, scooters, pedal cars and similar wheeled toys; dolls' carriages; dolls; other toys; reduced-size (scale) models and similar recreational models, working or not; puzzles of all kinds",4,False,C00,TOTAL CPC,0,0,TOTAL MOT,8,kg,78267758.164,True,-1,N/A,0.0,False,78267758.164,True,0.0,False,932614159.911,,932614159.911,6,False,True
C,M,20221101,2022,11,202211,97,EUR,European Union,M,Import,0,W00,World,0,W00,World,H6,HS,True,3923,"Plastic articles for the conveyance or packing of goods; stoppers, lids, caps and other closures of plastics",4,False,C00,TOTAL CPC,0,0,TOTAL MOT,8,kg,116106225.59,True,-1,N/A,0.0,False,116106225.59,True,0.0,False,586404132.92,,586404132.92,6,False,True
C,M,20221101,2022,11,202211,97,EUR,European Union,M,Import,0,W00,World,0,W00,World,H6,HS,True,3924,"Tableware, kitchenware, other household articles and hygienic or toilet articles, of plastics",4,False,C00,TOTAL CPC,0,0,TOTAL MOT,8,kg,32042503.79,True,-1,N/A,0.0,False,32042503.79,True,0.0,False,179756337.551,,179756337.551,6,False,True
C,M,20221101,2022,11,202211,97,EUR,European Union,M,Import,0,W00,World,0,W00,World,H6,HS,True,3926,"Articles of plastics and articles of other materials of heading no. 3901 to 3914, n.e.c. in chapter 39",4,False,C00,TOTAL CPC,0,0,TOTAL MOT,8,kg,95359813.431,True,-1,N/A,0.0,False,95359813.431,True,0.0,False,955445718.918,,955445718.918,6,False,True
C,M,20221101,2022,11,202211,97,EUR,European Union,M,Import,0,W00,World,0,W00,World,H6,HS,True,8414,"Air or vacuum pumps, air or other gas compressors and fans; ventilating or recycling hoods incorporating a fan; gas-tight biological safety cabinets whether or not fitted with filters",4,False,C00,TOTAL CPC,0,0,TOTAL MOT,-1,N/A,0.0,True,-1,N/A,0.0,False,54062002.604,True,0.0,False,802080495.155,,802080495.155,6,False,True
C,M,20221101,2022,11,202211,97,EUR,European Union,M,Import,0,W00,World,0,W00,World,H6,HS,True,8415,"Air conditioning machines; comprising a motor driven fan and elements for changing the temperature and humidity, including those machines in which the humidity cannot be separately regulated",4,False,C00,TOTAL CPC,0,0,TOTAL MOT,-1,N/A,0.0,False,-1,N/A,0.0,False,41197249.819,True,0.0,False,524391732.598,,524391732.598,4,False,True
C,M,20221101,2022,11,202211,97,EUR,European Union,M,Import,0,W00,World,0,W00,World,H6,HS,True,8418,"Refrigerators, freezers and other refrigerating or freezing equipment, electric or other; heat pumps other than air conditioning machines of heading no. 8415",4,False,C00,TOTAL CPC,0,0,TOTAL MOT,-1,N/A,0.0,False,-1,N/A,0.0,False,,False,0.0,False,558170928.395,,558170928.395,0,False,True
C,M,20221101,2022,11,202211,97,EUR,European Union,M,Import,0,W00,World,0,W00,World,H6,HS,True,8450,Household or laundry-type washing machines; including machines which both wash and dry,4,False,C00,TOTAL CPC,0,0,TOTAL MOT,-1,N/A,0.0,True,-1,N/A,0.0,False,46516926.232,True,0.0,False,157649971.504,,157649971.504,6,False,True
C,M,20221101,2022,11,202211,97,EUR,European Union,M,Import,0,W00,World,0,W00,World,H6,HS,True,8508,Vacuum cleaners,4,False,C00,TOTAL CPC,0,0,TOTAL MOT,-1,N/A,0.0,True,-1,N/A,0.0,False,17792280.639,True,0.0,False,338538827.826,,338538827.826,6,False,True
C,M,20221101,2022,11,202211,97,EUR,European Union,M,Import,0,W00,World,0,W00,World,H6,HS,True,8509,"Electro-mechanical domestic appliances; with self-contained electric motor, other than vacuum cleaners of heading 85.08.",4,False,C00,TOTAL CPC,0,0,TOTAL MOT,-1,N/A,0.0,False,-1,N/A,0.0,False,12688355.484,True,0.0,False,169420987.483,,169420987.483,4,False,True
C,M,20221101,2022,11,202211,97,EUR,European Union,M,Import,0,W00,World,0,W00,World,H6,HS,True,8516,"Electric water, space, soil heaters; electro-thermic hair-dressing apparatus; hand dryers, irons; electro-thermic appliances for domestic purposes; electro heating resistors, not of heading no. 8545",4,False,C00,TOTAL CPC,0,0,TOTAL MOT,-1,N/A,0.0,False,-1,N/A,0.0,False,98912173.008,True,0.0,False,931911490.933,,931911490.933,4,False,True
C,M,20221101,2022,11,202211,97,EUR,European Union,M,Import,0,W00,World,0,W00,World,H6,HS,True,9401,"Seats (not those of heading no. 9402), whether or not convertible into beds and parts thereof",4,False,C00,TOTAL CPC,0,0,TOTAL MOT,-1,N/A,0.0,False,-1,N/A,0.0,False,129527721.514,True,0.0,False,895721282.48,,895721282.48,4,False,True
C,M,20221101,2022,11,202211,97,EUR,European Union,M,Import,0,W00,World,0,W00,World,H6,HS,True,9403,"Furniture and parts thereof, n.e.c. in chapter 94",4,False,C00,TOTAL CPC,0,0,TOTAL MOT,-1,N/A,0.0,False,-1,N/A,0.0,False,237284537.708,True,0.0,False,868415647.038,,868415647.038,4,False,True
C,M,20221101,2022,11,202211,97,EUR,European Union,M,Import,0,W00,World,0,W00,World,H6,HS,True,9405,"Luminaires and light fittings; including searchlights, spotlights and parts thereof, n.e.c.; illuminated signs, name-plates and the like, having permanently fixed light source and parts thereof n.e.c. or included",4,False,C00,TOTAL CPC,0,0,TOTAL MOT,8,kg,54737093.713,True,-1,N/A,0.0,False,54737093.713,True,0.0,False,755766491.649,,755766491.649,6,False,True
C,M,20221101,2022,11,202211,97,EUR,European Union,M,Import,0,W00,World,0,W00,World,H6,HS,True,9503,"Tricycles, scooters, pedal cars and similar wheeled toys; dolls' carriages; dolls; other toys; reduced-size (scale) models and similar recreational models, working or not; puzzles of all kinds",4,False,C00,TOTAL CPC,0,0,TOTAL MOT,8,kg,59269634.054,True,-1,N/A,0.0,False,59269634.054,True,0.0,False,758210493.18,,758210493.18,6,False,True
C,M,20221201,2022,12,202212,97,EUR,European Union,M,Import,0,W00,World,0,W00,World,H6,HS,True,3923,"Plastic articles for the conveyance or packing of goods; stoppers, lids, caps and other closures of plastics",4,False,C00,TOTAL CPC,0,0,TOTAL MOT,8,kg,107038151.823,True,-1,N/A,0.0,False,107038151.823,True,0.0,False,524541507.223,,524541507.223,6,False,True
C,M,20221201,2022,12,202212,97,EUR,European Union,M,Import,0,W00,World,0,W00,World,H6,HS,True,3924,"Tableware, kitchenware, other household articles and hygienic or toilet articles, of plastics",4,False,C00,TOTAL CPC,0,0,TOTAL MOT,8,kg,31842757.517,True,-1,N/A,0.0,False,31842757.517,True,0.0,False,170093378.464,,170093378.464,6,False,True
C,M,20221201,2022,12,202212,97,EUR,European Union,M,Import,0,W00,World,0,W00,World,H6,HS,True,3926,"Articles of plastics and articles of other materials of heading no. 3901 to 3914, n.e.c. in chapter 39",4,False,C00,TOTAL CPC,0,0,TOTAL MOT,8,kg,82852398.351,True,-1,N/A,0.0,False,82852398.351,True,0.0,False,835615120.238,,835615120.238,6,False,True
C,M,20221201,2022,12,202212,97,EUR,European Union,M,Import,0,W00,World,0,W00,World,H6,HS,True,8414,"Air or vacuum pumps, air or other gas compressors and fans; ventilating or recycling hoods incorporating a fan; gas-tight biological safety cabinets whether or not fitted with filters",4,False,C00,TOTAL CPC,0,0,TOTAL MOT,-1,N/A,0.0,True,-1,N/A,0.0,False,45073942.883,True,0.0,False,673399377.666,,673399377.666,6,False,True
C,M,20221201,2022,12,202212,97,EUR,European Union,M,Import,0,W00,World,0,W00,World,H6,HS,True,8415,"Air conditioning machines; comprising a motor driven fan and elements for changing the temperature and humidity, including those machines in which the humidity cannot be separately regulated",4,False,C00,TOTAL CPC,0,0,TOTAL MOT,-1,N/A,0.0,False,-1,N/A,0.0,False,39835644.846,True,0.0,False,494323424.216,,494323424.216,4,False,True
C,M,20221201,2022,12,202212,97,EUR,European Union,M,Import,0,W00,World,0,W00,World,H6,HS,True,8418,"Refrigerators, freezers and other refrigerating or freezing equipment, electric or other; heat pumps other than air conditioning machines of heading no. 8415",4,False,C00,TOTAL CPC,0,0,TOTAL MOT,-1,N/A,0.0,True,-1,N/A,0.0,False,67421269.96,True,0.0,False,497247659.496,,497247659.496,6,False,True
C,M,20221201,2022,12,202212,97,EUR,European Union,M,Import,0,W00,World,0,W00,World,H6,HS,True,8450,Household or laundry-type washing machines; including machines which both wash and dry,4,False,C00,TOTAL CPC,0,0,TOTAL MOT,-1,N/A,0.0,True,-1,N/A,0.0,False,41666083.539,True,0.0,False,147186772.058,,147186772.058,6,False,True
C,M,20221201,2022,12,202212,97,EUR,European Union,M,Import,0,W00,World,0,W00,World,H6,HS,True,8508,Vacuum cleaners,4,False,C00,TOTAL CPC,0,0,TOTAL MOT,-1,N/A,0.0,True,-1,N/A,0.0,False,12993242.059,True,0.0,False,246335698.668,,246335698.668,6,False,True
C,M,20221201,2022,12,202212,97,EUR,European Union,M,Import,0,W00,World,0,W00,World,H6,HS,True,8509,"Electro-mechanical domestic appliances; with self-contained electric motor, other than vacuum cleaners of heading 85.08.",4,False,C00,TOTAL CPC,0,0,TOTAL MOT,-1,N/A,0.0,False,-1,N/A,0.0,False,9468755.201,True,0.0,False,133518220.022,,133518220.022,4,False,True
C,M,20221201,2022,12,202212,97,EUR,European Union,M,Import,0,W00,World,0,W00,World,H6,HS,True,8516,"Electric water, space, soil heaters; electro-thermic hair-dressing apparatus; hand dryers, irons; electro-thermic appliances for domestic purposes; electro heating resistors, not of heading no. 8545",4,False,C00,TOTAL CPC,0,0,TOTAL MOT,-1,N/A,0.0,False,-1,N/A,0.0,False,77719800.021,True,0.0,False,696895621.928,,696895621.928,4,False,True
C,M,20221201,2022,12,202212,97,EUR,European Union,M,Import,0,W00,World,0,W00,World,H6,HS,True,9401,"Seats (not those of heading no. 9402), whether or not convertible into beds and parts thereof",4,False,C00,TOTAL CPC,0,0,TOTAL MOT,-1,N/A,0.0,False,-1,N/A,0.0,False,123870667.805,True,0.0,False,803944195.388,,803944195.388,4,False,True
C,M,20221201,2022,12,202212,97,EUR,European Union,M,Import,0,W00,World,0,W00,World,H6,HS,True,9403,"Furniture and parts thereof, n.e.c. in chapter 94",4,False,C00,TOTAL CPC,0,0,TOTAL MOT,-1,N/A,0.0,False,-1,N/A,0.0,False,219171581.963,True,0.0,False,769920337.532,,769920337.532,4,False,True
C,M,20221201,2022,12,202212,97,EUR,European Union,M,Import,0,W00,World,0,W00,World,H6,HS,True,9405,"Luminaires and light fittings; including searchlights, spotlights and parts thereof, n.e.c.; illuminated signs, name-plates and the like, having permanently fixed light source and parts thereof n.e.c. or included",4,False,C00,TOTAL CPC,0,0,TOTAL MOT,8,kg,44352832.499,True,-1,N/A,0.0,False,44352832.499,True,0.0,False,598647888.777,,598647888.777,6,False,True
C,M,20221201,2022,12,202212,97,EUR,European Union,M,Import,0,W00,World,0,W00,World,H6,HS,True,9503,"Tricycles, scooters, pedal cars and similar wheeled toys; dolls' carriages; dolls; other toys; reduced-size (scale) models and similar recreational models, working or not; puzzles of all kinds",4,False,C00,TOTAL CPC,0,0,TOTAL MOT,8,kg,40895052.807,True,-1,N/A,0.0,False,40895052.807,True,0.0,False,534203891.191,,534203891.191,6,False,True
C,M,20230101,2023,1,202301,97,EUR,European Union,M,Import,0,W00,World,0,W00,World,H6,HS,True,3923,"Plastic articles for the conveyance or packing of goods; stoppers, lids, caps and other closures of plastics",4,False,C00,TOTAL CPC,0,0,TOTAL MOT,8,kg,106054949.971,True,-1,N/A,0.0,False,106054949.971,True,0.0,False,533402515.855,,533402515.855,6,False,True
C,M,20230101,2023,1,202301,97,EUR,European Union,M,Import,0,W00,World,0,W00,World,H6,HS,True,3924,"Tableware, kitchenware, other household articles and hygienic or toilet articles, of plastics",4,False,C00,TOTAL CPC,0,0,TOTAL MOT,8,kg,32380447.821,True,-1,N/A,0.0,False,32380447.821,True,0.0,False,174420217.267,,174420217.267,6,False,True
C,M,20230101,2023,1,202301,97,EUR,European Union,M,Import,0,W00,World,0,W00,World,H6,HS,True,3926,"Articles of plastics and articles of other materials of heading no. 3901 to 3914, n.e.c. in chapter 39",4,False,C00,TOTAL CPC,0,0,TOTAL MOT,8,kg,87725429.32,True,-1,N/A,0.0,False,87725429.32,True,0.0,False,910134070.248,,910134070.248,6,False,True
C,M,20230101,2023,1,202301,97,EUR,European Union,M,Import,0,W00,World,0,W00,World,H6,HS,True,8414,"Air or vacuum pumps, air or other gas compressors and fans; ventilating or recycling hoods incorporating a fan; gas-tight biological safety cabinets whether or not fitted with filters",4,False,C00,TOTAL CPC,0,0,TOTAL MOT,-1,N/A,0.0,True,-1,N/A,0.0,False,57606242.239,True,0.0,False,751880310.242,,751880310.242,6,False,True
C,M,20230101,2023,1,202301,97,EUR,European Union,M,Import,0,W00,World,0,W00,World,H6,HS,True,8415,"Air conditioning machines; comprising a motor driven fan and elements for changing the temperature and humidity, including those machines in which the humidity cannot be separately regulated",4,False,C00,TOTAL CPC,0,0,TOTAL MOT,-1,N/A,0.0,False,-1,N/A,0.0,False,45628634.963,True,0.0,False,578911939.401,,578911939.401,4,False,True
C,M,20230101,2023,1,202301,97,EUR,European Union,M,Import,0,W00,World,0,W00,World,H6,HS,True,8418,"Refrigerators, freezers and other refrigerating or freezing equipment, electric or other; heat pumps other than air conditioning machines of heading no. 8415",4,False,C00,TOTAL CPC,0,0,TOTAL MOT,-1,N/A,0.0,False,-1,N/A,0.0,False,,False,0.0,False,514137043.003,,514137043.003,0,False,True
C,M,20230101,2023,1,202301,97,EUR,European Union,M,Import,0,W00,World,0,W00,World,H6,HS,True,8450,Household or laundry-type washing machines; including machines which both wash and dry,4,False,C00,TOTAL CPC,0,0,TOTAL MOT,-1,N/A,0.0,True,-1,N/A,0.0,False,41806375.88,True,0.0,False,145219308.091,,145219308.091,6,False,True
C,M,20230101,2023,1,202301,97,EUR,European Union,M,Import,0,W00,World,0,W00,World,H6,HS,True,8508,Vacuum cleaners,4,False,C00,TOTAL CPC,0,0,TOTAL MOT,-1,N/A,0.0,True,-1,N/A,0.0,False,15092790.606,True,0.0,False,262000426.816,,262000426.816,6,False,True
C,M,20230101,2023,1,202301,97,EUR,European Union,M,Import,0,W00,World,0,W00,World,H6,HS,True,8509,"Electro-mechanical domestic appliances; with self-contained electric motor, other than vacuum cleaners of heading 85.08.",4,False,C00,TOTAL CPC,0,0,TOTAL MOT,-1,N/A,0.0,False,-1,N/A,0.0,False,11726855.396,True,0.0,False,148364652.997,,148364652.997,4,False,True
C,M,20230101,2023,1,202301,97,EUR,European Union,M,Import,0,W00,World,0,W00,World,H6,HS,True,8516,"Electric water, space, soil heaters; electro-thermic hair-dressing apparatus; hand dryers, irons; electro-thermic appliances for domestic purposes; electro heating resistors, not of heading no. 8545",4,False,C00,TOTAL CPC,0,0,TOTAL MOT,-1,N/A,0.0,False,-1,N/A,0.0,False,82123317.904,True,0.0,False,689635622.7,,689635622.7,4,False,True
C,M,20230101,2023,1,202301,97,EUR,European Union,M,Import,0,W00,World,0,W00,World,H6,HS,True,9401,"Seats (not those of heading no. 9402), whether or not convertible into beds and parts thereof",4,False,C00,TOTAL CPC,0,0,TOTAL MOT,-1,N/A,0.0,False,-1,N/A,0.0,False,151986761.567,True,0.0,False,987143354.013,,987143354.013,4,False,True
C,M,20230101,2023,1,202301,97,EUR,European Union,M,Import,0,W00,World,0,W00,World,H6,HS,True,9403,"Furniture and parts thereof, n.e.c. in chapter 94",4,False,C00,TOTAL CPC,0,0,TOTAL MOT,-1,N/A,0.0,False,-1,N/A,0.0,False,237153629.31,True,0.0,False,847425425.11,,847425425.11,4,False,True
C,M,20230101,2023,1,202301,97,EUR,European Union,M,Import,0,W00,World,0,W00,World,H6,HS,True,9405,"Luminaires and light fittings; including searchlights, spotlights and parts thereof, n.e.c.; illuminated signs, name-plates and the like, having permanently fixed light source and parts thereof n.e.c. or included",4,False,C00,TOTAL CPC,0,0,TOTAL MOT,8,kg,53630787.782,True,-1,N/A,0.0,False,53630787.782,True,0.0,False,691055472.274,,691055472.274,6,False,True
C,M,20230101,2023,1,202301,97,EUR,European Union,M,Import,0,W00,World,0,W00,World,H6,HS,True,9503,"Tricycles, scooters, pedal cars and similar wheeled toys; dolls' carriages; dolls; other toys; reduced-size (scale) models and similar recreational models, working or not; puzzles of all kinds",4,False,C00,TOTAL CPC,0,0,TOTAL MOT,8,kg,43957333.054,True,-1,N/A,0.0,False,43957333.054,True,0.0,False,514133548.463,,514133548.463,6,False,True
C,M,20230201,2023,2,202302,97,EUR,European Union,M,Import,0,W00,World,0,W00,World,H6,HS,True,3923,"Plastic articles for the conveyance or packing of goods; stoppers, lids, caps and other closures of plastics",4,False,C00,TOTAL CPC,0,0,TOTAL MOT,8,kg,100059090.053,True,-1,N/A,0.0,False,100059090.053,True,0.0,False,491238833.1,,491238833.1,6,False,True
C,M,20230201,2023,2,202302,97,EUR,European Union,M,Import,0,W00,World,0,W00,World,H6,HS,True,3924,"Tableware, kitchenware, other household articles and hygienic or toilet articles, of plastics",4,False,C00,TOTAL CPC,0,0,TOTAL MOT,8,kg,30498159.166,True,-1,N/A,0.0,False,30498159.166,True,0.0,False,155993014.568,,155993014.568,6,False,True
C,M,20230201,2023,2,202302,97,EUR,European Union,M,Import,0,W00,World,0,W00,World,H6,HS,True,3926,"Articles of plastics and articles of other materials of heading no. 3901 to 3914, n.e.c. in chapter 39",4,False,C00,TOTAL CPC,0,0,TOTAL MOT,8,kg,87457428.727,True,-1,N/A,0.0,False,87457428.727,True,0.0,False,836128788.102,,836128788.102,6,False,True
C,M,20230201,2023,2,202302,97,EUR,European Union,M,Import,0,W00,World,0,W00,World,H6,HS,True,8414,"Air or vacuum pumps, air or other gas compressors and fans; ventilating or recycling hoods incorporating a fan; gas-tight biological safety cabinets whether or not fitted with filters",4,False,C00,TOTAL CPC,0,0,TOTAL MOT,-1,N/A,0.0,True,-1,N/A,0.0,False,59710431.313,True,0.0,False,737781218.897,,737781218.897,6,False,True
C,M,20230201,2023,2,202302,97,EUR,European Union,M,Import,0,W00,World,0,W00,World,H6,HS,True,8415,"Air conditioning machines; comprising a motor driven fan and elements for changing the temperature and humidity, including those machines in which the humidity cannot be separately regulated",4,False,C00,TOTAL CPC,0,0,TOTAL MOT,-1,N/A,0.0,False,-1,N/A,0.0,False,0.0,True,0.0,False,657247897.759,,657247897.759,4,False,True
C,M,20230201,2023,2,202302,97,EUR,European Union,M,Import,0,W00,World,0,W00,World,H6,HS,True,8418,"Refrigerators, freezers and other refrigerating or freezing equipment, electric or other; heat pumps other than air conditioning machines of heading no. 8415",4,False,C00,TOTAL CPC,0,0,TOTAL MOT,-1,N/A,0.0,False,-1,N/A,0.0,False,,False,0.0,False,543983008.495,,543983008.495,0,False,True
C,M,20230201,2023,2,202302,97,EUR,European Union,M,Import,0,W00,World,0,W00,World,H6,HS,True,8450,Household or laundry-type washing machines; including machines which both wash and dry,4,False,C00,TOTAL CPC,0,0,TOTAL MOT,-1,N/A,0.0,True,-1,N/A,0.0,False,38679917.771,True,0.0,False,136488390.901,,136488390.901,6,False,True
C,M,20230201,2023,2,202302,97,EUR,European Union,M,Import,0,W00,World,0,W00,World,H6,HS,True,8508,Vacuum cleaners,4,False,C00,TOTAL CPC,0,0,TOTAL MOT,-1,N/A,0.0,True,-1,N/A,0.0,False,14245273.117,True,0.0,False,262773926.801,,262773926.801,6,False,True
C,M,20230201,2023,2,202302,97,EUR,European Union,M,Import,0,W00,World,0,W00,World,H6,HS,True,8509,"Electro-mechanical domestic appliances; with self-contained electric motor, other than vacuum cleaners of heading 85.08.",4,False,C00,TOTAL CPC,0,0,TOTAL MOT,-1,N/A,0.0,False,-1,N/A,0.0,False,12661259.454,True,0.0,False,156119361.67,,156119361.67,4,False,True
C,M,20230201,2023,2,202302,97,EUR,European Union,M,Import,0,W00,World,0,W00,World,H6,HS,True,8516,"Electric water, space, soil heaters; electro-thermic hair-dressing apparatus; hand dryers, irons; electro-thermic appliances for domestic purposes; electro heating resistors, not of heading no. 8545",4,False,C00,TOTAL CPC,0,0,TOTAL MOT,-1,N/A,0.0,False,-1,N/A,0.0,False,72162211.426,True,0.0,False,679139069.933,,679139069.933,4,False,True
C,M,20230201,2023,2,202302,97,EUR,European Union,M,Import,0,W00,World,0,W00,World,H6,HS,True,9401,"Seats (not those of heading no. 9402), whether or not convertible into beds and parts thereof",4,False,C00,TOTAL CPC,0,0,TOTAL MOT,-1,N/A,0.0,False,-1,N/A,0.0,False,148943597.971,True,0.0,False,913626737.855,,913626737.855,4,False,True
C,M,20230201,2023,2,202302,97,EUR,European Union,M,Import,0,W00,World,0,W00,World,H6,HS,True,9403,"Furniture and parts thereof, n.e.c. in chapter 94",4,False,C00,TOTAL CPC,0,0,TOTAL MOT,-1,N/A,0.0,False,-1,N/A,0.0,False,235158641.522,True,0.0,False,798007328.591,,798007328.591,4,False,True
C,M,20230201,2023,2,202302,97,EUR,European Union,M,Import,0,W00,World,0,W00,World,H6,HS,True,9405,"Luminaires and light fittings; including searchlights, spotlights and parts thereof, n.e.c.; illuminated signs, name-plates and the like, having permanently fixed light source and parts thereof n.e.c. or included",4,False,C00,TOTAL CPC,0,0,TOTAL MOT,8,kg,49889775.989,True,-1,N/A,0.0,False,49889775.989,True,0.0,False,631172458.676,,631172458.676,6,False,True
C,M,20230201,2023,2,202302,97,EUR,European Union,M,Import,0,W00,World,0,W00,World,H6,HS,True,9503,"Tricycles, scooters, pedal cars and similar wheeled toys; dolls' carriages; dolls; other toys; reduced-size (scale) models and similar recreational models, working or not; puzzles of all kinds",4,False,C00,TOTAL CPC,0,0,TOTAL MOT,8,kg,46393097.923,True,-1,N/A,0.0,False,46393097.923,True,0.0,False,509771525.406,,509771525.406,6,False,True
C,M,20230301,2023,3,202303,97,EUR,European Union,M,Import,0,W00,World,0,W00,World,H6,HS,True,3923,"Plastic articles for the conveyance or packing of goods; stoppers, lids, caps and other closures of plastics",4,False,C00,TOTAL CPC,0,0,TOTAL MOT,8,kg,110017347.784,True,-1,N/A,0.0,False,110017347.784,True,0.0,False,553125094.927,,553125094.927,6,False,True
C,M,20230301,2023,3,202303,97,EUR,European Union,M,Import,0,W00,World,0,W00,World,H6,HS,True,3924,"Tableware, kitchenware, other household articles and hygienic or toilet articles, of plastics",4,False,C00,TOTAL CPC,0,0,TOTAL MOT,8,kg,28291966.187,True,-1,N/A,0.0,False,28291966.187,True,0.0,False,147995703.844,,147995703.844,6,False,True
C,M,20230301,2023,3,202303,97,EUR,European Union,M,Import,0,W00,World,0,W00,World,H6,HS,True,3926,"Articles of plastics and articles of other materials of heading no. 3901 to 3914, n.e.c. in chapter 39",4,False,C00,TOTAL CPC,0,0,TOTAL MOT,8,kg,84831419.3,True,-1,N/A,0.0,False,84831419.3,True,0.0,False,884313781.252,,884313781.252,6,False,True
C,M,20230301,2023,3,202303,97,EUR,European Union,M,Import,0,W00,World,0,W00,World,H6,HS,True,8414,"Air or vacuum pumps, air or other gas compressors and fans; ventilating or recycling hoods incorporating a fan; gas-tight biological safety cabinets whether or not fitted with filters",4,False,C00,TOTAL CPC,0,0,TOTAL MOT,-1,N/A,0.0,True,-1,N/A,0.0,False,64092508.337,True,0.0,False,849992621.381,,849992621.381,6,False,True
C,M,20230301,2023,3,202303,97,EUR,European Union,M,Import,0,W00,World,0,W00,World,H6,HS,True,8415,"Air conditioning machines; comprising a motor driven fan and elements for changing the temperature and humidity, including those machines in which the humidity cannot be separately regulated",4,False,C00,TOTAL CPC,0,0,TOTAL MOT,-1,N/A,0.0,False,-1,N/A,0.0,False,77884937.178,True,0.0,False,876517846.935,,876517846.935,4,False,True
C,M,20230301,2023,3,202303,97,EUR,European Union,M,Import,0,W00,World,0,W00,World,H6,HS,True,8418,"Refrigerators, freezers and other refrigerating or freezing equipment, electric or other; heat pumps other than air conditioning machines of heading no. 8415",4,False,C00,TOTAL CPC,0,0,TOTAL MOT,-1,N/A,0.0,False,-1,N/A,0.0,False,82441184.89,True,0.0,False,600603749.211,,600603749.211,4,False,True
C,M,20230301,2023,3,202303,97,EUR,European Union,M,Import,0,W00,World,0,W00,World,H6,HS,True,8450,Household or laundry-type washing machines; including machines which both wash and dry,4,False,C00,TOTAL CPC,0,0,TOTAL MOT,-1,N/A,0.0,True,-1,N/A,0.0,False,39884792.679,True,0.0,False,138378878.747,,138378878.747,6,False,True
C,M,20230301,2023,3,202303,97,EUR,European Union,M,Import,0,W00,World,0,W00,World,H6,HS,True,8508,Vacuum cleaners,4,False,C00,TOTAL CPC,0,0,TOTAL MOT,-1,N/A,0.0,True,-1,N/A,0.0,False,11407773.745,True,0.0,False,214601457.518,,214601457.518,6,False,True
C,M,20230301,2023,3,202303,97,EUR,European Union,M,Import,0,W00,World,0,W00,World,H6,HS,True,8509,"Electro-mechanical domestic appliances; with self-contained electric motor, other than vacuum cleaners of heading 85.08.",4,False,C00,TOTAL CPC,0,0,TOTAL MOT,-1,N/A,0.0,False,-1,N/A,0.0,False,8545289.636,True,0.0,False,118625294.761,,118625294.761,4,False,True
C,M,20230301,2023,3,202303,97,EUR,European Union,M,Import,0,W00,World,0,W00,World,H6,HS,True,8516,"Electric water, space, soil heaters; electro-thermic hair-dressing apparatus; hand dryers, irons; electro-thermic appliances for domestic purposes; electro heating resistors, not of heading no. 8545",4,False,C00,TOTAL CPC,0,0,TOTAL MOT,-1,N/A,0.0,False,-1,N/A,0.0,False,64535417.8,True,0.0,False,625468760.233,,625468760.233,4,False,True
C,M,20230301,2023,3,202303,97,EUR,European Union,M,Import,0,W00,World,0,W00,World,H6,HS,True,9401,"Seats (not those of heading no. 9402), whether or not convertible into beds and parts thereof",4,False,C00,TOTAL CPC,0,0,TOTAL MOT,-1,N/A,0.0,False,-1,N/A,0.0,False,130837877.081,True,0.0,False,847240900.783,,847240900.783,4,False,True
C,M,20230301,2023,3,202303,97,EUR,European Union,M,Import,0,W00,World,0,W00,World,H6,HS,True,9403,"Furniture and parts thereof, n.e.c. in chapter 94",4,False,C00,TOTAL CPC,0,0,TOTAL MOT,-1,N/A,0.0,False,-1,N/A,0.0,False,212902018.098,True,0.0,False,751404573.243,,751404573.243,4,False,True
C,M,20230301,2023,3,202303,97,EUR,European Union,M,Import,0,W00,World,0,W00,World,H6,HS,True,9405,"Luminaires and light fittings; including searchlights, spotlights and parts thereof, n.e.c.; illuminated signs, name-plates and the like, having permanently fixed light source and parts thereof n.e.c. or included",4,False,C00,TOTAL CPC,0,0,TOTAL MOT,8,kg,38833976.461,True,-1,N/A,0.0,False,38833976.461,True,0.0,False,547203059.146,,547203059.146,6,False,True
C,M,20230301,2023,3,202303,97,EUR,European Union,M,Import,0,W00,World,0,W00,World,H6,HS,True,9503,"Tricycles, scooters, pedal cars and similar wheeled toys; dolls' carriages; dolls; other toys; reduced-size (scale) models and similar recreational models, working or not; puzzles of all kinds",4,False,C00,TOTAL CPC,0,0,TOTAL MOT,8,kg,38009761.58,True,-1,N/A,0.0,False,38009761.58,True,0.0,False,454509131.348,,454509131.348,6,False,True
C,M,20230401,2023,4,202304,97,EUR,European Union,M,Import,0,W00,World,0,W00,World,H6,HS,True,3923,"Plastic articles for the conveyance or packing of goods; stoppers, lids, caps and other closures of plastics",4,False,C00,TOTAL CPC,0,0,TOTAL MOT,8,kg,103025559.453,True,-1,N/A,0.0,False,103025559.453,True,0.0,False,528193707.56,,528193707.56,6,False,True
C,M,20230401,2023,4,202304,97,EUR,European Union,M,Import,0,W00,World,0,W00,World,H6,HS,True,3924,"Tableware, kitchenware, other household articles and hygienic or toilet articles, of plastics",4,False,C00,TOTAL CPC,0,0,TOTAL MOT,8,kg,29109743.818,True,-1,N/A,0.0,False,29109743.818,True,0.0,False,152290213.967,,152290213.967,6,False,True
C,M,20230401,2023,4,202304,97,EUR,European Union,M,Import,0,W00,World,0,W00,World,H6,HS,True,3926,"Articles of plastics and articles of other materials of heading no. 3901 to 3914, n.e.c. in chapter 39",4,False,C00,TOTAL CPC,0,0,TOTAL MOT,8,kg,85415872.323,True,-1,N/A,0.0,False,85415872.323,True,0.0,False,857914361.482,,857914361.482,6,False,True
C,M,20230401,2023,4,202304,97,EUR,European Union,M,Import,0,W00,World,0,W00,World,H6,HS,True,8414,"Air or vacuum pumps, air or other gas compressors and fans; ventilating or recycling hoods incorporating a fan; gas-tight biological safety cabinets whether or not fitted with filters",4,False,C00,TOTAL CPC,0,0,TOTAL MOT,-1,N/A,0.0,True,-1,N/A,0.0,False,67533886.453,True,0.0,False,832701522.592,,832701522.592,6,False,True
C,M,20230401,2023,4,202304,97,EUR,European Union,M,Import,0,W00,World,0,W00,World,H6,HS,True,8415,"Air conditioning machines; comprising a motor driven fan and elements for changing the temperature and humidity, including those machines in which the humidity cannot be separately regulated",4,False,C00,TOTAL CPC,0,0,TOTAL MOT,-1,N/A,0.0,False,-1,N/A,0.0,False,0.0,True,0.0,False,916110449.989,,916110449.989,4,False,True
C,M,20230401,2023,4,202304,97,EUR,European Union,M,Import,0,W00,World,0,W00,World,H6,HS,True,8418,"Refrigerators, freezers and other refrigerating or freezing equipment, electric or other; heat pumps other than air conditioning machines of heading no. 8415",4,False,C00,TOTAL CPC,0,0,TOTAL MOT,-1,N/A,0.0,True,-1,N/A,0.0,False,0.0,True,0.0,False,593374898.143,,593374898.143,6,False,True
C,M,20230401,2023,4,202304,97,EUR,European Union,M,Import,0,W00,World,0,W00,World,H6,HS,True,8450,Household or laundry-type washing machines; including machines which both wash and dry,4,False,C00,TOTAL CPC,0,0,TOTAL MOT,-1,N/A,0.0,True,-1,N/A,0.0,False,42893831.018,True,0.0,False,149934068.658,,149934068.658,6,False,True
C,M,20230401,2023,4,202304,97,EUR,European Union,M,Import,0,W00,World,0,W00,World,H6,HS,True,8508,Vacuum cleaners,4,False,C00,TOTAL CPC,0,0,TOTAL MOT,-1,N/A,0.0,True,-1,N/A,0.0,False,13569439.618,True,0.0,False,230891853.82,,230891853.82,6,False,True
C,M,20230401,2023,4,202304,97,EUR,European Union,M,Import,0,W00,World,0,W00,World,H6,HS,True,8509,"Electro-mechanical domestic appliances; with self-contained electric motor, other than vacuum cleaners of heading 85.08.",4,False,C00,TOTAL CPC,0,0,TOTAL MOT,-1,N/A,0.0,False,-1,N/A,0.0,False,11533562.669,True,0.0,False,142804550.197,,142804550.197,4,False,True
C,M,20230401,2023,4,202304,97,EUR,European Union,M,Import,0,W00,World,0,W00,World,H6,HS,True,8516,"Electric water, space, soil heaters; electro-thermic hair-dressing apparatus; hand dryers, irons; electro-thermic appliances for domestic purposes; electro heating resistors, not of heading no. 8545",4,False,C00,TOTAL CPC,0,0,TOTAL MOT,-1,N/A,0.0,False,-1,N/A,0.0,False,70547195.163,True,0.0,False,667178160.631,,667178160.631,4,False,True
C,M,20230401,2023,4,202304,97,EUR,European Union,M,Import,0,W00,World,0,W00,World,H6,HS,True,9401,"Seats (not those of heading no. 9402), whether or not convertible into beds and parts thereof",4,False,C00,TOTAL CPC,0,0,TOTAL MOT,-1,N/A,0.0,False,-1,N/A,0.0,False,138224621.841,True,0.0,False,847367206.461,,847367206.461,4,False,True
C,M,20230401,2023,4,202304,97,EUR,European Union,M,Import,0,W00,World,0,W00,World,H6,HS,True,9403,"Furniture and parts thereof, n.e.c. in chapter 94",4,False,C00,TOTAL CPC,0,0,TOTAL MOT,-1,N/A,0.0,False,-1,N/A,0.0,False,0.0,True,0.0,False,756259305.498,,756259305.498,4,False,True
C,M,20230401,2023,4,202304,97,EUR,European Union,M,Import,0,W00,World,0,W00,World,H6,HS,True,9405,"Luminaires and light fittings; including searchlights, spotlights and parts thereof, n.e.c.; illuminated signs, name-plates and the like, having permanently fixed light source and parts thereof n.e.c. or included",4,False,C00,TOTAL CPC,0,0,TOTAL MOT,8,kg,39761046.207,True,-1,N/A,0.0,False,39761046.207,True,0.0,False,545939732.144,,545939732.144,6,False,True
C,M,20230401,2023,4,202304,97,EUR,European Union,M,Import,0,W00,World,0,W00,World,H6,HS,True,9503,"Tricycles, scooters, pedal cars and similar wheeled toys; dolls' carriages; dolls; other toys; reduced-size (scale) models and similar recreational models, working or not; puzzles of all kinds",4,False,C00,TOTAL CPC,0,0,TOTAL MOT,8,kg,39552755.068,True,-1,N/A,0.0,False,39552755.068,True,0.0,False,436480892.848,,436480892.848,6,False,True
C,M,20230501,2023,5,202305,97,EUR,European Union,M,Import,0,W00,World,0,W00,World,H6,HS,True,3923,"Plastic articles for the conveyance or packing of goods; stoppers, lids, caps and other closures of plastics",4,False,C00,TOTAL CPC,0,0,TOTAL MOT,-1,N/A,0.0,False,-1,N/A,0.0,False,,False,0.0,False,578591150.051,,578591150.051,0,False,True
C,M,20230501,2023,5,202305,97,EUR,European Union,M,Import,0,W00,World,0,W00,World,H6,HS,True,3924,"Tableware, kitchenware, other household articles and hygienic or toilet articles, of plastics",4,False,C00,TOTAL CPC,0,0,TOTAL MOT,8,kg,37103210.525,True,-1,N/A,0.0,False,37103210.525,True,0.0,False,187611416.622,,187611416.622,6,False,True
C,M,20230501,2023,5,202305,97,EUR,European Union,M,Import,0,W00,World,0,W00,World,H6,HS,True,3926,"Articles of plastics and articles of other materials of heading no. 3901 to 3914, n.e.c. in chapter 39",4,False,C00,TOTAL CPC,0,0,TOTAL MOT,8,kg,102256222.93,True,-1,N/A,0.0,False,102256222.93,True,0.0,False,945366879.854,,945366879.854,6,False,True
C,M,20230501,2023,5,202305,97,EUR,European Union,M,Import,0,W00,World,0,W00,World,H6,HS,True,8414,"Air or vacuum pumps, air or other gas compressors and fans; ventilating or recycling hoods incorporating a fan; gas-tight biological safety cabinets whether or not fitted with filters",4,False,C00,TOTAL CPC,0,0,TOTAL MOT,-1,N/A,0.0,True,-1,N/A,0.0,False,75342480.999,True,0.0,False,893052120.461,,893052120.461,6,False,True
C,M,20230501,2023,5,202305,97,EUR,European Union,M,Import,0,W00,World,0,W00,World,H6,HS,True,8415,"Air conditioning machines; comprising a motor driven fan and elements for changing the temperature and humidity, including those machines in which the humidity cannot be separately regulated",4,False,C00,TOTAL CPC,0,0,TOTAL MOT,-1,N/A,0.0,False,-1,N/A,0.0,False,,False,0.0,False,938615254.211,,938615254.211,0,False,True
C,M,20230501,2023,5,202305,97,EUR,European Union,M,Import,0,W00,World,0,W00,World,H6,HS,True,8418,"Refrigerators, freezers and other refrigerating or freezing equipment, electric or other; heat pumps other than air conditioning machines of heading no. 8415",4,False,C00,TOTAL CPC,0,0,TOTAL MOT,-1,N/A,0.0,False,-1,N/A,0.0,False,,False,0.0,False,699666565.264,,699666565.264,0,False,True
C,M,20230501,2023,5,202305,97,EUR,European Union,M,Import,0,W00,World,0,W00,World,H6,HS,True,8450,Household or laundry-type washing machines; including machines which both wash and dry,4,False,C00,TOTAL CPC,0,0,TOTAL MOT,-1,N/A,0.0,True,-1,N/A,0.0,False,48894755.332,True,0.0,False,168785302.959,,168785302.959,6,False,True
C,M,20230501,2023,5,202305,97,EUR,European Union,M,Import,0,W00,World,0,W00,World,H6,HS,True,8508,Vacuum cleaners,4,False,C00,TOTAL CPC,0,0,TOTAL MOT,-1,N/A,0.0,True,-1,N/A,0.0,False,17247979.432,True,0.0,False,323049574.134,,323049574.134,6,False,True
C,M,20230501,2023,5,202305,97,EUR,European Union,M,Import,0,W00,World,0,W00,World,H6,HS,True,8509,"Electro-mechanical domestic appliances; with self-contained electric motor, other than vacuum cleaners of heading 85.08.",4,False,C00,TOTAL CPC,0,0,TOTAL MOT,-1,N/A,0.0,False,-1,N/A,0.0,False,13584091.02,True,0.0,False,168514169.701,,168514169.701,4,False,True
C,M,20230501,2023,5,202305,97,EUR,European Union,M,Import,0,W00,World,0,W00,World,H6,HS,True,8516,"Electric water, space, soil heaters; electro-thermic hair-dressing apparatus; hand dryers, irons; electro-thermic appliances for domestic purposes; electro heating resistors, not of heading no. 8545",4,False,C00,TOTAL CPC,0,0,TOTAL MOT,-1,N/A,0.0,False,-1,N/A,0.0,False,88886955.704,True,0.0,False,780192072.292,,780192072.292,4,False,True
C,M,20230501,2023,5,202305,97,EUR,European Union,M,Import,0,W00,World,0,W00,World,H6,HS,True,9401,"Seats (not those of heading no. 9402), whether or not convertible into beds and parts thereof",4,False,C00,TOTAL CPC,0,0,TOTAL MOT,-1,N/A,0.0,False,-1,N/A,0.0,False,171035983.29,True,0.0,False,990490280.866,,990490280.866,4,False,True
C,M,20230501,2023,5,202305,97,EUR,European Union,M,Import,0,W00,World,0,W00,World,H6,HS,True,9403,"Furniture and parts thereof, n.e.c. in chapter 94",4,False,C00,TOTAL CPC,0,0,TOTAL MOT,-1,N/A,0.0,False,-1,N/A,0.0,False,273273065.148,True,0.0,False,877981187.743,,877981187.743,4,False,True
C,M,20230501,2023,5,202305,97,EUR,European Union,M,Import,0,W00,World,0,W00,World,H6,HS,True,9405,"Luminaires and light fittings; including searchlights, spotlights and parts thereof, n.e.c.; illuminated signs, name-plates and the like, having permanently fixed light source and parts thereof n.e.c. or included",4,False,C00,TOTAL CPC,0,0,TOTAL MOT,8,kg,56837578.169,True,-1,N/A,0.0,False,56837578.169,True,0.0,False,725973185.621,,725973185.621,6,False,True
C,M,20230501,2023,5,202305,97,EUR,European Union,M,Import,0,W00,World,0,W00,World,H6,HS,True,9503,"Tricycles, scooters, pedal cars and similar wheeled toys; dolls' carriages; dolls; other toys; reduced-size (scale) models and similar recreational models, working or not; puzzles of all kinds",4,False,C00,TOTAL CPC,0,0,TOTAL MOT,8,kg,47992481.477,True,-1,N/A,0.0,False,47992481.477,True,0.0,False,512389260.149,,512389260.149,6,False,True
C,M,20230601,2023,6,202306,97,EUR,European Union,M,Import,0,W00,World,0,W00,World,H6,HS,True,3923,"Plastic articles for the conveyance or packing of goods; stoppers, lids, caps and other closures of plastics",4,False,C00,TOTAL CPC,0,0,TOTAL MOT,-1,N/A,0.0,False,-1,N/A,0.0,False,,False,0.0,False,570671870.007,,570671870.007,0,False,True
C,M,20230601,2023,6,202306,97,EUR,European Union,M,Import,0,W00,World,0,W00,World,H6,HS,True,3924,"Tableware, kitchenware, other household articles and hygienic or toilet articles, of plastics",4,False,C00,TOTAL CPC,0,0,TOTAL MOT,8,kg,35965531.383,True,-1,N/A,0.0,False,35965531.383,True,0.0,False,186150376.036,,186150376.036,6,False,True
C,M,20230601,2023,6,202306,97,EUR,European Union,M,Import,0,W00,World,0,W00,World,H6,HS,True,3926,"Articles of plastics and articles of other materials of heading no. 3901 to 3914, n.e.c. in chapter 39",4,False,C00,TOTAL CPC,0,0,TOTAL MOT,8,kg,91978695.418,True,-1,N/A,0.0,False,91978695.418,True,0.0,False,916901101.377,,916901101.377,6,False,True
C,M,20230601,2023,6,202306,97,EUR,European Union,M,Import,0,W00,World,0,W00,World,H6,HS,True,8414,"Air or vacuum pumps, air or other gas compressors and fans; ventilating or recycling hoods incorporating a fan; gas-tight biological safety cabinets whether or not fitted with filters",4,False,C00,TOTAL CPC,0,0,TOTAL MOT,-1,N/A,0.0,True,-1,N/A,0.0,False,63776346.911,True,0.0,False,880105771.907,,880105771.907,6,False,True
C,M,20230601,2023,6,202306,97,EUR,European Union,M,Import,0,W00,World,0,W00,World,H6,HS,True,8415,"Air conditioning machines; comprising a motor driven fan and elements for changing the temperature and humidity, including those machines in which the humidity cannot be separately regulated",4,False,C00,TOTAL CPC,0,0,TOTAL MOT,-1,N/A,0.0,False,-1,N/A,0.0,False,73302638.487,True,0.0,False,787247623.974,,787247623.974,4,False,True
C,M,20230601,2023,6,202306,97,EUR,European Union,M,Import,0,W00,World,0,W00,World,H6,HS,True,8418,"Refrigerators, freezers and other refrigerating or freezing equipment, electric or other; heat pumps other than air conditioning machines of heading no. 8415",4,False,C00,TOTAL CPC,0,0,TOTAL MOT,-1,N/A,0.0,True,-1,N/A,0.0,False,105970070.743,True,0.0,False,640959276.715,,640959276.715,6,False,True
C,M,20230601,2023,6,202306,97,EUR,European Union,M,Import,0,W00,World,0,W00,World,H6,HS,True,8450,Household or laundry-type washing machines; including machines which both wash and dry,4,False,C00,TOTAL CPC,0,0,TOTAL MOT,-1,N/A,0.0,True,-1,N/A,0.0,False,51147544.251,True,0.0,False,169933375.333,,169933375.333,6,False,True
C,M,20230601,2023,6,202306,97,EUR,European Union,M,Import,0,W00,World,0,W00,World,H6,HS,True,8508,Vacuum cleaners,4,False,C00,TOTAL CPC,0,0,TOTAL MOT,-1,N/A,0.0,True,-1,N/A,0.0,False,15200798.562,True,0.0,False,292921207.063,,292921207.063,6,False,True
C,M,20230601,2023,6,202306,97,EUR,European Union,M,Import,0,W00,World,0,W00,World,H6,HS,True,8509,"Electro-mechanical domestic appliances; with self-contained electric motor, other than vacuum cleaners of heading 85.08.",4,False,C00,TOTAL CPC,0,0,TOTAL MOT,-1,N/A,0.0,False,-1,N/A,0.0,False,13172629.591,True,0.0,False,160059330.572,,160059330.572,4,False,True
C,M,20230601,2023,6,202306,97,EUR,European Union,M,Import,0,W00,World,0,W00,World,H6,HS,True,8516,"Electric water, space, soil heaters; electro-thermic hair-dressing apparatus; hand dryers, irons; electro-thermic appliances for domestic purposes; electro heating resistors, not of heading no. 8545",4,False,C00,TOTAL CPC,0,0,TOTAL MOT,-1,N/A,0.0,False,-1,N/A,0.0,False,85751388.268,True,0.0,False,737674887.669,,737674887.669,4,False,True
C,M,20230601,2023,6,202306,97,EUR,European Union,M,Import,0,W00,World,0,W00,World,H6,HS,True,9401,"Seats (not those of heading no. 9402), whether or not convertible into beds and parts thereof",4,False,C00,TOTAL CPC,0,0,TOTAL MOT,-1,N/A,0.0,False,-1,N/A,0.0,False,150029282.275,True,0.0,False,896537411.665,,896537411.665,4,False,True
C,M,20230601,2023,6,202306,97,EUR,European Union,M,Import,0,W00,World,0,W00,World,H6,HS,True,9403,"Furniture and parts thereof, n.e.c. in chapter 94",4,False,C00,TOTAL CPC,0,0,TOTAL MOT,-1,N/A,0.0,False,-1,N/A,0.0,False,261585257.38,True,0.0,False,821819631.296,,821819631.296,4,False,True
C,M,20230601,2023,6,202306,97,EUR,European Union,M,Import,0,W00,World,0,W00,World,H6,HS,True,9405,"Luminaires and light fittings; including searchlights, spotlights and parts thereof, n.e.c.; illuminated signs, name-plates and the like, having permanently fixed light source and parts thereof n.e.c. or included",4,False,C00,TOTAL CPC,0,0,TOTAL MOT,8,kg,52581080.33,True,-1,N/A,0.0,False,52581080.33,True,0.0,False,670852088.897,,670852088.897,6,False,True
C,M,20230601,2023,6,202306,97,EUR,European Union,M,Import,0,W00,World,0,W00,World,H6,HS,True,9503,"Tricycles, scooters, pedal cars and similar wheeled toys; dolls' carriages; dolls; other toys; reduced-size (scale) models and similar recreational models, working or not; puzzles of all kinds",4,False,C00,TOTAL CPC,0,0,TOTAL MOT,8,kg,46752723.847,True,-1,N/A,0.0,False,46752723.847,True,0.0,False,529105258.587,,529105258.587,6,False,True
C,M,20230701,2023,7,202307,97,EUR,European Union,M,Import,0,W00,World,0,W00,World,H6,HS,True,3923,"Plastic articles for the conveyance or packing of goods; stoppers, lids, caps and other closures of plastics",4,False,C00,TOTAL CPC,0,0,TOTAL MOT,8,kg,104993729.415,True,-1,N/A,0.0,False,104993729.415,True,0.0,False,525255341.632,,525255341.632,6,False,True
C,M,20230701,2023,7,202307,97,EUR,European Union,M,Import,0,W00,World,0,W00,World,H6,HS,True,3924,"Tableware, kitchenware, other household articles and hygienic or toilet articles, of plastics",4,False,C00,TOTAL CPC,0,0,TOTAL MOT,8,kg,35645361.568,True,-1,N/A,0.0,False,35645361.568,True,0.0,False,178733462.057,,178733462.057,6,False,True
C,M,20230701,2023,7,202307,97,EUR,European Union,M,Import,0,W00,World,0,W00,World,H6,HS,True,3926,"Articles of plastics and articles of other materials of heading no. 3901 to 3914, n.e.c. in chapter 39",4,False,C00,TOTAL CPC,0,0,TOTAL MOT,8,kg,87164831.198,True,-1,N/A,0.0,False,87164831.198,True,0.0,False,878057194.688,,878057194.688,6,False,True
C,M,20230701,2023,7,202307,97,EUR,European Union,M,Import,0,W00,World,0,W00,World,H6,HS,True,8414,"Air or vacuum pumps, air or other gas compressors and fans; ventilating or recycling hoods incorporating a fan; gas-tight biological safety cabinets whether or not fitted with filters",4,False,C00,TOTAL CPC,0,0,TOTAL MOT,-1,N/A,0.0,True,-1,N/A,0.0,False,51395102.273,True,0.0,False,719842905.042,,719842905.042,6,False,True
C,M,20230701,2023,7,202307,97,EUR,European Union,M,Import,0,W00,World,0,W00,World,H6,HS,True,8415,"Air conditioning machines; comprising a motor driven fan and elements for changing the temperature and humidity, including those machines in which the humidity cannot be separately regulated",4,False,C00,TOTAL CPC,0,0,TOTAL MOT,-1,N/A,0.0,False,-1,N/A,0.0,False,54146029.458,True,0.0,False,614562007.593,,614562007.593,4,False,True
C,M,20230701,2023,7,202307,97,EUR,European Union,M,Import,0,W00,World,0,W00,World,H6,HS,True,8418,"Refrigerators, freezers and other refrigerating or freezing equipment, electric or other; heat pumps other than air conditioning machines of heading no. 8415",4,False,C00,TOTAL CPC,0,0,TOTAL MOT,-1,N/A,0.0,False,-1,N/A,0.0,False,,False,0.0,False,597637835.195,,597637835.195,0,False,True
C,M,20230701,2023,7,202307,97,EUR,European Union,M,Import,0,W00,World,0,W00,World,H6,HS,True,8450,Household or laundry-type washing machines; including machines which both wash and dry,4,False,C00,TOTAL CPC,0,0,TOTAL MOT,-1,N/A,0.0,True,-1,N/A,0.0,False,49584442.021,True,0.0,False,168975514.677,,168975514.677,6,False,True
C,M,20230701,2023,7,202307,97,EUR,European Union,M,Import,0,W00,World,0,W00,World,H6,HS,True,8508,Vacuum cleaners,4,False,C00,TOTAL CPC,0,0,TOTAL MOT,-1,N/A,0.0,True,-1,N/A,0.0,False,15379233.007,True,0.0,False,284024132.692,,284024132.692,6,False,True
C,M,20230701,2023,7,202307,97,EUR,European Union,M,Import,0,W00,World,0,W00,World,H6,HS,True,8509,"Electro-mechanical domestic appliances; with self-contained electric motor, other than vacuum cleaners of heading 85.08.",4,False,C00,TOTAL CPC,0,0,TOTAL MOT,-1,N/A,0.0,False,-1,N/A,0.0,False,11386203.228,True,0.0,False,135528720.902,,135528720.902,4,False,True
C,M,20230701,2023,7,202307,97,EUR,European Union,M,Import,0,W00,World,0,W00,World,H6,HS,True,8516,"Electric water, space, soil heaters; electro-thermic hair-dressing apparatus; hand dryers, irons; electro-thermic appliances for domestic purposes; electro heating resistors, not of heading no. 8545",4,False,C00,TOTAL CPC,0,0,TOTAL MOT,-1,N/A,0.0,False,-1,N/A,0.0,False,88867638.474,True,0.0,False,742171519.148,,742171519.148,4,False,True
C,M,20230701,2023,7,202307,97,EUR,European Union,M,Import,0,W00,World,0,W00,World,H6,HS,True,9401,"Seats (not those of heading no. 9402), whether or not convertible into beds and parts thereof",4,False,C00,TOTAL CPC,0,0,TOTAL MOT,-1,N/A,0.0,False,-1,N/A,0.0,False,129823885.012,True,0.0,False,768485865.001,,768485865.001,4,False,True
C,M,20230701,2023,7,202307,97,EUR,European Union,M,Import,0,W00,World,0,W00,World,H6,HS,True,9403,"Furniture and parts thereof, n.e.c. in chapter 94",4,False,C00,TOTAL CPC,0,0,TOTAL MOT,-1,N/A,0.0,False,-1,N/A,0.0,False,246786323.168,True,0.0,False,751324472.218,,751324472.218,4,False,True
C,M,20230701,2023,7,202307,97,EUR,European Union,M,Import,0,W00,World,0,W00,World,H6,HS,True,9405,"Luminaires and light fittings; including searchlights, spotlights and parts thereof, n.e.c.; illuminated signs, name-plates and the like, having permanently fixed light source and parts thereof n.e.c. or included",4,False,C00,TOTAL CPC,0,0,TOTAL MOT,8,kg,55190655.772,True,-1,N/A,0.0,False,55190655.772,True,0.0,False,694403449.59,,694403449.59,6,False,True
C,M,20230701,2023,7,202307,97,EUR,European Union,M,Import,0,W00,World,0,W00,World,H6,HS,True,9503,"Tricycles, scooters, pedal cars and similar wheeled toys; dolls' carriages; dolls; other toys; reduced-size (scale) models and similar recreational models, working or not; puzzles of all kinds",4,False,C00,TOTAL CPC,0,0,TOTAL MOT,8,kg,52790261.094,True,-1,N/A,0.0,False,52790261.094,True,0.0,False,578796546.859,,578796546.859,6,False,True
C,M,20230801,2023,8,202308,97,EUR,European Union,M,Import,0,W00,World,0,W00,World,H6,HS,True,3923,"Plastic articles for the conveyance or packing of goods; stoppers, lids, caps and other closures of plastics",4,False,C00,TOTAL CPC,0,0,TOTAL MOT,8,kg,103820838.607,True,-1,N/A,0.0,False,103820838.607,True,0.0,False,500674334.191,,500674334.191,6,False,True
C,M,20230801,2023,8,202308,97,EUR,European Union,M,Import,0,W00,World,0,W00,World,H6,HS,True,3924,"Tableware, kitchenware, other household articles and hygienic or toilet articles, of plastics",4,False,C00,TOTAL CPC,0,0,TOTAL MOT,8,kg,36410575.542,True,-1,N/A,0.0,False,36410575.542,True,0.0,False,176377668.559,,176377668.559,6,False,True
C,M,20230801,2023,8,202308,97,EUR,European Union,M,Import,0,W00,World,0,W00,World,H6,HS,True,3926,"Articles of plastics and articles of other materials of heading no. 3901 to 3914, n.e.c. in chapter 39",4,False,C00,TOTAL CPC,0,0,TOTAL MOT,8,kg,85728155.173,True,-1,N/A,0.0,False,85728155.173,True,0.0,False,859918493.792,,859918493.792,6,False,True
C,M,20230801,2023,8,202308,97,EUR,European Union,M,Import,0,W00,World,0,W00,World,H6,HS,True,8414,"Air or vacuum pumps, air or other gas compressors and fans; ventilating or recycling hoods incorporating a fan; gas-tight biological safety cabinets whether or not fitted with filters",4,False,C00,TOTAL CPC,0,0,TOTAL MOT,-1,N/A,0.0,False,-1,N/A,0.0,False,50779712.286,True,0.0,False,697308173.08,,697308173.08,4,False,True
C,M,20230801,2023,8,202308,97,EUR,European Union,M,Import,0,W00,World,0,W00,World,H6,HS,True,8415,"Air conditioning machines; comprising a motor driven fan and elements for changing the temperature and humidity, including those machines in which the humidity cannot be separately regulated",4,False,C00,TOTAL CPC,0,0,TOTAL MOT,-1,N/A,0.0,False,-1,N/A,0.0,False,35988706.299,True,0.0,False,464218833.01,,464218833.01,4,False,True
C,M,20230801,2023,8,202308,97,EUR,European Union,M,Import,0,W00,World,0,W00,World,H6,HS,True,8418,"Refrigerators, freezers and other refrigerating or freezing equipment, electric or other; heat pumps other than air conditioning machines of heading no. 8415",4,False,C00,TOTAL CPC,0,0,TOTAL MOT,-1,N/A,0.0,True,-1,N/A,0.0,False,90629499.099,True,0.0,False,540231414.603,,540231414.603,6,False,True
C,M,20230801,2023,8,202308,97,EUR,European Union,M,Import,0,W00,World,0,W00,World,H6,HS,True,8450,Household or laundry-type washing machines; including machines which both wash and dry,4,False,C00,TOTAL CPC,0,0,TOTAL MOT,-1,N/A,0.0,True,-1,N/A,0.0,False,48372244.793,True,0.0,False,159648622.641,,159648622.641,6,False,True
C,M,20230801,2023,8,202308,97,EUR,European Union,M,Import,0,W00,World,0,W00,World,H6,HS,True,8508,Vacuum cleaners,4,False,C00,TOTAL CPC,0,0,TOTAL MOT,-1,N/A,0.0,True,-1,N/A,0.0,False,17840539.174,True,0.0,False,304224860.65,,304224860.65,6,False,True
C,M,20230801,2023,8,202308,97,EUR,European Union,M,Import,0,W00,World,0,W00,World,H6,HS,True,8509,"Electro-mechanical domestic appliances; with self-contained electric motor, other than vacuum cleaners of heading 85.08.",4,False,C00,TOTAL CPC,0,0,TOTAL MOT,-1,N/A,0.0,False,-1,N/A,0.0,False,13990816.159,True,0.0,False,158528785.734,,158528785.734,4,False,True
C,M,20230801,2023,8,202308,97,EUR,European Union,M,Import,0,W00,World,0,W00,World,H6,HS,True,8516,"Electric water, space, soil heaters; electro-thermic hair-dressing apparatus; hand dryers, irons; electro-thermic appliances for domestic purposes; electro heating resistors, not of heading no. 8545",4,False,C00,TOTAL CPC,0,0,TOTAL MOT,-1,N/A,0.0,False,-1,N/A,0.0,False,95721290.038,True,0.0,False,832395177.14,,832395177.14,4,False,True
C,M,20230801,2023,8,202308,97,EUR,European Union,M,Import,0,W00,World,0,W00,World,H6,HS,True,9401,"Seats (not those of heading no. 9402), whether or not convertible into beds and parts thereof",4,False,C00,TOTAL CPC,0,0,TOTAL MOT,-1,N/A,0.0,False,-1,N/A,0.0,False,120458415.046,True,0.0,False,693488541.514,,693488541.514,4,False,True
C,M,20230801,2023,8,202308,97,EUR,European Union,M,Import,0,W00,World,0,W00,World,H6,HS,True,9403,"Furniture and parts thereof, n.e.c. in chapter 94",4,False,C00,TOTAL CPC,0,0,TOTAL MOT,-1,N/A,0.0,False,-1,N/A,0.0,False,245887456.888,True,0.0,False,732322801.324,,732322801.324,4,False,True
C,M,20230801,2023,8,202308,97,EUR,European Union,M,Import,0,W00,World,0,W00,World,H6,HS,True,9405,"Luminaires and light fittings; including searchlights, spotlights and parts thereof, n.e.c.; illuminated signs, name-plates and the like, having permanently fixed light source and parts thereof n.e.c. or included",4,False,C00,TOTAL CPC,0,0,TOTAL MOT,8,kg,63198190.905,True,-1,N/A,0.0,False,63198190.905,True,0.0,False,754994799.713,,754994799.713,6,False,True
C,M,20230801,2023,8,202308,97,EUR,European Union,M,Import,0,W00,World,0,W00,World,H6,HS,True,9503,"Tricycles, scooters, pedal cars and similar wheeled toys; dolls' carriages; dolls; other toys; reduced-size (scale) models and similar recreational models, working or not; puzzles of all kinds",4,False,C00,TOTAL CPC,0,0,TOTAL MOT,8,kg,71214959.988,True,-1,N/A,0.0,False,71214959.988,True,0.0,False,761764797.217,,761764797.217,6,False,True
C,M,20230901,2023,9,202309,97,EUR,European Union,M,Import,0,W00,World,0,W00,World,H6,HS,True,3923,"Plastic articles for the conveyance or packing of goods; stoppers, lids, caps and other closures of plastics",4,False,C00,TOTAL CPC,0,0,TOTAL MOT,8,kg,104753160.667,True,-1,N/A,0.0,False,104753160.667,True,0.0,False,488499009.817,,488499009.817,6,False,True
C,M,20230901,2023,9,202309,97,EUR,European Union,M,Import,0,W00,World,0,W00,World,H6,HS,True,3924,"Tableware, kitchenware, other household articles and hygienic or toilet articles, of plastics",4,False,C00,TOTAL CPC,0,0,TOTAL MOT,8,kg,33049535.001,True,-1,N/A,0.0,False,33049535.001,True,0.0,False,160155593.959,,160155593.959,6,False,True
C,M,20230901,2023,9,202309,97,EUR,European Union,M,Import,0,W00,World,0,W00,World,H6,HS,True,3926,"Articles of plastics and articles of other materials of heading no. 3901 to 3914, n.e.c. in chapter 39",4,False,C00,TOTAL CPC,0,0,TOTAL MOT,8,kg,80122307.747,True,-1,N/A,0.0,False,80122307.747,True,0.0,False,893255954.31,,893255954.31,6,False,True
C,M,20230901,2023,9,202309,97,EUR,European Union,M,Import,0,W00,World,0,W00,World,H6,HS,True,8414,"Air or vacuum pumps, air or other gas compressors and fans; ventilating or recycling hoods incorporating a fan; gas-tight biological safety cabinets whether or not fitted with filters",4,False,C00,TOTAL CPC,0,0,TOTAL MOT,-1,N/A,0.0,True,-1,N/A,0.0,False,49500557.246,True,0.0,False,685665063.482,,685665063.482,6,False,True
C,M,20230901,2023,9,202309,97,EUR,European Union,M,Import,0,W00,World,0,W00,World,H6,HS,True,8415,"Air conditioning machines; comprising a motor driven fan and elements for changing the temperature and humidity, including those machines in which the humidity cannot be separately regulated",4,False,C00,TOTAL CPC,0,0,TOTAL MOT,-1,N/A,0.0,False,-1,N/A,0.0,False,27820736.227,True,0.0,False,355934741.714,,355934741.714,4,False,True
C,M,20230901,2023,9,202309,97,EUR,European Union,M,Import,0,W00,World,0,W00,World,H6,HS,True,8418,"Refrigerators, freezers and other refrigerating or freezing equipment, electric or other; heat pumps other than air conditioning machines of heading no. 8415",4,False,C00,TOTAL CPC,0,0,TOTAL MOT,-1,N/A,0.0,False,-1,N/A,0.0,False,,False,0.0,False,463293807.043,,463293807.043,0,False,True
C,M,20230901,2023,9,202309,97,EUR,European Union,M,Import,0,W00,World,0,W00,World,H6,HS,True,8450,Household or laundry-type washing machines; including machines which both wash and dry,4,False,C00,TOTAL CPC,0,0,TOTAL MOT,-1,N/A,0.0,True,-1,N/A,0.0,False,57396007.611,True,0.0,False,191080897.655,,191080897.655,6,False,True
C,M,20230901,2023,9,202309,97,EUR,European Union,M,Import,0,W00,World,0,W00,World,H6,HS,True,8508,Vacuum cleaners,4,False,C00,TOTAL CPC,0,0,TOTAL MOT,-1,N/A,0.0,True,-1,N/A,0.0,False,20367139.245,True,0.0,False,371165897.847,,371165897.847,6,False,True
C,M,20230901,2023,9,202309,97,EUR,European Union,M,Import,0,W00,World,0,W00,World,H6,HS,True,8509,"Electro-mechanical domestic appliances; with self-contained electric motor, other than vacuum cleaners of heading 85.08.",4,False,C00,TOTAL CPC,0,0,TOTAL MOT,-1,N/A,0.0,False,-1,N/A,0.0,False,14321424.167,True,0.0,False,169029578.95,,169029578.95,4,False,True
C,M,20230901,2023,9,202309,97,EUR,European Union,M,Import,0,W00,World,0,W00,World,H6,HS,True,8516,"Electric water, space, soil heaters; electro-thermic hair-dressing apparatus; hand dryers, irons; electro-thermic appliances for domestic purposes; electro heating resistors, not of heading no. 8545",4,False,C00,TOTAL CPC,0,0,TOTAL MOT,-1,N/A,0.0,False,-1,N/A,0.0,False,96070552.422,True,0.0,False,838646064.83,,838646064.83,4,False,True
C,M,20230901,2023,9,202309,97,EUR,European Union,M,Import,0,W00,World,0,W00,World,H6,HS,True,9401,"Seats (not those of heading no. 9402), whether or not convertible into beds and parts thereof",4,False,C00,TOTAL CPC,0,0,TOTAL MOT,-1,N/A,0.0,False,-1,N/A,0.0,False,115649826.193,True,0.0,False,729157181.009,,729157181.009,4,False,True
C,M,20230901,2023,9,202309,97,EUR,European Union,M,Import,0,W00,World,0,W00,World,H6,HS,True,9403,"Furniture and parts thereof, n.e.c. in chapter 94",4,False,C00,TOTAL CPC,0,0,TOTAL MOT,-1,N/A,0.0,False,-1,N/A,0.0,False,234103636.296,True,0.0,False,715233929.357,,715233929.357,4,False,True
C,M,20230901,2023,9,202309,97,EUR,European Union,M,Import,0,W00,World,0,W00,World,H6,HS,True,9405,"Luminaires and light fittings; including searchlights, spotlights and parts thereof, n.e.c.; illuminated signs, name-plates and the like, having permanently fixed light source and parts thereof n.e.c. or included",4,False,C00,TOTAL CPC,0,0,TOTAL MOT,8,kg,62175854.791,True,-1,N/A,0.0,False,62175854.791,True,0.0,False,742568296.774,,742568296.774,6,False,True
C,M,20230901,2023,9,202309,97,EUR,European Union,M,Import,0,W00,World,0,W00,World,H6,HS,True,9503,"Tricycles, scooters, pedal cars and similar wheeled toys; dolls' carriages; dolls; other toys; reduced-size (scale) models and similar recreational models, working or not; puzzles of all kinds",4,False,C00,TOTAL CPC,0,0,TOTAL MOT,-1,N/A,0.0,True,-1,N/A,0.0,False,0.0,True,0.0,False,839317059.349,,839317059.349,6,False,True
C,M,20231001,2023,10,202310,97,EUR,European Union,M,Import,0,W00,World,0,W00,World,H6,HS,True,3923,"Plastic articles for the conveyance or packing of goods; stoppers, lids, caps and other closures of plastics",4,False,C00,TOTAL CPC,0,0,TOTAL MOT,8,kg,114008106.84,True,-1,N/A,0.0,False,114008106.84,True,0.0,False,513864471.652,,513864471.652,6,False,True
C,M,20231001,2023,10,202310,97,EUR,European Union,M,Import,0,W00,World,0,W00,World,H6,HS,True,3924,"Tableware, kitchenware, other household articles and hygienic or toilet articles, of plastics",4,False,C00,TOTAL CPC,0,0,TOTAL MOT,8,kg,35383751.843,True,-1,N/A,0.0,False,35383751.843,True,0.0,False,166812683.502,,166812683.502,6,False,True
C,M,20231001,2023,10,202310,97,EUR,European Union,M,Import,0,W00,World,0,W00,World,H6,HS,True,3926,"Articles of plastics and articles of other materials of heading no. 3901 to 3914, n.e.c. in chapter 39",4,False,C00,TOTAL CPC,0,0,TOTAL MOT,8,kg,88993898.825,True,-1,N/A,0.0,False,88993898.825,True,0.0,False,904479676.334,,904479676.334,6,False,True
C,M,20231001,2023,10,202310,97,EUR,European Union,M,Import,0,W00,World,0,W00,World,H6,HS,True,8414,"Air or vacuum pumps, air or other gas compressors and fans; ventilating or recycling hoods incorporating a fan; gas-tight biological safety cabinets whether or not fitted with filters",4,False,C00,TOTAL CPC,0,0,TOTAL MOT,-1,N/A,0.0,True,-1,N/A,0.0,False,49912974.689,True,0.0,False,692369323.59,,692369323.59,6,False,True
C,M,20231001,2023,10,202310,97,EUR,European Union,M,Import,0,W00,World,0,W00,World,H6,HS,True,8415,"Air conditioning machines; comprising a motor driven fan and elements for changing the temperature and humidity, including those machines in which the humidity cannot be separately regulated",4,False,C00,TOTAL CPC,0,0,TOTAL MOT,-1,N/A,0.0,False,-1,N/A,0.0,False,31711588.795,True,0.0,False,401670601.619,,401670601.619,4,False,True
C,M,20231001,2023,10,202310,97,EUR,European Union,M,Import,0,W00,World,0,W00,World,H6,HS,True,8418,"Refrigerators, freezers and other refrigerating or freezing equipment, electric or other; heat pumps other than air conditioning machines of heading no. 8415",4,False,C00,TOTAL CPC,0,0,TOTAL MOT,-1,N/A,0.0,False,-1,N/A,0.0,False,,False,0.0,False,511220782.726,,511220782.726,0,False,True
C,M,20231001,2023,10,202310,97,EUR,European Union,M,Import,0,W00,World,0,W00,World,H6,HS,True,8450,Household or laundry-type washing machines; including machines which both wash and dry,4,False,C00,TOTAL CPC,0,0,TOTAL MOT,-1,N/A,0.0,True,-1,N/A,0.0,False,67515934.746,True,0.0,False,216903269.326,,216903269.326,6,False,True
C,M,20231001,2023,10,202310,97,EUR,European Union,M,Import,0,W00,World,0,W00,World,H6,HS,True,8508,Vacuum cleaners,4,False,C00,TOTAL CPC,0,0,TOTAL MOT,-1,N/A,0.0,True,-1,N/A,0.0,False,25289762.12,True,0.0,False,552804201.535,,552804201.535,6,False,True
C,M,20231001,2023,10,202310,97,EUR,European Union,M,Import,0,W00,World,0,W00,World,H6,HS,True,8509,"Electro-mechanical domestic appliances; with self-contained electric motor, other than vacuum cleaners of heading 85.08.",4,False,C00,TOTAL CPC,0,0,TOTAL MOT,-1,N/A,0.0,False,-1,N/A,0.0,False,17886379.484,True,0.0,False,202456952.033,,202456952.033,4,False,True
C,M,20231001,2023,10,202310,97,EUR,European Union,M,Import,0,W00,World,0,W00,World,H6,HS,True,8516,"Electric water, space, soil heaters; electro-thermic hair-dressing apparatus; hand dryers, irons; electro-thermic appliances for domestic purposes; electro heating resistors, not of heading no. 8545",4,False,C00,TOTAL CPC,0,0,TOTAL MOT,-1,N/A,0.0,False,-1,N/A,0.0,False,108566710.933,True,0.0,False,929278290.505,,929278290.505,4,False,True
C,M,20231001,2023,10,202310,97,EUR,European Union,M,Import,0,W00,World,0,W00,World,H6,HS,True,9401,"Seats (not those of heading no. 9402), whether or not convertible into beds and parts thereof",4,False,C00,TOTAL CPC,0,0,TOTAL MOT,-1,N/A,0.0,False,-1,N/A,0.0,False,134032550.372,True,0.0,False,794761486.324,,794761486.324,4,False,True
C,M,20231001,2023,10,202310,97,EUR,European Union,M,Import,0,W00,World,0,W00,World,H6,HS,True,9403,"Furniture and parts thereof, n.e.c. in chapter 94",4,False,C00,TOTAL CPC,0,0,TOTAL MOT,-1,N/A,0.0,False,-1,N/A,0.0,False,680111384.767,True,0.0,False,778363191.628,,778363191.628,4,False,True
C,M,20231001,2023,10,202310,97,EUR,European Union,M,Import,0,W00,World,0,W00,World,H6,HS,True,9405,"Luminaires and light fittings; including searchlights, spotlights and parts thereof, n.e.c.; illuminated signs, name-plates and the like, having permanently fixed light source and parts thereof n.e.c. or included",4,False,C00,TOTAL CPC,0,0,TOTAL MOT,8,kg,61978112.636,True,-1,N/A,0.0,False,61978112.636,True,0.0,False,718383106.853,,718383106.853,6,False,True
C,M,20231001,2023,10,202310,97,EUR,European Union,M,Import,0,W00,World,0,W00,World,H6,HS,True,9503,"Tricycles, scooters, pedal cars and similar wheeled toys; dolls' carriages; dolls; other toys; reduced-size (scale) models and similar recreational models, working or not; puzzles of all kinds",4,False,C00,TOTAL CPC,0,0,TOTAL MOT,8,kg,74504475.323,True,-1,N/A,0.0,False,74504475.323,True,0.0,False,788359090.268,,788359090.268,6,False,True
C,M,20231101,2023,11,202311,97,EUR,European Union,M,Import,0,W00,World,0,W00,World,H6,HS,True,3923,"Plastic articles for the conveyance or packing of goods; stoppers, lids, caps and other closures of plastics",4,False,C00,TOTAL CPC,0,0,TOTAL MOT,8,kg,112617139.746,True,-1,N/A,0.0,False,112617139.746,True,0.0,False,510941426.148,,510941426.148,6,False,True
C,M,20231101,2023,11,202311,97,EUR,European Union,M,Import,0,W00,World,0,W00,World,H6,HS,True,3924,"Tableware, kitchenware, other household articles and hygienic or toilet articles, of plastics",4,False,C00,TOTAL CPC,0,0,TOTAL MOT,8,kg,34263065.372,True,-1,N/A,0.0,False,34263065.372,True,0.0,False,165410490.36,,165410490.36,6,False,True
C,M,20231101,2023,11,202311,97,EUR,European Union,M,Import,0,W00,World,0,W00,World,H6,HS,True,3926,"Articles of plastics and articles of other materials of heading no. 3901 to 3914, n.e.c. in chapter 39",4,False,C00,TOTAL CPC,0,0,TOTAL MOT,8,kg,81338541.444,True,-1,N/A,0.0,False,81338541.444,True,0.0,False,858717253.422,,858717253.422,6,False,True
C,M,20231101,2023,11,202311,97,EUR,European Union,M,Import,0,W00,World,0,W00,World,H6,HS,True,8414,"Air or vacuum pumps, air or other gas compressors and fans; ventilating or recycling hoods incorporating a fan; gas-tight biological safety cabinets whether or not fitted with filters",4,False,C00,TOTAL CPC,0,0,TOTAL MOT,-1,N/A,0.0,True,-1,N/A,0.0,False,46124192.666,True,0.0,False,691214282.71,,691214282.71,6,False,True
C,M,20231101,2023,11,202311,97,EUR,European Union,M,Import,0,W00,World,0,W00,World,H6,HS,True,8415,"Air conditioning machines; comprising a motor driven fan and elements for changing the temperature and humidity, including those machines in which the humidity cannot be separately regulated",4,False,C00,TOTAL CPC,0,0,TOTAL MOT,-1,N/A,0.0,False,-1,N/A,0.0,False,26275164.551,True,0.0,False,351433105.467,,351433105.467,4,False,True
C,M,20231101,2023,11,202311,97,EUR,European Union,M,Import,0,W00,World,0,W00,World,H6,HS,True,8418,"Refrigerators, freezers and other refrigerating or freezing equipment, electric or other; heat pumps other than air conditioning machines of heading no. 8415",4,False,C00,TOTAL CPC,0,0,TOTAL MOT,-1,N/A,0.0,True,-1,N/A,0.0,False,82169973.183,True,0.0,False,470542806.323,,470542806.323,6,False,True
C,M,20231101,2023,11,202311,97,EUR,European Union,M,Import,0,W00,World,0,W00,World,H6,HS,True,8450,Household or laundry-type washing machines; including machines which both wash and dry,4,False,C00,TOTAL CPC,0,0,TOTAL MOT,-1,N/A,0.0,True,-1,N/A,0.0,False,56692657.411,True,0.0,False,189031336.979,,189031336.979,6,False,True
C,M,20231101,2023,11,202311,97,EUR,European Union,M,Import,0,W00,World,0,W00,World,H6,HS,True,8508,Vacuum cleaners,4,False,C00,TOTAL CPC,0,0,TOTAL MOT,-1,N/A,0.0,True,-1,N/A,0.0,False,18967734.457,True,0.0,False,434850660.376,,434850660.376,6,False,True
C,M,20231101,2023,11,202311,97,EUR,European Union,M,Import,0,W00,World,0,W00,World,H6,HS,True,8509,"Electro-mechanical domestic appliances; with self-contained electric motor, other than vacuum cleaners of heading 85.08.",4,False,C00,TOTAL CPC,0,0,TOTAL MOT,-1,N/A,0.0,False,-1,N/A,0.0,False,14298663.546,True,0.0,False,179659134.078,,179659134.078,4,False,True
C,M,20231101,2023,11,202311,97,EUR,European Union,M,Import,0,W00,World,0,W00,World,H6,HS,True,8516,"Electric water, space, soil heaters; electro-thermic hair-dressing apparatus; hand dryers, irons; electro-thermic appliances for domestic purposes; electro heating resistors, not of heading no. 8545",4,False,C00,TOTAL CPC,0,0,TOTAL MOT,-1,N/A,0.0,False,-1,N/A,0.0,False,86163832.202,True,0.0,False,735805031.255,,735805031.255,4,False,True
C,M,20231101,2023,11,202311,97,EUR,European Union,M,Import,0,W00,World,0,W00,World,H6,HS,True,9401,"Seats (not those of heading no. 9402), whether or not convertible into beds and parts thereof",4,False,C00,TOTAL CPC,0,0,TOTAL MOT,-1,N/A,0.0,False,-1,N/A,0.0,False,135532373.115,True,0.0,False,831840004.676,,831840004.676,4,False,True
C,M,20231101,2023,11,202311,97,EUR,European Union,M,Import,0,W00,World,0,W00,World,H6,HS,True,9403,"Furniture and parts thereof, n.e.c. in chapter 94",4,False,C00,TOTAL CPC,0,0,TOTAL MOT,-1,N/A,0.0,False,-1,N/A,0.0,False,747294606.894,True,0.0,False,772082953.934,,772082953.934,4,False,True
C,M,20231101,2023,11,202311,97,EUR,European Union,M,Import,0,W00,World,0,W00,World,H6,HS,True,9405,"Luminaires and light fittings; including searchlights, spotlights and parts thereof, n.e.c.; illuminated signs, name-plates and the like, having permanently fixed light source and parts thereof n.e.c. or included",4,False,C00,TOTAL CPC,0,0,TOTAL MOT,8,kg,48376336.783,True,-1,N/A,0.0,False,48376336.783,True,0.0,False,608643255.176,,608643255.176,6,False,True
C,M,20231101,2023,11,202311,97,EUR,European Union,M,Import,0,W00,World,0,W00,World,H6,HS,True,9503,"Tricycles, scooters, pedal cars and similar wheeled toys; dolls' carriages; dolls; other toys; reduced-size (scale) models and similar recreational models, working or not; puzzles of all kinds",4,False,C00,TOTAL CPC,0,0,TOTAL MOT,8,kg,56736760.451,True,-1,N/A,0.0,False,56736760.451,True,0.0,False,627003147.488,,627003147.488,6,False,True
C,M,20231201,2023,12,202312,97,EUR,European Union,M,Import,0,W00,World,0,W00,World,H6,HS,True,3923,"Plastic articles for the conveyance or packing of goods; stoppers, lids, caps and other closures of plastics",4,False,C00,TOTAL CPC,0,0,TOTAL MOT,8,kg,96317018.253,True,-1,N/A,0.0,False,96317018.253,True,0.0,False,442241697.939,,442241697.939,6,False,True
C,M,20231201,2023,12,202312,97,EUR,European Union,M,Import,0,W00,World,0,W00,World,H6,HS,True,3924,"Tableware, kitchenware, other household articles and hygienic or toilet articles, of plastics",4,False,C00,TOTAL CPC,0,0,TOTAL MOT,8,kg,32063676.69,True,-1,N/A,0.0,False,32063676.69,True,0.0,False,153346089.387,,153346089.387,6,False,True
C,M,20231201,2023,12,202312,97,EUR,European Union,M,Import,0,W00,World,0,W00,World,H6,HS,True,3926,"Articles of plastics and articles of other materials of heading no. 3901 to 3914, n.e.c. in chapter 39",4,False,C00,TOTAL CPC,0,0,TOTAL MOT,8,kg,72193675.284,True,-1,N/A,0.0,False,72193675.284,True,0.0,False,785583874.695,,785583874.695,6,False,True
C,M,20231201,2023,12,202312,97,EUR,European Union,M,Import,0,W00,World,0,W00,World,H6,HS,True,8414,"Air or vacuum pumps, air or other gas compressors and fans; ventilating or recycling hoods incorporating a fan; gas-tight biological safety cabinets whether or not fitted with filters",4,False,C00,TOTAL CPC,0,0,TOTAL MOT,-1,N/A,0.0,True,-1,N/A,0.0,False,37798623.503,True,0.0,False,575294781.686,,575294781.686,6,False,True
C,M,20231201,2023,12,202312,97,EUR,European Union,M,Import,0,W00,World,0,W00,World,H6,HS,True,8415,"Air conditioning machines; comprising a motor driven fan and elements for changing the temperature and humidity, including those machines in which the humidity cannot be separately regulated",4,False,C00,TOTAL CPC,0,0,TOTAL MOT,-1,N/A,0.0,False,-1,N/A,0.0,False,20496310.025,True,0.0,False,284354188.033,,284354188.033,4,False,True
C,M,20231201,2023,12,202312,97,EUR,European Union,M,Import,0,W00,World,0,W00,World,H6,HS,True,8418,"Refrigerators, freezers and other refrigerating or freezing equipment, electric or other; heat pumps other than air conditioning machines of heading no. 8415",4,False,C00,TOTAL CPC,0,0,TOTAL MOT,-1,N/A,0.0,False,-1,N/A,0.0,False,65888133.679,True,0.0,False,395260897.078,,395260897.078,4,False,True
C,M,20231201,2023,12,202312,97,EUR,European Union,M,Import,0,W00,World,0,W00,World,H6,HS,True,8450,Household or laundry-type washing machines; including machines which both wash and dry,4,False,C00,TOTAL CPC,0,0,TOTAL MOT,-1,N/A,0.0,False,-1,N/A,0.0,False,49919773.882,True,0.0,False,170038658.411,,170038658.411,4,False,True
C,M,20231201,2023,12,202312,97,EUR,European Union,M,Import,0,W00,World,0,W00,World,H6,HS,True,8508,Vacuum cleaners,4,False,C00,TOTAL CPC,0,0,TOTAL MOT,-1,N/A,0.0,True,-1,N/A,0.0,False,15459856.929,True,0.0,False,336501879.609,,336501879.609,6,False,True
C,M,20231201,2023,12,202312,97,EUR,European Union,M,Import,0,W00,World,0,W00,World,H6,HS,True,8509,"Electro-mechanical domestic appliances; with self-contained electric motor, other than vacuum cleaners of heading 85.08.",4,False,C00,TOTAL CPC,0,0,TOTAL MOT,-1,N/A,0.0,False,-1,N/A,0.0,False,12034039.571,True,0.0,False,153613035.854,,153613035.854,4,False,True
C,M,20231201,2023,12,202312,97,EUR,European Union,M,Import,0,W00,World,0,W00,World,H6,HS,True,8516,"Electric water, space, soil heaters; electro-thermic hair-dressing apparatus; hand dryers, irons; electro-thermic appliances for domestic purposes; electro heating resistors, not of heading no. 8545",4,False,C00,TOTAL CPC,0,0,TOTAL MOT,-1,N/A,0.0,False,-1,N/A,0.0,False,73480097.945,True,0.0,False,643617941.676,,643617941.676,4,False,True
C,M,20231201,2023,12,202312,97,EUR,European Union,M,Import,0,W00,World,0,W00,World,H6,HS,True,9401,"Seats (not those of heading no. 9402), whether or not convertible into beds and parts thereof",4,False,C00,TOTAL CPC,0,0,TOTAL MOT,-1,N/A,0.0,False,-1,N/A,0.0,False,131506717.326,True,0.0,False,743664699.41,,743664699.41,4,False,True
C,M,20231201,2023,12,202312,97,EUR,European Union,M,Import,0,W00,World,0,W00,World,H6,HS,True,9403,"Furniture and parts thereof, n.e.c. in chapter 94",4,False,C00,TOTAL CPC,0,0,TOTAL MOT,-1,N/A,0.0,True,-1,N/A,0.0,False,276110141.529,True,0.0,False,732580385.732,,732580385.732,6,False,True
C,M,20231201,2023,12,202312,97,EUR,European Union,M,Import,0,W00,World,0,W00,World,H6,HS,True,9405,"Luminaires and light fittings; including searchlights, spotlights and parts thereof, n.e.c.; illuminated signs, name-plates and the like, having permanently fixed light source and parts thereof n.e.c. or included",4,False,C00,TOTAL CPC,0,0,TOTAL MOT,8,kg,40752281.605,True,-1,N/A,0.0,False,40752281.605,True,0.0,False,517276283.388,,517276283.388,6,False,True
C,M,20231201,2023,12,202312,97,EUR,European Union,M,Import,0,W00,World,0,W00,World,H6,HS,True,9503,"Tricycles, scooters, pedal cars and similar wheeled toys; dolls' carriages; dolls; other toys; reduced-size (scale) models and similar recreational models, working or not; puzzles of all kinds",4,False,C00,TOTAL CPC,0,0,TOTAL MOT,8,kg,37132573.727,True,-1,N/A,0.0,False,37132573.727,True,0.0,False,444721727.332,,444721727.332,6,False,True
C,M,20240101,2024,1,202401,97,EUR,European Union,M,Import,0,W00,World,0,W00,World,H6,HS,True,3923,"Plastic articles for the conveyance or packing of goods; stoppers, lids, caps and other closures of plastics",4,False,C00,TOTAL CPC,0,0,TOTAL MOT,-1,N/A,0.0,False,-1,N/A,0.0,False,,False,0.0,False,492068444.704,,492068444.704,0,False,True
C,M,20240101,2024,1,202401,97,EUR,European Union,M,Import,0,W00,World,0,W00,World,H6,HS,True,3924,"Tableware, kitchenware, other household articles and hygienic or toilet articles, of plastics",4,False,C00,TOTAL CPC,0,0,TOTAL MOT,8,kg,32034414.05,True,-1,N/A,0.0,False,32034414.05,True,0.0,False,157443416.87,,157443416.87,6,False,True
C,M,20240101,2024,1,202401,97,EUR,European Union,M,Import,0,W00,World,0,W00,World,H6,HS,True,3926,"Articles of plastics and articles of other materials of heading no. 3901 to 3914, n.e.c. in chapter 39",4,False,C00,TOTAL CPC,0,0,TOTAL MOT,8,kg,81714166.565,True,-1,N/A,0.0,False,81714166.565,True,0.0,False,865446913.095,,865446913.095,6,False,True
C,M,20240101,2024,1,202401,97,EUR,European Union,M,Import,0,W00,World,0,W00,World,H6,HS,True,8414,"Air or vacuum pumps, air or other gas compressors and fans; ventilating or recycling hoods incorporating a fan; gas-tight biological safety cabinets whether or not fitted with filters",4,False,C00,TOTAL CPC,0,0,TOTAL MOT,-1,N/A,0.0,True,-1,N/A,0.0,False,44748511.251,True,0.0,False,630584997.903,,630584997.903,6,False,True
C,M,20240101,2024,1,202401,97,EUR,European Union,M,Import,0,W00,World,0,W00,World,H6,HS,True,8415,"Air conditioning machines; comprising a motor driven fan and elements for changing the temperature and humidity, including those machines in which the humidity cannot be separately regulated",4,False,C00,TOTAL CPC,0,0,TOTAL MOT,-1,N/A,0.0,False,-1,N/A,0.0,False,28950744.917,True,0.0,False,359445657.241,,359445657.241,4,False,True
C,M,20240101,2024,1,202401,97,EUR,European Union,M,Import,0,W00,World,0,W00,World,H6,HS,True,8418,"Refrigerators, freezers and other refrigerating or freezing equipment, electric or other; heat pumps other than air conditioning machines of heading no. 8415",4,False,C00,TOTAL CPC,0,0,TOTAL MOT,-1,N/A,0.0,True,-1,N/A,0.0,False,71805111.667,True,0.0,False,419619421.068,,419619421.068,6,False,True
C,M,20240101,2024,1,202401,97,EUR,European Union,M,Import,0,W00,World,0,W00,World,H6,HS,True,8450,Household or laundry-type washing machines; including machines which both wash and dry,4,False,C00,TOTAL CPC,0,0,TOTAL MOT,-1,N/A,0.0,True,-1,N/A,0.0,False,51530748.609,True,0.0,False,173222829.899,,173222829.899,6,False,True
C,M,20240101,2024,1,202401,97,EUR,European Union,M,Import,0,W00,World,0,W00,World,H6,HS,True,8508,Vacuum cleaners,4,False,C00,TOTAL CPC,0,0,TOTAL MOT,-1,N/A,0.0,True,-1,N/A,0.0,False,15030348.995,True,0.0,False,277882147.432,,277882147.432,6,False,True
C,M,20240101,2024,1,202401,97,EUR,European Union,M,Import,0,W00,World,0,W00,World,H6,HS,True,8509,"Electro-mechanical domestic appliances; with self-contained electric motor, other than vacuum cleaners of heading 85.08.",4,False,C00,TOTAL CPC,0,0,TOTAL MOT,-1,N/A,0.0,False,-1,N/A,0.0,False,,False,0.0,False,139504222.733,,139504222.733,0,False,True
C,M,20240101,2024,1,202401,97,EUR,European Union,M,Import,0,W00,World,0,W00,World,H6,HS,True,8516,"Electric water, space, soil heaters; electro-thermic hair-dressing apparatus; hand dryers, irons; electro-thermic appliances for domestic purposes; electro heating resistors, not of heading no. 8545",4,False,C00,TOTAL CPC,0,0,TOTAL MOT,-1,N/A,0.0,False,-1,N/A,0.0,False,71803708.138,True,0.0,False,611242243.306,,611242243.306,4,False,True
C,M,20240101,2024,1,202401,97,EUR,European Union,M,Import,0,W00,World,0,W00,World,H6,HS,True,9401,"Seats (not those of heading no. 9402), whether or not convertible into beds and parts thereof",4,False,C00,TOTAL CPC,0,0,TOTAL MOT,-1,N/A,0.0,False,-1,N/A,0.0,False,147429508.764,True,0.0,False,857344760.355,,857344760.355,4,False,True
C,M,20240101,2024,1,202401,97,EUR,European Union,M,Import,0,W00,World,0,W00,World,H6,HS,True,9403,"Furniture and parts thereof, n.e.c. in chapter 94",4,False,C00,TOTAL CPC,0,0,TOTAL MOT,-1,N/A,0.0,False,-1,N/A,0.0,False,257924112.286,True,0.0,False,781774761.078,,781774761.078,4,False,True
C,M,20240101,2024,1,202401,97,EUR,European Union,M,Import,0,W00,World,0,W00,World,H6,HS,True,9405,"Luminaires and light fittings; including searchlights, spotlights and parts thereof, n.e.c.; illuminated signs, name-plates and the like, having permanently fixed light source and parts thereof n.e.c. or included",4,False,C00,TOTAL CPC,0,0,TOTAL MOT,8,kg,44305073.194,True,-1,N/A,0.0,False,44305073.194,True,0.0,False,552549895.947,,552549895.947,6,False,True
C,M,20240101,2024,1,202401,97,EUR,European Union,M,Import,0,W00,World,0,W00,World,H6,HS,True,9503,"Tricycles, scooters, pedal cars and similar wheeled toys; dolls' carriages; dolls; other toys; reduced-size (scale) models and similar recreational models, working or not; puzzles of all kinds",4,False,C00,TOTAL CPC,0,0,TOTAL MOT,8,kg,32668032.665,True,-1,N/A,0.0,False,32668032.665,True,0.0,False,370096340.681,,370096340.681,6,False,True
C,M,20240201,2024,2,202402,97,EUR,European Union,M,Import,0,W00,World,0,W00,World,H6,HS,True,3923,"Plastic articles for the conveyance or packing of goods; stoppers, lids, caps and other closures of plastics",4,False,C00,TOTAL CPC,0,0,TOTAL MOT,-1,N/A,0.0,False,-1,N/A,0.0,False,,False,0.0,False,514973572.902,,514973572.902,0,False,True
C,M,20240201,2024,2,202402,97,EUR,European Union,M,Import,0,W00,World,0,W00,World,H6,HS,True,3924,"Tableware, kitchenware, other household articles and hygienic or toilet articles, of plastics",4,False,C00,TOTAL CPC,0,0,TOTAL MOT,8,kg,35845724.458,True,-1,N/A,0.0,False,35845724.458,True,0.0,False,170606182.109,,170606182.109,6,False,True
C,M,20240201,2024,2,202402,97,EUR,European Union,M,Import,0,W00,World,0,W00,World,H6,HS,True,3926,"Articles of plastics and articles of other materials of heading no. 3901 to 3914, n.e.c. in chapter 39",4,False,C00,TOTAL CPC,0,0,TOTAL MOT,8,kg,95657191.254,True,-1,N/A,0.0,False,95657191.254,True,0.0,False,908567861.921,,908567861.921,6,False,True
C,M,20240201,2024,2,202402,97,EUR,European Union,M,Import,0,W00,World,0,W00,World,H6,HS,True,8414,"Air or vacuum pumps, air or other gas compressors and fans; ventilating or recycling hoods incorporating a fan; gas-tight biological safety cabinets whether or not fitted with filters",4,False,C00,TOTAL CPC,0,0,TOTAL MOT,-1,N/A,0.0,True,-1,N/A,0.0,False,55010189.785,True,0.0,False,700127355.963,,700127355.963,6,False,True
C,M,20240201,2024,2,202402,97,EUR,European Union,M,Import,0,W00,World,0,W00,World,H6,HS,True,8415,"Air conditioning machines; comprising a motor driven fan and elements for changing the temperature and humidity, including those machines in which the humidity cannot be separately regulated",4,False,C00,TOTAL CPC,0,0,TOTAL MOT,-1,N/A,0.0,False,-1,N/A,0.0,False,41004268.912,True,0.0,False,495049687.321,,495049687.321,4,False,True
C,M,20240201,2024,2,202402,97,EUR,European Union,M,Import,0,W00,World,0,W00,World,H6,HS,True,8418,"Refrigerators, freezers and other refrigerating or freezing equipment, electric or other; heat pumps other than air conditioning machines of heading no. 8415",4,False,C00,TOTAL CPC,0,0,TOTAL MOT,-1,N/A,0.0,False,-1,N/A,0.0,False,73118295.551,True,0.0,False,453957333.228,,453957333.228,4,False,True
C,M,20240201,2024,2,202402,97,EUR,European Union,M,Import,0,W00,World,0,W00,World,H6,HS,True,8450,Household or laundry-type washing machines; including machines which both wash and dry,4,False,C00,TOTAL CPC,0,0,TOTAL MOT,-1,N/A,0.0,True,-1,N/A,0.0,False,48129977.662,True,0.0,False,165980387.329,,165980387.329,6,False,True
C,M,20240201,2024,2,202402,97,EUR,European Union,M,Import,0,W00,World,0,W00,World,H6,HS,True,8508,Vacuum cleaners,4,False,C00,TOTAL CPC,0,0,TOTAL MOT,-1,N/A,0.0,True,-1,N/A,0.0,False,16131251.063,True,0.0,False,293192126.739,,293192126.739,6,False,True
C,M,20240201,2024,2,202402,97,EUR,European Union,M,Import,0,W00,World,0,W00,World,H6,HS,True,8509,"Electro-mechanical domestic appliances; with self-contained electric motor, other than vacuum cleaners of heading 85.08.",4,False,C00,TOTAL CPC,0,0,TOTAL MOT,-1,N/A,0.0,False,-1,N/A,0.0,False,13544070.516,True,0.0,False,158917085.787,,158917085.787,4,False,True
C,M,20240201,2024,2,202402,97,EUR,European Union,M,Import,0,W00,World,0,W00,World,H6,HS,True,8516,"Electric water, space, soil heaters; electro-thermic hair-dressing apparatus; hand dryers, irons; electro-thermic appliances for domestic purposes; electro heating resistors, not of heading no. 8545",4,False,C00,TOTAL CPC,0,0,TOTAL MOT,-1,N/A,0.0,False,-1,N/A,0.0,False,77555803.446,True,0.0,False,660733492.101,,660733492.101,4,False,True
C,M,20240201,2024,2,202402,97,EUR,European Union,M,Import,0,W00,World,0,W00,World,H6,HS,True,9401,"Seats (not those of heading no. 9402), whether or not convertible into beds and parts thereof",4,False,C00,TOTAL CPC,0,0,TOTAL MOT,-1,N/A,0.0,False,-1,N/A,0.0,False,183443666.945,True,0.0,False,1009832901.216,,1009832901.216,4,False,True
C,M,20240201,2024,2,202402,97,EUR,European Union,M,Import,0,W00,World,0,W00,World,H6,HS,True,9403,"Furniture and parts thereof, n.e.c. in chapter 94",4,False,C00,TOTAL CPC,0,0,TOTAL MOT,-1,N/A,0.0,False,-1,N/A,0.0,False,,False,0.0,False,898184267.484,,898184267.484,0,False,True
C,M,20240201,2024,2,202402,97,EUR,European Union,M,Import,0,W00,World,0,W00,World,H6,HS,True,9405,"Luminaires and light fittings; including searchlights, spotlights and parts thereof, n.e.c.; illuminated signs, name-plates and the like, having permanently fixed light source and parts thereof n.e.c. or included",4,False,C00,TOTAL CPC,0,0,TOTAL MOT,8,kg,53685455.243,True,-1,N/A,0.0,False,53685455.243,True,0.0,False,642729154.193,,642729154.193,6,False,True
C,M,20240201,2024,2,202402,97,EUR,European Union,M,Import,0,W00,World,0,W00,World,H6,HS,True,9503,"Tricycles, scooters, pedal cars and similar wheeled toys; dolls' carriages; dolls; other toys; reduced-size (scale) models and similar recreational models, working or not; puzzles of all kinds",4,False,C00,TOTAL CPC,0,0,TOTAL MOT,-1,N/A,0.0,True,-1,N/A,0.0,False,0.0,True,0.0,False,476305946.494,,476305946.494,6,False,True
C,M,20240301,2024,3,202403,97,EUR,European Union,M,Import,0,W00,World,0,W00,World,H6,HS,True,3923,"Plastic articles for the conveyance or packing of goods; stoppers, lids, caps and other closures of plastics",4,False,C00,TOTAL CPC,0,0,TOTAL MOT,8,kg,108860792.312,True,-1,N/A,0.0,False,108860792.312,True,0.0,False,515636456.588,,515636456.588,6,False,True
C,M,20240301,2024,3,202403,97,EUR,European Union,M,Import,0,W00,World,0,W00,World,H6,HS,True,3924,"Tableware, kitchenware, other household articles and hygienic or toilet articles, of plastics",4,False,C00,TOTAL CPC,0,0,TOTAL MOT,8,kg,38762218.83,True,-1,N/A,0.0,False,38762218.83,True,0.0,False,187890454.74,,187890454.74,6,False,True
C,M,20240301,2024,3,202403,97,EUR,European Union,M,Import,0,W00,World,0,W00,World,H6,HS,True,3926,"Articles of plastics and articles of other materials of heading no. 3901 to 3914, n.e.c. in chapter 39",4,False,C00,TOTAL CPC,0,0,TOTAL MOT,8,kg,96743768.222,True,-1,N/A,0.0,False,96743768.222,True,0.0,False,942949340.159,,942949340.159,6,False,True
C,M,20240301,2024,3,202403,97,EUR,European Union,M,Import,0,W00,World,0,W00,World,H6,HS,True,8414,"Air or vacuum pumps, air or other gas compressors and fans; ventilating or recycling hoods incorporating a fan; gas-tight biological safety cabinets whether or not fitted with filters",4,False,C00,TOTAL CPC,0,0,TOTAL MOT,-1,N/A,0.0,True,-1,N/A,0.0,False,64903483.31,True,0.0,False,791687961.516,,791687961.516,6,False,True
C,M,20240301,2024,3,202403,97,EUR,European Union,M,Import,0,W00,World,0,W00,World,H6,HS,True,8415,"Air conditioning machines; comprising a motor driven fan and elements for changing the temperature and humidity, including those machines in which the humidity cannot be separately regulated",4,False,C00,TOTAL CPC,0,0,TOTAL MOT,-1,N/A,0.0,False,-1,N/A,0.0,False,61858546.388,True,0.0,False,628601339.849,,628601339.849,4,False,True
C,M,20240301,2024,3,202403,97,EUR,European Union,M,Import,0,W00,World,0,W00,World,H6,HS,True,8418,"Refrigerators, freezers and other refrigerating or freezing equipment, electric or other; heat pumps other than air conditioning machines of heading no. 8415",4,False,C00,TOTAL CPC,0,0,TOTAL MOT,-1,N/A,0.0,False,-1,N/A,0.0,False,81613520.329,True,0.0,False,502351150.668,,502351150.668,4,False,True
C,M,20240301,2024,3,202403,97,EUR,European Union,M,Import,0,W00,World,0,W00,World,H6,HS,True,8450,Household or laundry-type washing machines; including machines which both wash and dry,4,False,C00,TOTAL CPC,0,0,TOTAL MOT,-1,N/A,0.0,True,-1,N/A,0.0,False,49697596.302,True,0.0,False,174172032.212,,174172032.212,6,False,True
C,M,20240301,2024,3,202403,97,EUR,European Union,M,Import,0,W00,World,0,W00,World,H6,HS,True,8508,Vacuum cleaners,4,False,C00,TOTAL CPC,0,0,TOTAL MOT,-1,N/A,0.0,True,-1,N/A,0.0,False,18657927.333,True,0.0,False,354110223.793,,354110223.793,6,False,True
C,M,20240301,2024,3,202403,97,EUR,European Union,M,Import,0,W00,World,0,W00,World,H6,HS,True,8509,"Electro-mechanical domestic appliances; with self-contained electric motor, other than vacuum cleaners of heading 85.08.",4,False,C00,TOTAL CPC,0,0,TOTAL MOT,-1,N/A,0.0,False,-1,N/A,0.0,False,15170593.802,True,0.0,False,190067976.582,,190067976.582,4,False,True
C,M,20240301,2024,3,202403,97,EUR,European Union,M,Import,0,W00,World,0,W00,World,H6,HS,True,8516,"Electric water, space, soil heaters; electro-thermic hair-dressing apparatus; hand dryers, irons; electro-thermic appliances for domestic purposes; electro heating resistors, not of heading no. 8545",4,False,C00,TOTAL CPC,0,0,TOTAL MOT,-1,N/A,0.0,False,-1,N/A,0.0,False,81605800.619,True,0.0,False,701041959.736,,701041959.736,4,False,True
C,M,20240301,2024,3,202403,97,EUR,European Union,M,Import,0,W00,World,0,W00,World,H6,HS,True,9401,"Seats (not those of heading no. 9402), whether or not convertible into beds and parts thereof",4,False,C00,TOTAL CPC,0,0,TOTAL MOT,-1,N/A,0.0,False,-1,N/A,0.0,False,184210156.121,True,0.0,False,1055014116.3,,1055014116.3,4,False,True
C,M,20240301,2024,3,202403,97,EUR,European Union,M,Import,0,W00,World,0,W00,World,H6,HS,True,9403,"Furniture and parts thereof, n.e.c. in chapter 94",4,False,C00,TOTAL CPC,0,0,TOTAL MOT,-1,N/A,0.0,False,-1,N/A,0.0,False,301849828.404,True,0.0,False,961078842.013,,961078842.013,4,False,True
C,M,20240301,2024,3,202403,97,EUR,European Union,M,Import,0,W00,World,0,W00,World,H6,HS,True,9405,"Luminaires and light fittings; including searchlights, spotlights and parts thereof, n.e.c.; illuminated signs, name-plates and the like, having permanently fixed light source and parts thereof n.e.c. or included",4,False,C00,TOTAL CPC,0,0,TOTAL MOT,8,kg,58910673.776,True,-1,N/A,0.0,False,58910673.776,True,0.0,False,720520700.08,,720520700.08,6,False,True
C,M,20240301,2024,3,202403,97,EUR,European Union,M,Import,0,W00,World,0,W00,World,H6,HS,True,9503,"Tricycles, scooters, pedal cars and similar wheeled toys; dolls' carriages; dolls; other toys; reduced-size (scale) models and similar recreational models, working or not; puzzles of all kinds",4,False,C00,TOTAL CPC,0,0,TOTAL MOT,-1,N/A,0.0,True,-1,N/A,0.0,False,0.0,True,0.0,False,543529927.621,,543529927.621,6,False,True
C,M,20240401,2024,4,202404,97,EUR,European Union,M,Import,0,W00,World,0,W00,World,H6,HS,True,3923,"Plastic articles for the conveyance or packing of goods; stoppers, lids, caps and other closures of plastics",4,False,C00,TOTAL CPC,0,0,TOTAL MOT,8,kg,112744833.298,True,-1,N/A,0.0,False,112744833.298,True,0.0,False,523407576.678,,523407576.678,6,False,True
C,M,20240401,2024,4,202404,97,EUR,European Union,M,Import,0,W00,World,0,W00,World,H6,HS,True,3924,"Tableware, kitchenware, other household articles and hygienic or toilet articles, of plastics",4,False,C00,TOTAL CPC,0,0,TOTAL MOT,8,kg,36956443.743,True,-1,N/A,0.0,False,36956443.743,True,0.0,False,177786115.685,,177786115.685,6,False,True
C,M,20240401,2024,4,202404,97,EUR,European Union,M,Import,0,W00,World,0,W00,World,H6,HS,True,3926,"Articles of plastics and articles of other materials of heading no. 3901 to 3914, n.e.c. in chapter 39",4,False,C00,TOTAL CPC,0,0,TOTAL MOT,8,kg,92746229.161,True,-1,N/A,0.0,False,92746229.161,True,0.0,False,920478686.343,,920478686.343,6,False,True
C,M,20240401,2024,4,202404,97,EUR,European Union,M,Import,0,W00,World,0,W00,World,H6,HS,True,8414,"Air or vacuum pumps, air or other gas compressors and fans; ventilating or recycling hoods incorporating a fan; gas-tight biological safety cabinets whether or not fitted with filters",4,False,C00,TOTAL CPC,0,0,TOTAL MOT,-1,N/A,0.0,True,-1,N/A,0.0,False,67209078.31,True,0.0,False,803188718.21,,803188718.21,6,False,True
C,M,20240401,2024,4,202404,97,EUR,European Union,M,Import,0,W00,World,0,W00,World,H6,HS,True,8415,"Air conditioning machines; comprising a motor driven fan and elements for changing the temperature and humidity, including those machines in which the humidity cannot be separately regulated",4,False,C00,TOTAL CPC,0,0,TOTAL MOT,-1,N/A,0.0,False,-1,N/A,0.0,False,83175357.583,True,0.0,False,842465096.653,,842465096.653,4,False,True
C,M,20240401,2024,4,202404,97,EUR,European Union,M,Import,0,W00,World,0,W00,World,H6,HS,True,8418,"Refrigerators, freezers and other refrigerating or freezing equipment, electric or other; heat pumps other than air conditioning machines of heading no. 8415",4,False,C00,TOTAL CPC,0,0,TOTAL MOT,-1,N/A,0.0,True,-1,N/A,0.0,False,100465745.779,True,0.0,False,589218707.753,,589218707.753,6,False,True
C,M,20240401,2024,4,202404,97,EUR,European Union,M,Import,0,W00,World,0,W00,World,H6,HS,True,8450,Household or laundry-type washing machines; including machines which both wash and dry,4,False,C00,TOTAL CPC,0,0,TOTAL MOT,-1,N/A,0.0,True,-1,N/A,0.0,False,56056664.395,True,0.0,False,191207655.433,,191207655.433,6,False,True
C,M,20240401,2024,4,202404,97,EUR,European Union,M,Import,0,W00,World,0,W00,World,H6,HS,True,8508,Vacuum cleaners,4,False,C00,TOTAL CPC,0,0,TOTAL MOT,-1,N/A,0.0,True,-1,N/A,0.0,False,16378268.48,True,0.0,False,305488854.911,,305488854.911,6,False,True
C,M,20240401,2024,4,202404,97,EUR,European Union,M,Import,0,W00,World,0,W00,World,H6,HS,True,8509,"Electro-mechanical domestic appliances; with self-contained electric motor, other than vacuum cleaners of heading 85.08.",4,False,C00,TOTAL CPC,0,0,TOTAL MOT,-1,N/A,0.0,False,-1,N/A,0.0,False,13021905.589,True,0.0,False,168463688.014,,168463688.014,4,False,True
C,M,20240401,2024,4,202404,97,EUR,European Union,M,Import,0,W00,World,0,W00,World,H6,HS,True,8516,"Electric water, space, soil heaters; electro-thermic hair-dressing apparatus; hand dryers, irons; electro-thermic appliances for domestic purposes; electro heating resistors, not of heading no. 8545",4,False,C00,TOTAL CPC,0,0,TOTAL MOT,-1,N/A,0.0,False,-1,N/A,0.0,False,78197637.222,True,0.0,False,702764279.712,,702764279.712,4,False,True
C,M,20240401,2024,4,202404,97,EUR,European Union,M,Import,0,W00,World,0,W00,World,H6,HS,True,9401,"Seats (not those of heading no. 9402), whether or not convertible into beds and parts thereof",4,False,C00,TOTAL CPC,0,0,TOTAL MOT,-1,N/A,0.0,False,-1,N/A,0.0,False,157011014.929,True,0.0,False,948191112.986,,948191112.986,4,False,True
C,M,20240401,2024,4,202404,97,EUR,European Union,M,Import,0,W00,World,0,W00,World,H6,HS,True,9403,"Furniture and parts thereof, n.e.c. in chapter 94",4,False,C00,TOTAL CPC,0,0,TOTAL MOT,-1,N/A,0.0,False,-1,N/A,0.0,False,279982051.952,True,0.0,False,883964545.69,,883964545.69,4,False,True
C,M,20240401,2024,4,202404,97,EUR,European Union,M,Import,0,W00,World,0,W00,World,H6,HS,True,9405,"Luminaires and light fittings; including searchlights, spotlights and parts thereof, n.e.c.; illuminated signs, name-plates and the like, having permanently fixed light source and parts thereof n.e.c. or included",4,False,C00,TOTAL CPC,0,0,TOTAL MOT,8,kg,46226846.823,True,-1,N/A,0.0,False,46226846.823,True,0.0,False,581413444.909,,581413444.909,6,False,True
C,M,20240401,2024,4,202404,97,EUR,European Union,M,Import,0,W00,World,0,W00,World,H6,HS,True,9503,"Tricycles, scooters, pedal cars and similar wheeled toys; dolls' carriages; dolls; other toys; reduced-size (scale) models and similar recreational models, working or not; puzzles of all kinds",4,False,C00,TOTAL CPC,0,0,TOTAL MOT,-1,N/A,0.0,True,-1,N/A,0.0,False,0.0,True,0.0,False,448980953.125,,448980953.125,6,False,True
C,M,20240501,2024,5,202405,97,EUR,European Union,M,Import,0,W00,World,0,W00,World,H6,HS,True,3923,"Plastic articles for the conveyance or packing of goods; stoppers, lids, caps and other closures of plastics",4,False,C00,TOTAL CPC,0,0,TOTAL MOT,8,kg,118783839.492,True,-1,N/A,0.0,False,118783839.492,True,0.0,False,562544828.389,,562544828.389,6,False,True
C,M,20240501,2024,5,202405,97,EUR,European Union,M,Import,0,W00,World,0,W00,World,H6,HS,True,3924,"Tableware, kitchenware, other household articles and hygienic or toilet articles, of plastics",4,False,C00,TOTAL CPC,0,0,TOTAL MOT,8,kg,41332054.49,True,-1,N/A,0.0,False,41332054.49,True,0.0,False,193479153.55,,193479153.55,6,False,True
C,M,20240501,2024,5,202405,97,EUR,European Union,M,Import,0,W00,World,0,W00,World,H6,HS,True,3926,"Articles of plastics and articles of other materials of heading no. 3901 to 3914, n.e.c. in chapter 39",4,False,C00,TOTAL CPC,0,0,TOTAL MOT,8,kg,97776873.682,True,-1,N/A,0.0,False,97776873.682,True,0.0,False,926963577.094,,926963577.094,6,False,True
C,M,20240501,2024,5,202405,97,EUR,European Union,M,Import,0,W00,World,0,W00,World,H6,HS,True,8414,"Air or vacuum pumps, air or other gas compressors and fans; ventilating or recycling hoods incorporating a fan; gas-tight biological safety cabinets whether or not fitted with filters",4,False,C00,TOTAL CPC,0,0,TOTAL MOT,-1,N/A,0.0,True,-1,N/A,0.0,False,74269710.632,True,0.0,False,851272961.995,,851272961.995,6,False,True
C,M,20240501,2024,5,202405,97,EUR,European Union,M,Import,0,W00,World,0,W00,World,H6,HS,True,8415,"Air conditioning machines; comprising a motor driven fan and elements for changing the temperature and humidity, including those machines in which the humidity cannot be separately regulated",4,False,C00,TOTAL CPC,0,0,TOTAL MOT,-1,N/A,0.0,False,-1,N/A,0.0,False,94021310.557,True,0.0,False,917580004.827,,917580004.827,4,False,True
C,M,20240501,2024,5,202405,97,EUR,European Union,M,Import,0,W00,World,0,W00,World,H6,HS,True,8418,"Refrigerators, freezers and other refrigerating or freezing equipment, electric or other; heat pumps other than air conditioning machines of heading no. 8415",4,False,C00,TOTAL CPC,0,0,TOTAL MOT,-1,N/A,0.0,False,-1,N/A,0.0,False,,False,0.0,False,604833226.488,,604833226.488,0,False,True
C,M,20240501,2024,5,202405,97,EUR,European Union,M,Import,0,W00,World,0,W00,World,H6,HS,True,8450,Household or laundry-type washing machines; including machines which both wash and dry,4,False,C00,TOTAL CPC,0,0,TOTAL MOT,-1,N/A,0.0,True,-1,N/A,0.0,False,58620991.503,True,0.0,False,198781715.452,,198781715.452,6,False,True
C,M,20240501,2024,5,202405,97,EUR,European Union,M,Import,0,W00,World,0,W00,World,H6,HS,True,8508,Vacuum cleaners,4,False,C00,TOTAL CPC,0,0,TOTAL MOT,-1,N/A,0.0,True,-1,N/A,0.0,False,20457623.985,True,0.0,False,377945671.446,,377945671.446,6,False,True
C,M,20240501,2024,5,202405,97,EUR,European Union,M,Import,0,W00,World,0,W00,World,H6,HS,True,8509,"Electro-mechanical domestic appliances; with self-contained electric motor, other than vacuum cleaners of heading 85.08.",4,False,C00,TOTAL CPC,0,0,TOTAL MOT,-1,N/A,0.0,False,-1,N/A,0.0,False,17860511.702,True,0.0,False,226757009.122,,226757009.122,4,False,True
C,M,20240501,2024,5,202405,97,EUR,European Union,M,Import,0,W00,World,0,W00,World,H6,HS,True,8516,"Electric water, space, soil heaters; electro-thermic hair-dressing apparatus; hand dryers, irons; electro-thermic appliances for domestic purposes; electro heating resistors, not of heading no. 8545",4,False,C00,TOTAL CPC,0,0,TOTAL MOT,-1,N/A,0.0,False,-1,N/A,0.0,False,91068548.325,True,0.0,False,840543406.902,,840543406.902,4,False,True
C,M,20240501,2024,5,202405,97,EUR,European Union,M,Import,0,W00,World,0,W00,World,H6,HS,True,9401,"Seats (not those of heading no. 9402), whether or not convertible into beds and parts thereof",4,False,C00,TOTAL CPC,0,0,TOTAL MOT,-1,N/A,0.0,False,-1,N/A,0.0,False,176047270.954,True,0.0,False,1028715028.244,,1028715028.244,4,False,True
C,M,20240501,2024,5,202405,97,EUR,European Union,M,Import,0,W00,World,0,W00,World,H6,HS,True,9403,"Furniture and parts thereof, n.e.c. in chapter 94",4,False,C00,TOTAL CPC,0,0,TOTAL MOT,-1,N/A,0.0,True,-1,N/A,0.0,False,295549328.78,True,0.0,False,915914204.789,,915914204.789,6,False,True
C,M,20240501,2024,5,202405,97,EUR,European Union,M,Import,0,W00,World,0,W00,World,H6,HS,True,9405,"Luminaires and light fittings; including searchlights, spotlights and parts thereof, n.e.c.; illuminated signs, name-plates and the like, having permanently fixed light source and parts thereof n.e.c. or included",4,False,C00,TOTAL CPC,0,0,TOTAL MOT,8,kg,46553168.457,True,-1,N/A,0.0,False,46553168.457,True,0.0,False,597637378.169,,597637378.169,6,False,True
C,M,20240501,2024,5,202405,97,EUR,European Union,M,Import,0,W00,World,0,W00,World,H6,HS,True,9503,"Tricycles, scooters, pedal cars and similar wheeled toys; dolls' carriages; dolls; other toys; reduced-size (scale) models and similar recreational models, working or not; puzzles of all kinds",4,False,C00,TOTAL CPC,0,0,TOTAL MOT,-1,N/A,0.0,True,-1,N/A,0.0,False,0.0,True,0.0,False,449357152.968,,449357152.968,6,False,True
C,M,20240601,2024,6,202406,97,EUR,European Union,M,Import,0,W00,World,0,W00,World,H6,HS,True,3923,"Plastic articles for the conveyance or packing of goods; stoppers, lids, caps and other closures of plastics",4,False,C00,TOTAL CPC,0,0,TOTAL MOT,8,kg,113045917.81,True,-1,N/A,0.0,False,113045917.81,True,0.0,False,519655404.887,,519655404.887,6,False,True
C,M,20240601,2024,6,202406,97,EUR,European Union,M,Import,0,W00,World,0,W00,World,H6,HS,True,3924,"Tableware, kitchenware, other household articles and hygienic or toilet articles, of plastics",4,False,C00,TOTAL CPC,0,0,TOTAL MOT,8,kg,40825792.321,True,-1,N/A,0.0,False,40825792.321,True,0.0,False,188407134.587,,188407134.587,6,False,True
C,M,20240601,2024,6,202406,97,EUR,European Union,M,Import,0,W00,World,0,W00,World,H6,HS,True,3926,"Articles of plastics and articles of other materials of heading no. 3901 to 3914, n.e.c. in chapter 39",4,False,C00,TOTAL CPC,0,0,TOTAL MOT,8,kg,96690249.073,True,-1,N/A,0.0,False,96690249.073,True,0.0,False,888892971.569,,888892971.569,6,False,True
C,M,20240601,2024,6,202406,97,EUR,European Union,M,Import,0,W00,World,0,W00,World,H6,HS,True,8414,"Air or vacuum pumps, air or other gas compressors and fans; ventilating or recycling hoods incorporating a fan; gas-tight biological safety cabinets whether or not fitted with filters",4,False,C00,TOTAL CPC,0,0,TOTAL MOT,-1,N/A,0.0,True,-1,N/A,0.0,False,60785026.045,True,0.0,False,722699477.337,,722699477.337,6,False,True
C,M,20240601,2024,6,202406,97,EUR,European Union,M,Import,0,W00,World,0,W00,World,H6,HS,True,8415,"Air conditioning machines; comprising a motor driven fan and elements for changing the temperature and humidity, including those machines in which the humidity cannot be separately regulated",4,False,C00,TOTAL CPC,0,0,TOTAL MOT,-1,N/A,0.0,False,-1,N/A,0.0,False,74894692.106,True,0.0,False,717766255.659,,717766255.659,4,False,True
C,M,20240601,2024,6,202406,97,EUR,European Union,M,Import,0,W00,World,0,W00,World,H6,HS,True,8418,"Refrigerators, freezers and other refrigerating or freezing equipment, electric or other; heat pumps other than air conditioning machines of heading no. 8415",4,False,C00,TOTAL CPC,0,0,TOTAL MOT,-1,N/A,0.0,False,-1,N/A,0.0,False,105889038.986,True,0.0,False,583253554.716,,583253554.716,4,False,True
C,M,20240601,2024,6,202406,97,EUR,European Union,M,Import,0,W00,World,0,W00,World,H6,HS,True,8450,Household or laundry-type washing machines; including machines which both wash and dry,4,False,C00,TOTAL CPC,0,0,TOTAL MOT,-1,N/A,0.0,True,-1,N/A,0.0,False,52707409.425,True,0.0,False,179433676.215,,179433676.215,6,False,True
C,M,20240601,2024,6,202406,97,EUR,European Union,M,Import,0,W00,World,0,W00,World,H6,HS,True,8508,Vacuum cleaners,4,False,C00,TOTAL CPC,0,0,TOTAL MOT,-1,N/A,0.0,True,-1,N/A,0.0,False,19078724.206,True,0.0,False,384328352.846,,384328352.846,6,False,True
C,M,20240601,2024,6,202406,97,EUR,European Union,M,Import,0,W00,World,0,W00,World,H6,HS,True,8509,"Electro-mechanical domestic appliances; with self-contained electric motor, other than vacuum cleaners of heading 85.08.",4,False,C00,TOTAL CPC,0,0,TOTAL MOT,-1,N/A,0.0,False,-1,N/A,0.0,False,15603951.091,True,0.0,False,190703211.008,,190703211.008,4,False,True
C,M,20240601,2024,6,202406,97,EUR,European Union,M,Import,0,W00,World,0,W00,World,H6,HS,True,8516,"Electric water, space, soil heaters; electro-thermic hair-dressing apparatus; hand dryers, irons; electro-thermic appliances for domestic purposes; electro heating resistors, not of heading no. 8545",4,False,C00,TOTAL CPC,0,0,TOTAL MOT,-1,N/A,0.0,False,-1,N/A,0.0,False,89201943.452,True,0.0,False,745600588.217,,745600588.217,4,False,True
C,M,20240601,2024,6,202406,97,EUR,European Union,M,Import,0,W00,World,0,W00,World,H6,HS,True,9401,"Seats (not those of heading no. 9402), whether or not convertible into beds and parts thereof",4,False,C00,TOTAL CPC,0,0,TOTAL MOT,-1,N/A,0.0,False,-1,N/A,0.0,False,166576863.602,True,0.0,False,940719027.772,,940719027.772,4,False,True
C,M,20240601,2024,6,202406,97,EUR,European Union,M,Import,0,W00,World,0,W00,World,H6,HS,True,9403,"Furniture and parts thereof, n.e.c. in chapter 94",4,False,C00,TOTAL CPC,0,0,TOTAL MOT,-1,N/A,0.0,True,-1,N/A,0.0,False,282716897.439,True,0.0,False,853684595.078,,853684595.078,6,False,True
C,M,20240601,2024,6,202406,97,EUR,European Union,M,Import,0,W00,World,0,W00,World,H6,HS,True,9405,"Luminaires and light fittings; including searchlights, spotlights and parts thereof, n.e.c.; illuminated signs, name-plates and the like, having permanently fixed light source and parts thereof n.e.c. or included",4,False,C00,TOTAL CPC,0,0,TOTAL MOT,8,kg,50705427.77,True,-1,N/A,0.0,False,50705427.77,True,0.0,False,619724249.642,,619724249.642,6,False,True
C,M,20240601,2024,6,202406,97,EUR,European Union,M,Import,0,W00,World,0,W00,World,H6,HS,True,9503,"Tricycles, scooters, pedal cars and similar wheeled toys; dolls' carriages; dolls; other toys; reduced-size (scale) models and similar recreational models, working or not; puzzles of all kinds",4,False,C00,TOTAL CPC,0,0,TOTAL MOT,8,kg,42477575.201,True,-1,N/A,0.0,False,42477575.201,True,0.0,False,449447011.032,,449447011.032,6,False,True
C,M,20240701,2024,7,202407,97,EUR,European Union,M,Import,0,W00,World,0,W00,World,H6,HS,True,3923,"Plastic articles for the conveyance or packing of goods; stoppers, lids, caps and other closures of plastics",4,False,C00,TOTAL CPC,0,0,TOTAL MOT,-1,N/A,0.0,False,-1,N/A,0.0,False,,False,0.0,False,598191413.937,,598191413.937,0,False,True
C,M,20240701,2024,7,202407,97,EUR,European Union,M,Import,0,W00,World,0,W00,World,H6,HS,True,3924,"Tableware, kitchenware, other household articles and hygienic or toilet articles, of plastics",4,False,C00,TOTAL CPC,0,0,TOTAL MOT,8,kg,46157357.88,True,-1,N/A,0.0,False,46157357.88,True,0.0,False,220996895.878,,220996895.878,6,False,True
C,M,20240701,2024,7,202407,97,EUR,European Union,M,Import,0,W00,World,0,W00,World,H6,HS,True,3926,"Articles of plastics and articles of other materials of heading no. 3901 to 3914, n.e.c. in chapter 39",4,False,C00,TOTAL CPC,0,0,TOTAL MOT,8,kg,107732052.906,True,-1,N/A,0.0,False,107732052.906,True,0.0,False,1018101966.071,,1018101966.071,6,False,True
C,M,20240701,2024,7,202407,97,EUR,European Union,M,Import,0,W00,World,0,W00,World,H6,HS,True,8414,"Air or vacuum pumps, air or other gas compressors and fans; ventilating or recycling hoods incorporating a fan; gas-tight biological safety cabinets whether or not fitted with filters",4,False,C00,TOTAL CPC,0,0,TOTAL MOT,-1,N/A,0.0,True,-1,N/A,0.0,False,62440141.07,True,0.0,False,771793405.532,,771793405.532,6,False,True
C,M,20240701,2024,7,202407,97,EUR,European Union,M,Import,0,W00,World,0,W00,World,H6,HS,True,8415,"Air conditioning machines; comprising a motor driven fan and elements for changing the temperature and humidity, including those machines in which the humidity cannot be separately regulated",4,False,C00,TOTAL CPC,0,0,TOTAL MOT,-1,N/A,0.0,False,-1,N/A,0.0,False,72860516.379,True,0.0,False,739171774.392,,739171774.392,4,False,True
C,M,20240701,2024,7,202407,97,EUR,European Union,M,Import,0,W00,World,0,W00,World,H6,HS,True,8418,"Refrigerators, freezers and other refrigerating or freezing equipment, electric or other; heat pumps other than air conditioning machines of heading no. 8415",4,False,C00,TOTAL CPC,0,0,TOTAL MOT,-1,N/A,0.0,False,-1,N/A,0.0,False,,False,0.0,False,660372079.456,,660372079.456,0,False,True
C,M,20240701,2024,7,202407,97,EUR,European Union,M,Import,0,W00,World,0,W00,World,H6,HS,True,8450,Household or laundry-type washing machines; including machines which both wash and dry,4,False,C00,TOTAL CPC,0,0,TOTAL MOT,-1,N/A,0.0,True,-1,N/A,0.0,False,54381584.897,True,0.0,False,181615598.127,,181615598.127,6,False,True
C,M,20240701,2024,7,202407,97,EUR,European Union,M,Import,0,W00,World,0,W00,World,H6,HS,True,8508,Vacuum cleaners,4,False,C00,TOTAL CPC,0,0,TOTAL MOT,-1,N/A,0.0,True,-1,N/A,0.0,False,22305108.482,True,0.0,False,392852818.23,,392852818.23,6,False,True
C,M,20240701,2024,7,202407,97,EUR,European Union,M,Import,0,W00,World,0,W00,World,H6,HS,True,8509,"Electro-mechanical domestic appliances; with self-contained electric motor, other than vacuum cleaners of heading 85.08.",4,False,C00,TOTAL CPC,0,0,TOTAL MOT,-1,N/A,0.0,False,-1,N/A,0.0,False,19614048.107,True,0.0,False,232506981.68,,232506981.68,4,False,True
C,M,20240701,2024,7,202407,97,EUR,European Union,M,Import,0,W00,World,0,W00,World,H6,HS,True,8516,"Electric water, space, soil heaters; electro-thermic hair-dressing apparatus; hand dryers, irons; electro-thermic appliances for domestic purposes; electro heating resistors, not of heading no. 8545",4,False,C00,TOTAL CPC,0,0,TOTAL MOT,-1,N/A,0.0,False,-1,N/A,0.0,False,106041093.436,True,0.0,False,887988307.712,,887988307.712,4,False,True
C,M,20240701,2024,7,202407,97,EUR,European Union,M,Import,0,W00,World,0,W00,World,H6,HS,True,9401,"Seats (not those of heading no. 9402), whether or not convertible into beds and parts thereof",4,False,C00,TOTAL CPC,0,0,TOTAL MOT,-1,N/A,0.0,False,-1,N/A,0.0,False,176378862.221,True,0.0,False,987186058.474,,987186058.474,4,False,True
C,M,20240701,2024,7,202407,97,EUR,European Union,M,Import,0,W00,World,0,W00,World,H6,HS,True,9403,"Furniture and parts thereof, n.e.c. in chapter 94",4,False,C00,TOTAL CPC,0,0,TOTAL MOT,-1,N/A,0.0,False,-1,N/A,0.0,False,326129463.346,True,0.0,False,979837383.185,,979837383.185,4,False,True
C,M,20240701,2024,7,202407,97,EUR,European Union,M,Import,0,W00,World,0,W00,World,H6,HS,True,9405,"Luminaires and light fittings; including searchlights, spotlights and parts thereof, n.e.c.; illuminated signs, name-plates and the like, having permanently fixed light source and parts thereof n.e.c. or included",4,False,C00,TOTAL CPC,0,0,TOTAL MOT,8,kg,65036729.199,True,-1,N/A,0.0,False,65036729.199,True,0.0,False,785688352.907,,785688352.907,6,False,True
C,M,20240701,2024,7,202407,97,EUR,European Union,M,Import,0,W00,World,0,W00,World,H6,HS,True,9503,"Tricycles, scooters, pedal cars and similar wheeled toys; dolls' carriages; dolls; other toys; reduced-size (scale) models and similar recreational models, working or not; puzzles of all kinds",4,False,C00,TOTAL CPC,0,0,TOTAL MOT,8,kg,58286925.772,True,-1,N/A,0.0,False,58286925.772,True,0.0,False,626598005.891,,626598005.891,6,False,True
C,M,20240801,2024,8,202408,97,EUR,European Union,M,Import,0,W00,World,0,W00,World,H6,HS,True,3923,"Plastic articles for the conveyance or packing of goods; stoppers, lids, caps and other closures of plastics",4,False,C00,TOTAL CPC,0,0,TOTAL MOT,8,kg,116276333.457,True,-1,N/A,0.0,False,116276333.457,True,0.0,False,564251673.866,,564251673.866,6,False,True
C,M,20240801,2024,8,202408,97,EUR,European Union,M,Import,0,W00,World,0,W00,World,H6,HS,True,3924,"Tableware, kitchenware, other household articles and hygienic or toilet articles, of plastics",4,False,C00,TOTAL CPC,0,0,TOTAL MOT,8,kg,44157266.8,True,-1,N/A,0.0,False,44157266.8,True,0.0,False,225311138.979,,225311138.979,6,False,True
C,M,20240801,2024,8,202408,97,EUR,European Union,M,Import,0,W00,World,0,W00,World,H6,HS,True,3926,"Articles of plastics and articles of other materials of heading no. 3901 to 3914, n.e.c. in chapter 39",4,False,C00,TOTAL CPC,0,0,TOTAL MOT,8,kg,97743847.861,True,-1,N/A,0.0,False,97743847.861,True,0.0,False,948088921.453,,948088921.453,6,False,True
C,M,20240801,2024,8,202408,97,EUR,European Union,M,Import,0,W00,World,0,W00,World,H6,HS,True,8414,"Air or vacuum pumps, air or other gas compressors and fans; ventilating or recycling hoods incorporating a fan; gas-tight biological safety cabinets whether or not fitted with filters",4,False,C00,TOTAL CPC,0,0,TOTAL MOT,-1,N/A,0.0,True,-1,N/A,0.0,False,50574527.053,True,0.0,False,696552586.207,,696552586.207,6,False,True
C,M,20240801,2024,8,202408,97,EUR,European Union,M,Import,0,W00,World,0,W00,World,H6,HS,True,8415,"Air conditioning machines; comprising a motor driven fan and elements for changing the temperature and humidity, including those machines in which the humidity cannot be separately regulated",4,False,C00,TOTAL CPC,0,0,TOTAL MOT,-1,N/A,0.0,False,-1,N/A,0.0,False,54176072.07,True,0.0,False,593846848.656,,593846848.656,4,False,True
C,M,20240801,2024,8,202408,97,EUR,European Union,M,Import,0,W00,World,0,W00,World,H6,HS,True,8418,"Refrigerators, freezers and other refrigerating or freezing equipment, electric or other; heat pumps other than air conditioning machines of heading no. 8415",4,False,C00,TOTAL CPC,0,0,TOTAL MOT,-1,N/A,0.0,True,-1,N/A,0.0,False,108884273.481,True,0.0,False,608850150.667,,608850150.667,6,False,True
C,M,20240801,2024,8,202408,97,EUR,European Union,M,Import,0,W00,World,0,W00,World,H6,HS,True,8450,Household or laundry-type washing machines; including machines which both wash and dry,4,False,C00,TOTAL CPC,0,0,TOTAL MOT,-1,N/A,0.0,True,-1,N/A,0.0,False,54255299.017,True,0.0,False,187282128.527,,187282128.527,6,False,True
C,M,20240801,2024,8,202408,97,EUR,European Union,M,Import,0,W00,World,0,W00,World,H6,HS,True,8508,Vacuum cleaners,4,False,C00,TOTAL CPC,0,0,TOTAL MOT,-1,N/A,0.0,True,-1,N/A,0.0,False,24726836.695,True,0.0,False,447219142.112,,447219142.112,6,False,True
C,M,20240801,2024,8,202408,97,EUR,European Union,M,Import,0,W00,World,0,W00,World,H6,HS,True,8509,"Electro-mechanical domestic appliances; with self-contained electric motor, other than vacuum cleaners of heading 85.08.",4,False,C00,TOTAL CPC,0,0,TOTAL MOT,-1,N/A,0.0,False,-1,N/A,0.0,False,20783664.781,True,0.0,False,243649638.666,,243649638.666,4,False,True
C,M,20240801,2024,8,202408,97,EUR,European Union,M,Import,0,W00,World,0,W00,World,H6,HS,True,8516,"Electric water, space, soil heaters; electro-thermic hair-dressing apparatus; hand dryers, irons; electro-thermic appliances for domestic purposes; electro heating resistors, not of heading no. 8545",4,False,C00,TOTAL CPC,0,0,TOTAL MOT,-1,N/A,0.0,False,-1,N/A,0.0,False,112214906.22,True,0.0,False,954345097.769,,954345097.769,4,False,True
C,M,20240801,2024,8,202408,97,EUR,European Union,M,Import,0,W00,World,0,W00,World,H6,HS,True,9401,"Seats (not those of heading no. 9402), whether or not convertible into beds and parts thereof",4,False,C00,TOTAL CPC,0,0,TOTAL MOT,-1,N/A,0.0,False,-1,N/A,0.0,False,152536389.004,True,0.0,False,894570467.374,,894570467.374,4,False,True
C,M,20240801,2024,8,202408,97,EUR,European Union,M,Import,0,W00,World,0,W00,World,H6,HS,True,9403,"Furniture and parts thereof, n.e.c. in chapter 94",4,False,C00,TOTAL CPC,0,0,TOTAL MOT,-1,N/A,0.0,False,-1,N/A,0.0,False,,False,0.0,False,950729471.366,,950729471.366,0,False,True
C,M,20240801,2024,8,202408,97,EUR,European Union,M,Import,0,W00,World,0,W00,World,H6,HS,True,9405,"Luminaires and light fittings; including searchlights, spotlights and parts thereof, n.e.c.; illuminated signs, name-plates and the like, having permanently fixed light source and parts thereof n.e.c. or included",4,False,C00,TOTAL CPC,0,0,TOTAL MOT,8,kg,75481159.514,True,-1,N/A,0.0,False,75481159.514,True,0.0,False,882676205.892,,882676205.892,6,False,True
C,M,20240801,2024,8,202408,97,EUR,European Union,M,Import,0,W00,World,0,W00,World,H6,HS,True,9503,"Tricycles, scooters, pedal cars and similar wheeled toys; dolls' carriages; dolls; other toys; reduced-size (scale) models and similar recreational models, working or not; puzzles of all kinds",4,False,C00,TOTAL CPC,0,0,TOTAL MOT,8,kg,74507467.125,True,-1,N/A,0.0,False,74507467.125,True,0.0,False,817621137.947,,817621137.947,6,False,True
C,M,20240901,2024,9,202409,97,EUR,European Union,M,Import,0,W00,World,0,W00,World,H6,HS,True,3923,"Plastic articles for the conveyance or packing of goods; stoppers, lids, caps and other closures of plastics",4,False,C00,TOTAL CPC,0,0,TOTAL MOT,8,kg,121482480.845,True,-1,N/A,0.0,False,121482480.845,True,0.0,False,602352595.667,,602352595.667,6,False,True
C,M,20240901,2024,9,202409,97,EUR,European Union,M,Import,0,W00,World,0,W00,World,H6,HS,True,3924,"Tableware, kitchenware, other household articles and hygienic or toilet articles, of plastics",4,False,C00,TOTAL CPC,0,0,TOTAL MOT,8,kg,42256608.046,True,-1,N/A,0.0,False,42256608.046,True,0.0,False,213700446.046,,213700446.046,6,False,True
C,M,20240901,2024,9,202409,97,EUR,European Union,M,Import,0,W00,World,0,W00,World,H6,HS,True,3926,"Articles of plastics and articles of other materials of heading no. 3901 to 3914, n.e.c. in chapter 39",4,False,C00,TOTAL CPC,0,0,TOTAL MOT,-1,N/A,0.0,True,-1,N/A,0.0,False,0.0,True,0.0,False,1098511278.969,,1098511278.969,6,False,True
C,M,20240901,2024,9,202409,97,EUR,European Union,M,Import,0,W00,World,0,W00,World,H6,HS,True,8414,"Air or vacuum pumps, air or other gas compressors and fans; ventilating or recycling hoods incorporating a fan; gas-tight biological safety cabinets whether or not fitted with filters",4,False,C00,TOTAL CPC,0,0,TOTAL MOT,-1,N/A,0.0,True,-1,N/A,0.0,False,53622212.007,True,0.0,False,755237506.073,,755237506.073,6,False,True
C,M,20240901,2024,9,202409,97,EUR,European Union,M,Import,0,W00,World,0,W00,World,H6,HS,True,8415,"Air conditioning machines; comprising a motor driven fan and elements for changing the temperature and humidity, including those machines in which the humidity cannot be separately regulated",4,False,C00,TOTAL CPC,0,0,TOTAL MOT,-1,N/A,0.0,False,-1,N/A,0.0,False,43002554.578,True,0.0,False,532367229.704,,532367229.704,4,False,True
C,M,20240901,2024,9,202409,97,EUR,European Union,M,Import,0,W00,World,0,W00,World,H6,HS,True,8418,"Refrigerators, freezers and other refrigerating or freezing equipment, electric or other; heat pumps other than air conditioning machines of heading no. 8415",4,False,C00,TOTAL CPC,0,0,TOTAL MOT,-1,N/A,0.0,False,-1,N/A,0.0,False,100752035.093,True,0.0,False,582276300.554,,582276300.554,4,False,True
C,M,20240901,2024,9,202409,97,EUR,European Union,M,Import,0,W00,World,0,W00,World,H6,HS,True,8450,Household or laundry-type washing machines; including machines which both wash and dry,4,False,C00,TOTAL CPC,0,0,TOTAL MOT,-1,N/A,0.0,True,-1,N/A,0.0,False,55472560.486,True,0.0,False,190150877.048,,190150877.048,6,False,True
C,M,20240901,2024,9,202409,97,EUR,European Union,M,Import,0,W00,World,0,W00,World,H6,HS,True,8508,Vacuum cleaners,4,False,C00,TOTAL CPC,0,0,TOTAL MOT,-1,N/A,0.0,True,-1,N/A,0.0,False,28184868.436,True,0.0,False,526390640.648,,526390640.648,6,False,True
C,M,20240901,2024,9,202409,97,EUR,European Union,M,Import,0,W00,World,0,W00,World,H6,HS,True,8509,"Electro-mechanical domestic appliances; with self-contained electric motor, other than vacuum cleaners of heading 85.08.",4,False,C00,TOTAL CPC,0,0,TOTAL MOT,-1,N/A,0.0,False,-1,N/A,0.0,False,21491557.811,True,0.0,False,277072527.823,,277072527.823,4,False,True
C,M,20240901,2024,9,202409,97,EUR,European Union,M,Import,0,W00,World,0,W00,World,H6,HS,True,8516,"Electric water, space, soil heaters; electro-thermic hair-dressing apparatus; hand dryers, irons; electro-thermic appliances for domestic purposes; electro heating resistors, not of heading no. 8545",4,False,C00,TOTAL CPC,0,0,TOTAL MOT,-1,N/A,0.0,False,-1,N/A,0.0,False,0.0,True,0.0,False,1064744789.946,,1064744789.946,4,False,True
C,M,20240901,2024,9,202409,97,EUR,European Union,M,Import,0,W00,World,0,W00,World,H6,HS,True,9401,"Seats (not those of heading no. 9402), whether or not convertible into beds and parts thereof",4,False,C00,TOTAL CPC,0,0,TOTAL MOT,-1,N/A,0.0,False,-1,N/A,0.0,False,155641348.112,True,0.0,False,981066894.807,,981066894.807,4,False,True
C,M,20240901,2024,9,202409,97,EUR,European Union,M,Import,0,W00,World,0,W00,World,H6,HS,True,9403,"Furniture and parts thereof, n.e.c. in chapter 94",4,False,C00,TOTAL CPC,0,0,TOTAL MOT,-1,N/A,0.0,False,-1,N/A,0.0,False,305022629.867,True,0.0,False,936531962.002,,936531962.002,4,False,True
C,M,20240901,2024,9,202409,97,EUR,European Union,M,Import,0,W00,World,0,W00,World,H6,HS,True,9405,"Luminaires and light fittings; including searchlights, spotlights and parts thereof, n.e.c.; illuminated signs, name-plates and the like, having permanently fixed light source and parts thereof n.e.c. or included",4,False,C00,TOTAL CPC,0,0,TOTAL MOT,8,kg,85493703.188,True,-1,N/A,0.0,False,85493703.188,True,0.0,False,986466361.861,,986466361.861,6,False,True
C,M,20240901,2024,9,202409,97,EUR,European Union,M,Import,0,W00,World,0,W00,World,H6,HS,True,9503,"Tricycles, scooters, pedal cars and similar wheeled toys; dolls' carriages; dolls; other toys; reduced-size (scale) models and similar recreational models, working or not; puzzles of all kinds",4,False,C00,TOTAL CPC,0,0,TOTAL MOT,8,kg,99468919.531,True,-1,N/A,0.0,False,99468919.531,True,0.0,False,1059980275.506,,1059980275.506,6,False,True
C,M,20241001,2024,10,202410,97,EUR,European Union,M,Import,0,W00,World,0,W00,World,H6,HS,True,3923,"Plastic articles for the conveyance or packing of goods; stoppers, lids, caps and other closures of plastics",4,False,C00,TOTAL CPC,0,0,TOTAL MOT,8,kg,133495302.426,True,-1,N/A,0.0,False,133495302.426,True,0.0,False,623709321.875,,623709321.875,6,False,True
C,M,20241001,2024,10,202410,97,EUR,European Union,M,Import,0,W00,World,0,W00,World,H6,HS,True,3924,"Tableware, kitchenware, other household articles and hygienic or toilet articles, of plastics",4,False,C00,TOTAL CPC,0,0,TOTAL MOT,8,kg,45760543.564,True,-1,N/A,0.0,False,45760543.564,True,0.0,False,217449446.032,,217449446.032,6,False,True
C,M,20241001,2024,10,202410,97,EUR,European Union,M,Import,0,W00,World,0,W00,World,H6,HS,True,3926,"Articles of plastics and articles of other materials of heading no. 3901 to 3914, n.e.c. in chapter 39",4,False,C00,TOTAL CPC,0,0,TOTAL MOT,8,kg,106282847.827,True,-1,N/A,0.0,False,106282847.827,True,0.0,False,1062608185.265,,1062608185.265,6,False,True
C,M,20241001,2024,10,202410,97,EUR,European Union,M,Import,0,W00,World,0,W00,World,H6,HS,True,8414,"Air or vacuum pumps, air or other gas compressors and fans; ventilating or recycling hoods incorporating a fan; gas-tight biological safety cabinets whether or not fitted with filters",4,False,C00,TOTAL CPC,0,0,TOTAL MOT,-1,N/A,0.0,True,-1,N/A,0.0,False,55665164.405,True,0.0,False,767097182.752,,767097182.752,6,False,True
C,M,20241001,2024,10,202410,97,EUR,European Union,M,Import,0,W00,World,0,W00,World,H6,HS,True,8415,"Air conditioning machines; comprising a motor driven fan and elements for changing the temperature and humidity, including those machines in which the humidity cannot be separately regulated",4,False,C00,TOTAL CPC,0,0,TOTAL MOT,-1,N/A,0.0,False,-1,N/A,0.0,False,39834938.454,True,0.0,False,501194135.146,,501194135.146,4,False,True
C,M,20241001,2024,10,202410,97,EUR,European Union,M,Import,0,W00,World,0,W00,World,H6,HS,True,8418,"Refrigerators, freezers and other refrigerating or freezing equipment, electric or other; heat pumps other than air conditioning machines of heading no. 8415",4,False,C00,TOTAL CPC,0,0,TOTAL MOT,-1,N/A,0.0,False,-1,N/A,0.0,False,,False,0.0,False,561362540.2,,561362540.2,0,False,True
C,M,20241001,2024,10,202410,97,EUR,European Union,M,Import,0,W00,World,0,W00,World,H6,HS,True,8450,Household or laundry-type washing machines; including machines which both wash and dry,4,False,C00,TOTAL CPC,0,0,TOTAL MOT,-1,N/A,0.0,True,-1,N/A,0.0,False,65054539.511,True,0.0,False,212161759.63,,212161759.63,6,False,True
C,M,20241001,2024,10,202410,97,EUR,European Union,M,Import,0,W00,World,0,W00,World,H6,HS,True,8508,Vacuum cleaners,4,False,C00,TOTAL CPC,0,0,TOTAL MOT,-1,N/A,0.0,True,-1,N/A,0.0,False,34864169.652,True,0.0,False,614958120.834,,614958120.834,6,False,True
C,M,20241001,2024,10,202410,97,EUR,European Union,M,Import,0,W00,World,0,W00,World,H6,HS,True,8509,"Electro-mechanical domestic appliances; with self-contained electric motor, other than vacuum cleaners of heading 85.08.",4,False,C00,TOTAL CPC,0,0,TOTAL MOT,-1,N/A,0.0,False,-1,N/A,0.0,False,28831268.375,True,0.0,False,340729586.063,,340729586.063,4,False,True
C,M,20241001,2024,10,202410,97,EUR,European Union,M,Import,0,W00,World,0,W00,World,H6,HS,True,8516,"Electric water, space, soil heaters; electro-thermic hair-dressing apparatus; hand dryers, irons; electro-thermic appliances for domestic purposes; electro heating resistors, not of heading no. 8545",4,False,C00,TOTAL CPC,0,0,TOTAL MOT,-1,N/A,0.0,False,-1,N/A,0.0,False,139732946.792,True,0.0,False,1194313909.473,,1194313909.473,4,False,True
C,M,20241001,2024,10,202410,97,EUR,European Union,M,Import,0,W00,World,0,W00,World,H6,HS,True,9401,"Seats (not those of heading no. 9402), whether or not convertible into beds and parts thereof",4,False,C00,TOTAL CPC,0,0,TOTAL MOT,-1,N/A,0.0,False,-1,N/A,0.0,False,168954461.672,True,0.0,False,1011831001.863,,1011831001.863,4,False,True
C,M,20241001,2024,10,202410,97,EUR,European Union,M,Import,0,W00,World,0,W00,World,H6,HS,True,9403,"Furniture and parts thereof, n.e.c. in chapter 94",4,False,C00,TOTAL CPC,0,0,TOTAL MOT,-1,N/A,0.0,False,-1,N/A,0.0,False,332928763.932,True,0.0,False,989042240.892,,989042240.892,4,False,True
C,M,20241001,2024,10,202410,97,EUR,European Union,M,Import,0,W00,World,0,W00,World,H6,HS,True,9405,"Luminaires and light fittings; including searchlights, spotlights and parts thereof, n.e.c.; illuminated signs, name-plates and the like, having permanently fixed light source and parts thereof n.e.c. or included",4,False,C00,TOTAL CPC,0,0,TOTAL MOT,8,kg,83202575.083,True,-1,N/A,0.0,False,83202575.083,True,0.0,False,957008889.37,,957008889.37,6,False,True
C,M,20241001,2024,10,202410,97,EUR,European Union,M,Import,0,W00,World,0,W00,World,H6,HS,True,9503,"Tricycles, scooters, pedal cars and similar wheeled toys; dolls' carriages; dolls; other toys; reduced-size (scale) models and similar recreational models, working or not; puzzles of all kinds",4,False,C00,TOTAL CPC,0,0,TOTAL MOT,-1,N/A,0.0,True,-1,N/A,0.0,False,0.0,True,0.0,False,1036713410.42,,1036713410.42,6,False,True
C,M,20241101,2024,11,202411,97,EUR,European Union,M,Import,0,W00,World,0,W00,World,H6,HS,True,3923,"Plastic articles for the conveyance or packing of goods; stoppers, lids, caps and other closures of plastics",4,False,C00,TOTAL CPC,0,0,TOTAL MOT,8,kg,115270836.688,True,-1,N/A,0.0,False,115270836.688,True,0.0,False,536602598.493,,536602598.493,6,False,True
C,M,20241101,2024,11,202411,97,EUR,European Union,M,Import,0,W00,World,0,W00,World,H6,HS,True,3924,"Tableware, kitchenware, other household articles and hygienic or toilet articles, of plastics",4,False,C00,TOTAL CPC,0,0,TOTAL MOT,8,kg,40609893.592,True,-1,N/A,0.0,False,40609893.592,True,0.0,False,190254339.189,,190254339.189,6,False,True
C,M,20241101,2024,11,202411,97,EUR,European Union,M,Import,0,W00,World,0,W00,World,H6,HS,True,3926,"Articles of plastics and articles of other materials of heading no. 3901 to 3914, n.e.c. in chapter 39",4,False,C00,TOTAL CPC,0,0,TOTAL MOT,8,kg,93313150.878,True,-1,N/A,0.0,False,93313150.878,True,0.0,False,915091860.586,,915091860.586,6,False,True
C,M,20241101,2024,11,202411,97,EUR,European Union,M,Import,0,W00,World,0,W00,World,H6,HS,True,8414,"Air or vacuum pumps, air or other gas compressors and fans; ventilating or recycling hoods incorporating a fan; gas-tight biological safety cabinets whether or not fitted with filters",4,False,C00,TOTAL CPC,0,0,TOTAL MOT,-1,N/A,0.0,True,-1,N/A,0.0,False,47561700.954,True,0.0,False,670814123.337,,670814123.337,6,False,True
C,M,20241101,2024,11,202411,97,EUR,European Union,M,Import,0,W00,World,0,W00,World,H6,HS,True,8415,"Air conditioning machines; comprising a motor driven fan and elements for changing the temperature and humidity, including those machines in which the humidity cannot be separately regulated",4,False,C00,TOTAL CPC,0,0,TOTAL MOT,-1,N/A,0.0,False,-1,N/A,0.0,False,35356424.519,True,0.0,False,427495110.643,,427495110.643,4,False,True
C,M,20241101,2024,11,202411,97,EUR,European Union,M,Import,0,W00,World,0,W00,World,H6,HS,True,8418,"Refrigerators, freezers and other refrigerating or freezing equipment, electric or other; heat pumps other than air conditioning machines of heading no. 8415",4,False,C00,TOTAL CPC,0,0,TOTAL MOT,-1,N/A,0.0,True,-1,N/A,0.0,False,91736033.504,True,0.0,False,534734446.496,,534734446.496,6,False,True
C,M,20241101,2024,11,202411,97,EUR,European Union,M,Import,0,W00,World,0,W00,World,H6,HS,True,8450,Household or laundry-type washing machines; including machines which both wash and dry,4,False,C00,TOTAL CPC,0,0,TOTAL MOT,-1,N/A,0.0,True,-1,N/A,0.0,False,61742635.186,True,0.0,False,195776348.848,,195776348.848,6,False,True
C,M,20241101,2024,11,202411,97,EUR,European Union,M,Import,0,W00,World,0,W00,World,H6,HS,True,8508,Vacuum cleaners,4,False,C00,TOTAL CPC,0,0,TOTAL MOT,-1,N/A,0.0,True,-1,N/A,0.0,False,26036337.045,True,0.0,False,427776492.528,,427776492.528,6,False,True
C,M,20241101,2024,11,202411,97,EUR,European Union,M,Import,0,W00,World,0,W00,World,H6,HS,True,8509,"Electro-mechanical domestic appliances; with self-contained electric motor, other than vacuum cleaners of heading 85.08.",4,False,C00,TOTAL CPC,0,0,TOTAL MOT,-1,N/A,0.0,False,-1,N/A,0.0,False,24223899.22,True,0.0,False,305952260.851,,305952260.851,4,False,True
C,M,20241101,2024,11,202411,97,EUR,European Union,M,Import,0,W00,World,0,W00,World,H6,HS,True,8516,"Electric water, space, soil heaters; electro-thermic hair-dressing apparatus; hand dryers, irons; electro-thermic appliances for domestic purposes; electro heating resistors, not of heading no. 8545",4,False,C00,TOTAL CPC,0,0,TOTAL MOT,-1,N/A,0.0,False,-1,N/A,0.0,False,113049499.998,True,0.0,False,939467144.776,,939467144.776,4,False,True
C,M,20241101,2024,11,202411,97,EUR,European Union,M,Import,0,W00,World,0,W00,World,H6,HS,True,9401,"Seats (not those of heading no. 9402), whether or not convertible into beds and parts thereof",4,False,C00,TOTAL CPC,0,0,TOTAL MOT,-1,N/A,0.0,False,-1,N/A,0.0,False,164141768.627,True,0.0,False,952515955.349,,952515955.349,4,False,True
C,M,20241101,2024,11,202411,97,EUR,European Union,M,Import,0,W00,World,0,W00,World,H6,HS,True,9403,"Furniture and parts thereof, n.e.c. in chapter 94",4,False,C00,TOTAL CPC,0,0,TOTAL MOT,-1,N/A,0.0,False,-1,N/A,0.0,False,320197176.881,True,0.0,False,919420409.143,,919420409.143,4,False,True
C,M,20241101,2024,11,202411,97,EUR,European Union,M,Import,0,W00,World,0,W00,World,H6,HS,True,9405,"Luminaires and light fittings; including searchlights, spotlights and parts thereof, n.e.c.; illuminated signs, name-plates and the like, having permanently fixed light source and parts thereof n.e.c. or included",4,False,C00,TOTAL CPC,0,0,TOTAL MOT,8,kg,59236132.168,True,-1,N/A,0.0,False,59236132.168,True,0.0,False,706823338.965,,706823338.965,6,False,True
C,M,20241101,2024,11,202411,97,EUR,European Union,M,Import,0,W00,World,0,W00,World,H6,HS,True,9503,"Tricycles, scooters, pedal cars and similar wheeled toys; dolls' carriages; dolls; other toys; reduced-size (scale) models and similar recreational models, working or not; puzzles of all kinds",4,False,C00,TOTAL CPC,0,0,TOTAL MOT,8,kg,73106602.664,True,-1,N/A,0.0,False,73106602.664,True,0.0,False,834277936.861,,834277936.861,6,False,True
C,M,20241201,2024,12,202412,97,EUR,European Union,M,Import,0,W00,World,0,W00,World,H6,HS,True,3923,"Plastic articles for the conveyance or packing of goods; stoppers, lids, caps and other closures of plastics",4,False,C00,TOTAL CPC,0,0,TOTAL MOT,8,kg,106031277.899,True,-1,N/A,0.0,False,106031277.899,True,0.0,False,486163313.093,,486163313.093,6,False,True
C,M,20241201,2024,12,202412,97,EUR,European Union,M,Import,0,W00,World,0,W00,World,H6,HS,True,3924,"Tableware, kitchenware, other household articles and hygienic or toilet articles, of plastics",4,False,C00,TOTAL CPC,0,0,TOTAL MOT,8,kg,41951888.89,True,-1,N/A,0.0,False,41951888.89,True,0.0,False,186006867.516,,186006867.516,6,False,True
C,M,20241201,2024,12,202412,97,EUR,European Union,M,Import,0,W00,World,0,W00,World,H6,HS,True,3926,"Articles of plastics and articles of other materials of heading no. 3901 to 3914, n.e.c. in chapter 39",4,False,C00,TOTAL CPC,0,0,TOTAL MOT,8,kg,84554913.462,True,-1,N/A,0.0,False,84554913.462,True,0.0,False,836075982.741,,836075982.741,6,False,True
C,M,20241201,2024,12,202412,97,EUR,European Union,M,Import,0,W00,World,0,W00,World,H6,HS,True,8414,"Air or vacuum pumps, air or other gas compressors and fans; ventilating or recycling hoods incorporating a fan; gas-tight biological safety cabinets whether or not fitted with filters",4,False,C00,TOTAL CPC,0,0,TOTAL MOT,-1,N/A,0.0,True,-1,N/A,0.0,False,42976514.222,True,0.0,False,570204281.817,,570204281.817,6,False,True
C,M,20241201,2024,12,202412,97,EUR,European Union,M,Import,0,W00,World,0,W00,World,H6,HS,True,8415,"Air conditioning machines; comprising a motor driven fan and elements for changing the temperature and humidity, including those machines in which the humidity cannot be separately regulated",4,False,C00,TOTAL CPC,0,0,TOTAL MOT,-1,N/A,0.0,False,-1,N/A,0.0,False,31087847.963,True,0.0,False,377974976.571,,377974976.571,4,False,True
C,M,20241201,2024,12,202412,97,EUR,European Union,M,Import,0,W00,World,0,W00,World,H6,HS,True,8418,"Refrigerators, freezers and other refrigerating or freezing equipment, electric or other; heat pumps other than air conditioning machines of heading no. 8415",4,False,C00,TOTAL CPC,0,0,TOTAL MOT,-1,N/A,0.0,False,-1,N/A,0.0,False,80112366.149,True,0.0,False,442353120.962,,442353120.962,4,False,True
C,M,20241201,2024,12,202412,97,EUR,European Union,M,Import,0,W00,World,0,W00,World,H6,HS,True,8450,Household or laundry-type washing machines; including machines which both wash and dry,4,False,C00,TOTAL CPC,0,0,TOTAL MOT,-1,N/A,0.0,True,-1,N/A,0.0,False,52205246.677,True,0.0,False,166204509.19,,166204509.19,6,False,True
C,M,20241201,2024,12,202412,97,EUR,European Union,M,Import,0,W00,World,0,W00,World,H6,HS,True,8508,Vacuum cleaners,4,False,C00,TOTAL CPC,0,0,TOTAL MOT,-1,N/A,0.0,True,-1,N/A,0.0,False,20570825.29,True,0.0,False,338679617.722,,338679617.722,6,False,True
C,M,20241201,2024,12,202412,97,EUR,European Union,M,Import,0,W00,World,0,W00,World,H6,HS,True,8509,"Electro-mechanical domestic appliances; with self-contained electric motor, other than vacuum cleaners of heading 85.08.",4,False,C00,TOTAL CPC,0,0,TOTAL MOT,-1,N/A,0.0,False,-1,N/A,0.0,False,19314365.848,True,0.0,False,223368197.029,,223368197.029,4,False,True
C,M,20241201,2024,12,202412,97,EUR,European Union,M,Import,0,W00,World,0,W00,World,H6,HS,True,8516,"Electric water, space, soil heaters; electro-thermic hair-dressing apparatus; hand dryers, irons; electro-thermic appliances for domestic purposes; electro heating resistors, not of heading no. 8545",4,False,C00,TOTAL CPC,0,0,TOTAL MOT,-1,N/A,0.0,False,-1,N/A,0.0,False,90027727.502,True,0.0,False,743872687.284,,743872687.284,4,False,True
C,M,20241201,2024,12,202412,97,EUR,European Union,M,Import,0,W00,World,0,W00,World,H6,HS,True,9401,"Seats (not those of heading no. 9402), whether or not convertible into beds and parts thereof",4,False,C00,TOTAL CPC,0,0,TOTAL MOT,-1,N/A,0.0,False,-1,N/A,0.0,False,165294863.498,True,0.0,False,881867992.145,,881867992.145,4,False,True
C,M,20241201,2024,12,202412,97,EUR,European Union,M,Import,0,W00,World,0,W00,World,H6,HS,True,9403,"Furniture and parts thereof, n.e.c. in chapter 94",4,False,C00,TOTAL CPC,0,0,TOTAL MOT,-1,N/A,0.0,False,-1,N/A,0.0,False,304605466.897,True,0.0,False,865905375.226,,865905375.226,4,False,True
C,M,20241201,2024,12,202412,97,EUR,European Union,M,Import,0,W00,World,0,W00,World,H6,HS,True,9405,"Luminaires and light fittings; including searchlights, spotlights and parts thereof, n.e.c.; illuminated signs, name-plates and the like, having permanently fixed light source and parts thereof n.e.c. or included",4,False,C00,TOTAL CPC,0,0,TOTAL MOT,8,kg,50409309.067,True,-1,N/A,0.0,False,50409309.067,True,0.0,False,600320177.903,,600320177.903,6,False,True
C,M,20241201,2024,12,202412,97,EUR,European Union,M,Import,0,W00,World,0,W00,World,H6,HS,True,9503,"Tricycles, scooters, pedal cars and similar wheeled toys; dolls' carriages; dolls; other toys; reduced-size (scale) models and similar recreational models, working or not; puzzles of all kinds",4,False,C00,TOTAL CPC,0,0,TOTAL MOT,8,kg,47406560.231,True,-1,N/A,0.0,False,47406560.231,True,0.0,False,529949080.17,,529949080.17,6,False,True
C,M,20250101,2025,1,202501,97,EUR,European Union,M,Import,0,W00,World,0,W00,World,H6,HS,True,3923,"Plastic articles for the conveyance or packing of goods; stoppers, lids, caps and other closures of plastics",4,False,C00,TOTAL CPC,0,0,TOTAL MOT,8,kg,117828610.901,True,-1,N/A,0.0,False,117828610.901,True,0.0,False,551046075.112,,551046075.112,6,False,True
C,M,20250101,2025,1,202501,97,EUR,European Union,M,Import,0,W00,World,0,W00,World,H6,HS,True,3924,"Tableware, kitchenware, other household articles and hygienic or toilet articles, of plastics",4,False,C00,TOTAL CPC,0,0,TOTAL MOT,8,kg,46886811.835,True,-1,N/A,0.0,False,46886811.835,True,0.0,False,209217681.548,,209217681.548,6,False,True
C,M,20250101,2025,1,202501,97,EUR,European Union,M,Import,0,W00,World,0,W00,World,H6,HS,True,3926,"Articles of plastics and articles of other materials of heading no. 3901 to 3914, n.e.c. in chapter 39",4,False,C00,TOTAL CPC,0,0,TOTAL MOT,8,kg,104587207.74,True,-1,N/A,0.0,False,104587207.74,True,0.0,False,996421214.156,,996421214.156,6,False,True
C,M,20250101,2025,1,202501,97,EUR,European Union,M,Import,0,W00,World,0,W00,World,H6,HS,True,8414,"Air or vacuum pumps, air or other gas compressors and fans; ventilating or recycling hoods incorporating a fan; gas-tight biological safety cabinets whether or not fitted with filters",4,False,C00,TOTAL CPC,0,0,TOTAL MOT,-1,N/A,0.0,True,-1,N/A,0.0,False,58904239.855,True,0.0,False,713771463.798,,713771463.798,6,False,True
C,M,20250101,2025,1,202501,97,EUR,European Union,M,Import,0,W00,World,0,W00,World,H6,HS,True,8415,"Air conditioning machines; comprising a motor driven fan and elements for changing the temperature and humidity, including those machines in which the humidity cannot be separately regulated",4,False,C00,TOTAL CPC,0,0,TOTAL MOT,-1,N/A,0.0,False,-1,N/A,0.0,False,46583892.893,True,0.0,False,520860592.698,,520860592.698,4,False,True
C,M,20250101,2025,1,202501,97,EUR,European Union,M,Import,0,W00,World,0,W00,World,H6,HS,True,8418,"Refrigerators, freezers and other refrigerating or freezing equipment, electric or other; heat pumps other than air conditioning machines of heading no. 8415",4,False,C00,TOTAL CPC,0,0,TOTAL MOT,-1,N/A,0.0,True,-1,N/A,0.0,False,84901661.389,True,0.0,False,472162264.504,,472162264.504,6,False,True
C,M,20250101,2025,1,202501,97,EUR,European Union,M,Import,0,W00,World,0,W00,World,H6,HS,True,8450,Household or laundry-type washing machines; including machines which both wash and dry,4,False,C00,TOTAL CPC,0,0,TOTAL MOT,-1,N/A,0.0,True,-1,N/A,0.0,False,53409603.353,True,0.0,False,166143736.618,,166143736.618,6,False,True
C,M,20250101,2025,1,202501,97,EUR,European Union,M,Import,0,W00,World,0,W00,World,H6,HS,True,8508,Vacuum cleaners,4,False,C00,TOTAL CPC,0,0,TOTAL MOT,-1,N/A,0.0,True,-1,N/A,0.0,False,23353160.185,True,0.0,False,339584956.906,,339584956.906,6,False,True
C,M,20250101,2025,1,202501,97,EUR,European Union,M,Import,0,W00,World,0,W00,World,H6,HS,True,8509,"Electro-mechanical domestic appliances; with self-contained electric motor, other than vacuum cleaners of heading 85.08.",4,False,C00,TOTAL CPC,0,0,TOTAL MOT,-1,N/A,0.0,False,-1,N/A,0.0,False,19865130.693,True,0.0,False,235253813.399,,235253813.399,4,False,True
C,M,20250101,2025,1,202501,97,EUR,European Union,M,Import,0,W00,World,0,W00,World,H6,HS,True,8516,"Electric water, space, soil heaters; electro-thermic hair-dressing apparatus; hand dryers, irons; electro-thermic appliances for domestic purposes; electro heating resistors, not of heading no. 8545",4,False,C00,TOTAL CPC,0,0,TOTAL MOT,-1,N/A,0.0,False,-1,N/A,0.0,False,90487022.17,True,0.0,False,760146080.861,,760146080.861,4,False,True
C,M,20250101,2025,1,202501,97,EUR,European Union,M,Import,0,W00,World,0,W00,World,H6,HS,True,9401,"Seats (not those of heading no. 9402), whether or not convertible into beds and parts thereof",4,False,C00,TOTAL CPC,0,0,TOTAL MOT,-1,N/A,0.0,False,-1,N/A,0.0,False,207117840.028,True,0.0,False,1102504117.518,,1102504117.518,4,False,True
C,M,20250101,2025,1,202501,97,EUR,European Union,M,Import,0,W00,World,0,W00,World,H6,HS,True,9403,"Furniture and parts thereof, n.e.c. in chapter 94",4,False,C00,TOTAL CPC,0,0,TOTAL MOT,-1,N/A,0.0,False,-1,N/A,0.0,False,340442613.171,True,0.0,False,989292214.567,,989292214.567,4,False,True
C,M,20250101,2025,1,202501,97,EUR,European Union,M,Import,0,W00,World,0,W00,World,H6,HS,True,9405,"Luminaires and light fittings; including searchlights, spotlights and parts thereof, n.e.c.; illuminated signs, name-plates and the like, having permanently fixed light source and parts thereof n.e.c. or included",4,False,C00,TOTAL CPC,0,0,TOTAL MOT,8,kg,60798976.617,True,-1,N/A,0.0,False,60798976.617,True,0.0,False,690505091.206,,690505091.206,6,False,True
C,M,20250101,2025,1,202501,97,EUR,European Union,M,Import,0,W00,World,0,W00,World,H6,HS,True,9503,"Tricycles, scooters, pedal cars and similar wheeled toys; dolls' carriages; dolls; other toys; reduced-size (scale) models and similar recreational models, working or not; puzzles of all kinds",4,False,C00,TOTAL CPC,0,0,TOTAL MOT,8,kg,49321547.689,True,-1,N/A,0.0,False,49321547.689,True,0.0,False,520610328.776,,520610328.776,6,False,True
C,M,20250201,2025,2,202502,97,EUR,European Union,M,Import,0,W00,World,0,W00,World,H6,HS,True,3923,"Plastic articles for the conveyance or packing of goods; stoppers, lids, caps and other closures of plastics",4,False,C00,TOTAL CPC,0,0,TOTAL MOT,-1,N/A,0.0,False,-1,N/A,0.0,False,,False,0.0,False,528283936.328,,528283936.328,0,False,True
C,M,20250201,2025,2,202502,97,EUR,European Union,M,Import,0,W00,World,0,W00,World,H6,HS,True,3924,"Tableware, kitchenware, other household articles and hygienic or toilet articles, of plastics",4,False,C00,TOTAL CPC,0,0,TOTAL MOT,8,kg,44374869.325,True,-1,N/A,0.0,False,44374869.325,True,0.0,False,205510378.612,,205510378.612,6,False,True
C,M,20250201,2025,2,202502,97,EUR,European Union,M,Import,0,W00,World,0,W00,World,H6,HS,True,3926,"Articles of plastics and articles of other materials of heading no. 3901 to 3914, n.e.c. in chapter 39",4,False,C00,TOTAL CPC,0,0,TOTAL MOT,8,kg,102458697.795,True,-1,N/A,0.0,False,102458697.795,True,0.0,False,924169188.031,,924169188.031,6,False,True
C,M,20250201,2025,2,202502,97,EUR,European Union,M,Import,0,W00,World,0,W00,World,H6,HS,True,8414,"Air or vacuum pumps, air or other gas compressors and fans; ventilating or recycling hoods incorporating a fan; gas-tight biological safety cabinets whether or not fitted with filters",4,False,C00,TOTAL CPC,0,0,TOTAL MOT,-1,N/A,0.0,True,-1,N/A,0.0,False,61998638.891,True,0.0,False,727576033.252,,727576033.252,6,False,True
C,M,20250201,2025,2,202502,97,EUR,European Union,M,Import,0,W00,World,0,W00,World,H6,HS,True,8415,"Air conditioning machines; comprising a motor driven fan and elements for changing the temperature and humidity, including those machines in which the humidity cannot be separately regulated",4,False,C00,TOTAL CPC,0,0,TOTAL MOT,-1,N/A,0.0,False,-1,N/A,0.0,False,59793946.435,True,0.0,False,624981100.497,,624981100.497,4,False,True
C,M,20250201,2025,2,202502,97,EUR,European Union,M,Import,0,W00,World,0,W00,World,H6,HS,True,8418,"Refrigerators, freezers and other refrigerating or freezing equipment, electric or other; heat pumps other than air conditioning machines of heading no. 8415",4,False,C00,TOTAL CPC,0,0,TOTAL MOT,-1,N/A,0.0,False,-1,N/A,0.0,False,80650666.791,True,0.0,False,465704593.437,,465704593.437,4,False,True
C,M,20250201,2025,2,202502,97,EUR,European Union,M,Import,0,W00,World,0,W00,World,H6,HS,True,8450,Household or laundry-type washing machines; including machines which both wash and dry,4,False,C00,TOTAL CPC,0,0,TOTAL MOT,-1,N/A,0.0,True,-1,N/A,0.0,False,45709960.725,True,0.0,False,145091144.305,,145091144.305,6,False,True
C,M,20250201,2025,2,202502,97,EUR,European Union,M,Import,0,W00,World,0,W00,World,H6,HS,True,8508,Vacuum cleaners,4,False,C00,TOTAL CPC,0,0,TOTAL MOT,-1,N/A,0.0,True,-1,N/A,0.0,False,20927530.663,True,0.0,False,316473936.448,,316473936.448,6,False,True
C,M,20250201,2025,2,202502,97,EUR,European Union,M,Import,0,W00,World,0,W00,World,H6,HS,True,8509,"Electro-mechanical domestic appliances; with self-contained electric motor, other than vacuum cleaners of heading 85.08.",4,False,C00,TOTAL CPC,0,0,TOTAL MOT,-1,N/A,0.0,False,-1,N/A,0.0,False,20957875.281,True,0.0,False,244766455.484,,244766455.484,4,False,True
C,M,20250201,2025,2,202502,97,EUR,European Union,M,Import,0,W00,World,0,W00,World,H6,HS,True,8516,"Electric water, space, soil heaters; electro-thermic hair-dressing apparatus; hand dryers, irons; electro-thermic appliances for domestic purposes; electro heating resistors, not of heading no. 8545",4,False,C00,TOTAL CPC,0,0,TOTAL MOT,-1,N/A,0.0,False,-1,N/A,0.0,False,90358188.605,True,0.0,False,762056747.811,,762056747.811,4,False,True
C,M,20250201,2025,2,202502,97,EUR,European Union,M,Import,0,W00,World,0,W00,World,H6,HS,True,9401,"Seats (not those of heading no. 9402), whether or not convertible into beds and parts thereof",4,False,C00,TOTAL CPC,0,0,TOTAL MOT,-1,N/A,0.0,False,-1,N/A,0.0,False,218642706.767,True,0.0,False,1190663719.484,,1190663719.484,4,False,True
C,M,20250201,2025,2,202502,97,EUR,European Union,M,Import,0,W00,World,0,W00,World,H6,HS,True,9403,"Furniture and parts thereof, n.e.c. in chapter 94",4,False,C00,TOTAL CPC,0,0,TOTAL MOT,-1,N/A,0.0,False,-1,N/A,0.0,False,345520524.339,True,0.0,False,1032750448.367,,1032750448.367,4,False,True
C,M,20250201,2025,2,202502,97,EUR,European Union,M,Import,0,W00,World,0,W00,World,H6,HS,True,9405,"Luminaires and light fittings; including searchlights, spotlights and parts thereof, n.e.c.; illuminated signs, name-plates and the like, having permanently fixed light source and parts thereof n.e.c. or included",4,False,C00,TOTAL CPC,0,0,TOTAL MOT,8,kg,61791504.546,True,-1,N/A,0.0,False,61791504.546,True,0.0,False,690861325.099,,690861325.099,6,False,True
C,M,20250201,2025,2,202502,97,EUR,European Union,M,Import,0,W00,World,0,W00,World,H6,HS,True,9503,"Tricycles, scooters, pedal cars and similar wheeled toys; dolls' carriages; dolls; other toys; reduced-size (scale) models and similar recreational models, working or not; puzzles of all kinds",4,False,C00,TOTAL CPC,0,0,TOTAL MOT,8,kg,57219801.302,True,-1,N/A,0.0,False,57219801.302,True,0.0,False,570575519.927,,570575519.927,6,False,True
C,M,20250301,2025,3,202503,97,EUR,European Union,M,Import,0,W00,World,0,W00,World,H6,HS,True,3923,"Plastic articles for the conveyance or packing of goods; stoppers, lids, caps and other closures of plastics",4,False,C00,TOTAL CPC,0,0,TOTAL MOT,8,kg,125541744.267,True,-1,N/A,0.0,False,125541744.267,True,0.0,False,611876937.797,,611876937.797,6,False,True
C,M,20250301,2025,3,202503,97,EUR,European Union,M,Import,0,W00,World,0,W00,World,H6,HS,True,3924,"Tableware, kitchenware, other household articles and hygienic or toilet articles, of plastics",4,False,C00,TOTAL CPC,0,0,TOTAL MOT,8,kg,49424709.636,True,-1,N/A,0.0,False,49424709.636,True,0.0,False,236800937.131,,236800937.131,6,False,True
C,M,20250301,2025,3,202503,97,EUR,European Union,M,Import,0,W00,World,0,W00,World,H6,HS,True,3926,"Articles of plastics and articles of other materials of heading no. 3901 to 3914, n.e.c. in chapter 39",4,False,C00,TOTAL CPC,0,0,TOTAL MOT,8,kg,111996887.157,True,-1,N/A,0.0,False,111996887.157,True,0.0,False,1060866727.999,,1060866727.999,6,False,True
C,M,20250301,2025,3,202503,97,EUR,European Union,M,Import,0,W00,World,0,W00,World,H6,HS,True,8414,"Air or vacuum pumps, air or other gas compressors and fans; ventilating or recycling hoods incorporating a fan; gas-tight biological safety cabinets whether or not fitted with filters",4,False,C00,TOTAL CPC,0,0,TOTAL MOT,-1,N/A,0.0,True,-1,N/A,0.0,False,73162894.384,True,0.0,False,869899219.083,,869899219.083,6,False,True
C,M,20250301,2025,3,202503,97,EUR,European Union,M,Import,0,W00,World,0,W00,World,H6,HS,True,8415,"Air conditioning machines; comprising a motor driven fan and elements for changing the temperature and humidity, including those machines in which the humidity cannot be separately regulated",4,False,C00,TOTAL CPC,0,0,TOTAL MOT,-1,N/A,0.0,False,-1,N/A,0.0,False,86626726.199,True,0.0,False,872846593.933,,872846593.933,4,False,True
C,M,20250301,2025,3,202503,97,EUR,European Union,M,Import,0,W00,World,0,W00,World,H6,HS,True,8418,"Refrigerators, freezers and other refrigerating or freezing equipment, electric or other; heat pumps other than air conditioning machines of heading no. 8415",4,False,C00,TOTAL CPC,0,0,TOTAL MOT,-1,N/A,0.0,False,-1,N/A,0.0,False,96737951.4,True,0.0,False,575672692.626,,575672692.626,4,False,True
C,M,20250301,2025,3,202503,97,EUR,European Union,M,Import,0,W00,World,0,W00,World,H6,HS,True,8450,Household or laundry-type washing machines; including machines which both wash and dry,4,False,C00,TOTAL CPC,0,0,TOTAL MOT,-1,N/A,0.0,True,-1,N/A,0.0,False,51365452.127,True,0.0,False,172363234.657,,172363234.657,6,False,True
C,M,20250301,2025,3,202503,97,EUR,European Union,M,Import,0,W00,World,0,W00,World,H6,HS,True,8508,Vacuum cleaners,4,False,C00,TOTAL CPC,0,0,TOTAL MOT,-1,N/A,0.0,True,-1,N/A,0.0,False,26720595.917,True,0.0,False,444509346.316,,444509346.316,6,False,True
C,M,20250301,2025,3,202503,97,EUR,European Union,M,Import,0,W00,World,0,W00,World,H6,HS,True,8509,"Electro-mechanical domestic appliances; with self-contained electric motor, other than vacuum cleaners of heading 85.08.",4,False,C00,TOTAL CPC,0,0,TOTAL MOT,-1,N/A,0.0,False,-1,N/A,0.0,False,22464826.098,True,0.0,False,303343016.125,,303343016.125,4,False,True
C,M,20250301,2025,3,202503,97,EUR,European Union,M,Import,0,W00,World,0,W00,World,H6,HS,True,8516,"Electric water, space, soil heaters; electro-thermic hair-dressing apparatus; hand dryers, irons; electro-thermic appliances for domestic purposes; electro heating resistors, not of heading no. 8545",4,False,C00,TOTAL CPC,0,0,TOTAL MOT,-1,N/A,0.0,False,-1,N/A,0.0,False,100325379.907,True,0.0,False,843691783.385,,843691783.385,4,False,True
C,M,20250301,2025,3,202503,97,EUR,European Union,M,Import,0,W00,World,0,W00,World,H6,HS,True,9401,"Seats (not those of heading no. 9402), whether or not convertible into beds and parts thereof",4,False,C00,TOTAL CPC,0,0,TOTAL MOT,-1,N/A,0.0,False,-1,N/A,0.0,False,217008407.499,True,0.0,False,1263568471.623,,1263568471.623,4,False,True
C,M,20250301,2025,3,202503,97,EUR,European Union,M,Import,0,W00,World,0,W00,World,H6,HS,True,9403,"Furniture and parts thereof, n.e.c. in chapter 94",4,False,C00,TOTAL CPC,0,0,TOTAL MOT,-1,N/A,0.0,False,-1,N/A,0.0,False,355389101.94,True,0.0,False,1113532869.375,,1113532869.375,4,False,True
C,M,20250301,2025,3,202503,97,EUR,European Union,M,Import,0,W00,World,0,W00,World,H6,HS,True,9405,"Luminaires and light fittings; including searchlights, spotlights and parts thereof, n.e.c.; illuminated signs, name-plates and the like, having permanently fixed light source and parts thereof n.e.c. or included",4,False,C00,TOTAL CPC,0,0,TOTAL MOT,8,kg,66943588.352,True,-1,N/A,0.0,False,66943588.352,True,0.0,False,812592463.517,,812592463.517,6,False,True
C,M,20250301,2025,3,202503,97,EUR,European Union,M,Import,0,W00,World,0,W00,World,H6,HS,True,9503,"Tricycles, scooters, pedal cars and similar wheeled toys; dolls' carriages; dolls; other toys; reduced-size (scale) models and similar recreational models, working or not; puzzles of all kinds",4,False,C00,TOTAL CPC,0,0,TOTAL MOT,8,kg,61596547.596,True,-1,N/A,0.0,False,61596547.596,True,0.0,False,654014011.954,,654014011.954,6,False,True
C,M,20250401,2025,4,202504,97,EUR,European Union,M,Import,0,W00,World,0,W00,World,H6,HS,True,3923,"Plastic articles for the conveyance or packing of goods; stoppers, lids, caps and other closures of plastics",4,False,C00,TOTAL CPC,0,0,TOTAL MOT,8,kg,120137845.443,True,-1,N/A,0.0,False,120137845.443,True,0.0,False,576821634.379,,576821634.379,6,False,True
C,M,20250401,2025,4,202504,97,EUR,European Union,M,Import,0,W00,World,0,W00,World,H6,HS,True,3924,"Tableware, kitchenware, other household articles and hygienic or toilet articles, of plastics",4,False,C00,TOTAL CPC,0,0,TOTAL MOT,8,kg,41152082.811,True,-1,N/A,0.0,False,41152082.811,True,0.0,False,194861390.423,,194861390.423,6,False,True
C,M,20250401,2025,4,202504,97,EUR,European Union,M,Import,0,W00,World,0,W00,World,H6,HS,True,3926,"Articles of plastics and articles of other materials of heading no. 3901 to 3914, n.e.c. in chapter 39",4,False,C00,TOTAL CPC,0,0,TOTAL MOT,8,kg,97275648.926,True,-1,N/A,0.0,False,97275648.926,True,0.0,False,978868681.177,,978868681.177,6,False,True
C,M,20250401,2025,4,202504,97,EUR,European Union,M,Import,0,W00,World,0,W00,World,H6,HS,True,8414,"Air or vacuum pumps, air or other gas compressors and fans; ventilating or recycling hoods incorporating a fan; gas-tight biological safety cabinets whether or not fitted with filters",4,False,C00,TOTAL CPC,0,0,TOTAL MOT,-1,N/A,0.0,True,-1,N/A,0.0,False,74479871.254,True,0.0,False,883200430.125,,883200430.125,6,False,True
C,M,20250401,2025,4,202504,97,EUR,European Union,M,Import,0,W00,World,0,W00,World,H6,HS,True,8415,"Air conditioning machines; comprising a motor driven fan and elements for changing the temperature and humidity, including those machines in which the humidity cannot be separately regulated",4,False,C00,TOTAL CPC,0,0,TOTAL MOT,-1,N/A,0.0,False,-1,N/A,0.0,False,109996652.669,True,0.0,False,1090446374.803,,1090446374.803,4,False,True
C,M,20250401,2025,4,202504,97,EUR,European Union,M,Import,0,W00,World,0,W00,World,H6,HS,True,8418,"Refrigerators, freezers and other refrigerating or freezing equipment, electric or other; heat pumps other than air conditioning machines of heading no. 8415",4,False,C00,TOTAL CPC,0,0,TOTAL MOT,-1,N/A,0.0,False,-1,N/A,0.0,False,107343297.716,True,0.0,False,646000066.78,,646000066.78,4,False,True
C,M,20250401,2025,4,202504,97,EUR,European Union,M,Import,0,W00,World,0,W00,World,H6,HS,True,8450,Household or laundry-type washing machines; including machines which both wash and dry,4,False,C00,TOTAL CPC,0,0,TOTAL MOT,-1,N/A,0.0,True,-1,N/A,0.0,False,56954519.36,True,0.0,False,195166494.433,,195166494.433,6,False,True
C,M,20250401,2025,4,202504,97,EUR,European Union,M,Import,0,W00,World,0,W00,World,H6,HS,True,8508,Vacuum cleaners,4,False,C00,TOTAL CPC,0,0,TOTAL MOT,-1,N/A,0.0,True,-1,N/A,0.0,False,25212551.161,True,0.0,False,458497105.509,,458497105.509,6,False,True
C,M,20250401,2025,4,202504,97,EUR,European Union,M,Import,0,W00,World,0,W00,World,H6,HS,True,8509,"Electro-mechanical domestic appliances; with self-contained electric motor, other than vacuum cleaners of heading 85.08.",4,False,C00,TOTAL CPC,0,0,TOTAL MOT,-1,N/A,0.0,False,-1,N/A,0.0,False,19987443.429,True,0.0,False,259812827.714,,259812827.714,4,False,True
C,M,20250401,2025,4,202504,97,EUR,European Union,M,Import,0,W00,World,0,W00,World,H6,HS,True,8516,"Electric water, space, soil heaters; electro-thermic hair-dressing apparatus; hand dryers, irons; electro-thermic appliances for domestic purposes; electro heating resistors, not of heading no. 8545",4,False,C00,TOTAL CPC,0,0,TOTAL MOT,-1,N/A,0.0,False,-1,N/A,0.0,False,,False,0.0,False,799183556.239,,799183556.239,0,False,True
C,M,20250401,2025,4,202504,97,EUR,European Union,M,Import,0,W00,World,0,W00,World,H6,HS,True,9401,"Seats (not those of heading no. 9402), whether or not convertible into beds and parts thereof",4,False,C00,TOTAL CPC,0,0,TOTAL MOT,-1,N/A,0.0,False,-1,N/A,0.0,False,179045171.104,True,0.0,False,1079525758.765,,1079525758.765,4,False,True
C,M,20250401,2025,4,202504,97,EUR,European Union,M,Import,0,W00,World,0,W00,World,H6,HS,True,9403,"Furniture and parts thereof, n.e.c. in chapter 94",4,False,C00,TOTAL CPC,0,0,TOTAL MOT,-1,N/A,0.0,False,-1,N/A,0.0,False,305076661.91,True,0.0,False,943848415.412,,943848415.412,4,False,True
C,M,20250401,2025,4,202504,97,EUR,European Union,M,Import,0,W00,World,0,W00,World,H6,HS,True,9405,"Luminaires and light fittings; including searchlights, spotlights and parts thereof, n.e.c.; illuminated signs, name-plates and the like, having permanently fixed light source and parts thereof n.e.c. or included",4,False,C00,TOTAL CPC,0,0,TOTAL MOT,8,kg,46414690.965,True,-1,N/A,0.0,False,46414690.965,True,0.0,False,607802230.102,,607802230.102,6,False,True
C,M,20250401,2025,4,202504,97,EUR,European Union,M,Import,0,W00,World,0,W00,World,H6,HS,True,9503,"Tricycles, scooters, pedal cars and similar wheeled toys; dolls' carriages; dolls; other toys; reduced-size (scale) models and similar recreational models, working or not; puzzles of all kinds",4,False,C00,TOTAL CPC,0,0,TOTAL MOT,8,kg,46435358.825,True,-1,N/A,0.0,False,46435358.825,True,0.0,False,492973457.749,,492973457.749,6,False,True
C,M,20250501,2025,5,202505,97,EUR,European Union,M,Import,0,W00,World,0,W00,World,H6,HS,True,3923,"Plastic articles for the conveyance or packing of goods; stoppers, lids, caps and other closures of plastics",4,False,C00,TOTAL CPC,0,0,TOTAL MOT,-1,N/A,0.0,False,-1,N/A,0.0,False,,False,0.0,False,595770288.973,,595770288.973,0,False,True
C,M,20250501,2025,5,202505,97,EUR,European Union,M,Import,0,W00,World,0,W00,World,H6,HS,True,3924,"Tableware, kitchenware, other household articles and hygienic or toilet articles, of plastics",4,False,C00,TOTAL CPC,0,0,TOTAL MOT,8,kg,45781045.002,True,-1,N/A,0.0,False,45781045.002,True,0.0,False,207460120.064,,207460120.064,6,False,True
C,M,20250501,2025,5,202505,97,EUR,European Union,M,Import,0,W00,World,0,W00,World,H6,HS,True,3926,"Articles of plastics and articles of other materials of heading no. 3901 to 3914, n.e.c. in chapter 39",4,False,C00,TOTAL CPC,0,0,TOTAL MOT,8,kg,104412871.513,True,-1,N/A,0.0,False,104412871.513,True,0.0,False,985752676.813,,985752676.813,6,False,True
C,M,20250501,2025,5,202505,97,EUR,European Union,M,Import,0,W00,World,0,W00,World,H6,HS,True,8414,"Air or vacuum pumps, air or other gas compressors and fans; ventilating or recycling hoods incorporating a fan; gas-tight biological safety cabinets whether or not fitted with filters",4,False,C00,TOTAL CPC,0,0,TOTAL MOT,-1,N/A,0.0,True,-1,N/A,0.0,False,76863545.308,True,0.0,False,890623681.204,,890623681.204,6,False,True
C,M,20250501,2025,5,202505,97,EUR,European Union,M,Import,0,W00,World,0,W00,World,H6,HS,True,8415,"Air conditioning machines; comprising a motor driven fan and elements for changing the temperature and humidity, including those machines in which the humidity cannot be separately regulated",4,False,C00,TOTAL CPC,0,0,TOTAL MOT,-1,N/A,0.0,False,-1,N/A,0.0,False,101892995.203,True,0.0,False,964375600.445,,964375600.445,4,False,True
C,M,20250501,2025,5,202505,97,EUR,European Union,M,Import,0,W00,World,0,W00,World,H6,HS,True,8418,"Refrigerators, freezers and other refrigerating or freezing equipment, electric or other; heat pumps other than air conditioning machines of heading no. 8415",4,False,C00,TOTAL CPC,0,0,TOTAL MOT,-1,N/A,0.0,False,-1,N/A,0.0,False,,False,0.0,False,649643138.694,,649643138.694,0,False,True
C,M,20250501,2025,5,202505,97,EUR,European Union,M,Import,0,W00,World,0,W00,World,H6,HS,True,8450,Household or laundry-type washing machines; including machines which both wash and dry,4,False,C00,TOTAL CPC,0,0,TOTAL MOT,-1,N/A,0.0,True,-1,N/A,0.0,False,53230766.663,True,0.0,False,186262536.242,,186262536.242,6,False,True
C,M,20250501,2025,5,202505,97,EUR,European Union,M,Import,0,W00,World,0,W00,World,H6,HS,True,8508,Vacuum cleaners,4,False,C00,TOTAL CPC,0,0,TOTAL MOT,-1,N/A,0.0,True,-1,N/A,0.0,False,29250635.19,True,0.0,False,475650870.493,,475650870.493,6,False,True
C,M,20250501,2025,5,202505,97,EUR,European Union,M,Import,0,W00,World,0,W00,World,H6,HS,True,8509,"Electro-mechanical domestic appliances; with self-contained electric motor, other than vacuum cleaners of heading 85.08.",4,False,C00,TOTAL CPC,0,0,TOTAL MOT,-1,N/A,0.0,False,-1,N/A,0.0,False,21619406.467,True,0.0,False,289774658.043,,289774658.043,4,False,True
C,M,20250501,2025,5,202505,97,EUR,European Union,M,Import,0,W00,World,0,W00,World,H6,HS,True,8516,"Electric water, space, soil heaters; electro-thermic hair-dressing apparatus; hand dryers, irons; electro-thermic appliances for domestic purposes; electro heating resistors, not of heading no. 8545",4,False,C00,TOTAL CPC,0,0,TOTAL MOT,-1,N/A,0.0,False,-1,N/A,0.0,False,96771881.228,True,0.0,False,838288752.334,,838288752.334,4,False,True
C,M,20250501,2025,5,202505,97,EUR,European Union,M,Import,0,W00,World,0,W00,World,H6,HS,True,9401,"Seats (not those of heading no. 9402), whether or not convertible into beds and parts thereof",4,False,C00,TOTAL CPC,0,0,TOTAL MOT,-1,N/A,0.0,False,-1,N/A,0.0,False,185831161.883,True,0.0,False,1085424214.513,,1085424214.513,4,False,True
C,M,20250501,2025,5,202505,97,EUR,European Union,M,Import,0,W00,World,0,W00,World,H6,HS,True,9403,"Furniture and parts thereof, n.e.c. in chapter 94",4,False,C00,TOTAL CPC,0,0,TOTAL MOT,-1,N/A,0.0,False,-1,N/A,0.0,False,314653995.533,True,0.0,False,940030346.346,,940030346.346,4,False,True
C,M,20250501,2025,5,202505,97,EUR,European Union,M,Import,0,W00,World,0,W00,World,H6,HS,True,9405,"Luminaires and light fittings; including searchlights, spotlights and parts thereof, n.e.c.; illuminated signs, name-plates and the like, having permanently fixed light source and parts thereof n.e.c. or included",4,False,C00,TOTAL CPC,0,0,TOTAL MOT,8,kg,52194609.095,True,-1,N/A,0.0,False,52194609.095,True,0.0,False,653418774.624,,653418774.624,6,False,True
C,M,20250501,2025,5,202505,97,EUR,European Union,M,Import,0,W00,World,0,W00,World,H6,HS,True,9503,"Tricycles, scooters, pedal cars and similar wheeled toys; dolls' carriages; dolls; other toys; reduced-size (scale) models and similar recreational models, working or not; puzzles of all kinds",4,False,C00,TOTAL CPC,0,0,TOTAL MOT,8,kg,53099410.562,True,-1,N/A,0.0,False,53099410.562,True,0.0,False,540801919.681,,540801919.681,6,False,True
C,M,20250601,2025,6,202506,97,EUR,European Union,M,Import,0,W00,World,0,W00,World,H6,HS,True,3923,"Plastic articles for the conveyance or packing of goods; stoppers, lids, caps and other closures of plastics",4,False,C00,TOTAL CPC,0,0,TOTAL MOT,-1,N/A,0.0,False,-1,N/A,0.0,False,,False,0.0,False,616038783.953,,616038783.953,0,False,True
C,M,20250601,2025,6,202506,97,EUR,European Union,M,Import,0,W00,World,0,W00,World,H6,HS,True,3924,"Tableware, kitchenware, other household articles and hygienic or toilet articles, of plastics",4,False,C00,TOTAL CPC,0,0,TOTAL MOT,8,kg,49532898.671,True,-1,N/A,0.0,False,49532898.671,True,0.0,False,228897630.38,,228897630.38,6,False,True
C,M,20250601,2025,6,202506,97,EUR,European Union,M,Import,0,W00,World,0,W00,World,H6,HS,True,3926,"Articles of plastics and articles of other materials of heading no. 3901 to 3914, n.e.c. in chapter 39",4,False,C00,TOTAL CPC,0,0,TOTAL MOT,8,kg,105769284.292,True,-1,N/A,0.0,False,105769284.292,True,0.0,False,1036572673.882,,1036572673.882,6,False,True
C,M,20250601,2025,6,202506,97,EUR,European Union,M,Import,0,W00,World,0,W00,World,H6,HS,True,8414,"Air or vacuum pumps, air or other gas compressors and fans; ventilating or recycling hoods incorporating a fan; gas-tight biological safety cabinets whether or not fitted with filters",4,False,C00,TOTAL CPC,0,0,TOTAL MOT,-1,N/A,0.0,True,-1,N/A,0.0,False,70226053.568,True,0.0,False,885230140.592,,885230140.592,6,False,True
C,M,20250601,2025,6,202506,97,EUR,European Union,M,Import,0,W00,World,0,W00,World,H6,HS,True,8415,"Air conditioning machines; comprising a motor driven fan and elements for changing the temperature and humidity, including those machines in which the humidity cannot be separately regulated",4,False,C00,TOTAL CPC,0,0,TOTAL MOT,-1,N/A,0.0,False,-1,N/A,0.0,False,100402175.848,True,0.0,False,961008487.11,,961008487.11,4,False,True
C,M,20250601,2025,6,202506,97,EUR,European Union,M,Import,0,W00,World,0,W00,World,H6,HS,True,8418,"Refrigerators, freezers and other refrigerating or freezing equipment, electric or other; heat pumps other than air conditioning machines of heading no. 8415",4,False,C00,TOTAL CPC,0,0,TOTAL MOT,-1,N/A,0.0,True,-1,N/A,0.0,False,117803869.314,True,0.0,False,677651031.848,,677651031.848,6,False,True
C,M,20250601,2025,6,202506,97,EUR,European Union,M,Import,0,W00,World,0,W00,World,H6,HS,True,8450,Household or laundry-type washing machines; including machines which both wash and dry,4,False,C00,TOTAL CPC,0,0,TOTAL MOT,-1,N/A,0.0,True,-1,N/A,0.0,False,58982462.409,True,0.0,False,204694163.558,,204694163.558,6,False,True
C,M,20250601,2025,6,202506,97,EUR,European Union,M,Import,0,W00,World,0,W00,World,H6,HS,True,8508,Vacuum cleaners,4,False,C00,TOTAL CPC,0,0,TOTAL MOT,-1,N/A,0.0,True,-1,N/A,0.0,False,28156359.148,True,0.0,False,448513139.622,,448513139.622,6,False,True
C,M,20250601,2025,6,202506,97,EUR,European Union,M,Import,0,W00,World,0,W00,World,H6,HS,True,8509,"Electro-mechanical domestic appliances; with self-contained electric motor, other than vacuum cleaners of heading 85.08.",4,False,C00,TOTAL CPC,0,0,TOTAL MOT,-1,N/A,0.0,False,-1,N/A,0.0,False,20356025.672,True,0.0,False,258477030.131,,258477030.131,4,False,True
C,M,20250601,2025,6,202506,97,EUR,European Union,M,Import,0,W00,World,0,W00,World,H6,HS,True,8516,"Electric water, space, soil heaters; electro-thermic hair-dressing apparatus; hand dryers, irons; electro-thermic appliances for domestic purposes; electro heating resistors, not of heading no. 8545",4,False,C00,TOTAL CPC,0,0,TOTAL MOT,-1,N/A,0.0,False,-1,N/A,0.0,False,102334645.807,True,0.0,False,882243060.226,,882243060.226,4,False,True
C,M,20250601,2025,6,202506,97,EUR,European Union,M,Import,0,W00,World,0,W00,World,H6,HS,True,9401,"Seats (not those of heading no. 9402), whether or not convertible into beds and parts thereof",4,False,C00,TOTAL CPC,0,0,TOTAL MOT,-1,N/A,0.0,False,-1,N/A,0.0,False,188828880.263,True,0.0,False,1124244084.941,,1124244084.941,4,False,True
C,M,20250601,2025,6,202506,97,EUR,European Union,M,Import,0,W00,World,0,W00,World,H6,HS,True,9403,"Furniture and parts thereof, n.e.c. in chapter 94",4,False,C00,TOTAL CPC,0,0,TOTAL MOT,-1,N/A,0.0,False,-1,N/A,0.0,False,337248251.413,True,0.0,False,988424243.315,,988424243.315,4,False,True
C,M,20250601,2025,6,202506,97,EUR,European Union,M,Import,0,W00,World,0,W00,World,H6,HS,True,9405,"Luminaires and light fittings; including searchlights, spotlights and parts thereof, n.e.c.; illuminated signs, name-plates and the like, having permanently fixed light source and parts thereof n.e.c. or included",4,False,C00,TOTAL CPC,0,0,TOTAL MOT,8,kg,58957763.258,True,-1,N/A,0.0,False,58957763.258,True,0.0,False,722735965.652,,722735965.652,6,False,True
C,M,20250601,2025,6,202506,97,EUR,European Union,M,Import,0,W00,World,0,W00,World,H6,HS,True,9503,"Tricycles, scooters, pedal cars and similar wheeled toys; dolls' carriages; dolls; other toys; reduced-size (scale) models and similar recreational models, working or not; puzzles of all kinds",4,False,C00,TOTAL CPC,0,0,TOTAL MOT,8,kg,57294834.708,True,-1,N/A,0.0,False,57294834.708,True,0.0,False,599278054.472,,599278054.472,6,False,True
C,M,20250701,2025,7,202507,97,EUR,European Union,M,Import,0,W00,World,0,W00,World,H6,HS,True,3923,"Plastic articles for the conveyance or packing of goods; stoppers, lids, caps and other closures of plastics",4,False,C00,TOTAL CPC,0,0,TOTAL MOT,8,kg,131556709.4,True,-1,N/A,0.0,False,131556709.4,True,0.0,False,636386955.998,,636386955.998,6,False,True
C,M,20250701,2025,7,202507,97,EUR,European Union,M,Import,0,W00,World,0,W00,World,H6,HS,True,3924,"Tableware, kitchenware, other household articles and hygienic or toilet articles, of plastics",4,False,C00,TOTAL CPC,0,0,TOTAL MOT,8,kg,51254405.904,True,-1,N/A,0.0,False,51254405.904,True,0.0,False,235772445.096,,235772445.096,6,False,True
C,M,20250701,2025,7,202507,97,EUR,European Union,M,Import,0,W00,World,0,W00,World,H6,HS,True,3926,"Articles of plastics and articles of other materials of heading no. 3901 to 3914, n.e.c. in chapter 39",4,False,C00,TOTAL CPC,0,0,TOTAL MOT,8,kg,104981204.937,True,-1,N/A,0.0,False,104981204.937,True,0.0,False,1078729894.103,,1078729894.103,6,False,True
C,M,20250701,2025,7,202507,97,EUR,European Union,M,Import,0,W00,World,0,W00,World,H6,HS,True,8414,"Air or vacuum pumps, air or other gas compressors and fans; ventilating or recycling hoods incorporating a fan; gas-tight biological safety cabinets whether or not fitted with filters",4,False,C00,TOTAL CPC,0,0,TOTAL MOT,-1,N/A,0.0,True,-1,N/A,0.0,False,65111430.985,True,0.0,False,826108111.345,,826108111.345,6,False,True
C,M,20250701,2025,7,202507,97,EUR,European Union,M,Import,0,W00,World,0,W00,World,H6,HS,True,8415,"Air conditioning machines; comprising a motor driven fan and elements for changing the temperature and humidity, including those machines in which the humidity cannot be separately regulated",4,False,C00,TOTAL CPC,0,0,TOTAL MOT,-1,N/A,0.0,False,-1,N/A,0.0,False,76023410.833,True,0.0,False,823793807.583,,823793807.583,4,False,True
C,M,20250701,2025,7,202507,97,EUR,European Union,M,Import,0,W00,World,0,W00,World,H6,HS,True,8418,"Refrigerators, freezers and other refrigerating or freezing equipment, electric or other; heat pumps other than air conditioning machines of heading no. 8415",4,False,C00,TOTAL CPC,0,0,TOTAL MOT,-1,N/A,0.0,False,-1,N/A,0.0,False,,False,0.0,False,687130377.095,,687130377.095,0,False,True
C,M,20250701,2025,7,202507,97,EUR,European Union,M,Import,0,W00,World,0,W00,World,H6,HS,True,8450,Household or laundry-type washing machines; including machines which both wash and dry,4,False,C00,TOTAL CPC,0,0,TOTAL MOT,-1,N/A,0.0,True,-1,N/A,0.0,False,58381481.665,True,0.0,False,200316136.238,,200316136.238,6,False,True
C,M,20250701,2025,7,202507,97,EUR,European Union,M,Import,0,W00,World,0,W00,World,H6,HS,True,8508,Vacuum cleaners,4,False,C00,TOTAL CPC,0,0,TOTAL MOT,-1,N/A,0.0,True,-1,N/A,0.0,False,27651280.86,True,0.0,False,491735847.527,,491735847.527,6,False,True
C,M,20250701,2025,7,202507,97,EUR,European Union,M,Import,0,W00,World,0,W00,World,H6,HS,True,8509,"Electro-mechanical domestic appliances; with self-contained electric motor, other than vacuum cleaners of heading 85.08.",4,False,C00,TOTAL CPC,0,0,TOTAL MOT,-1,N/A,0.0,False,-1,N/A,0.0,False,25901307.611,True,0.0,False,321856181.021,,321856181.021,4,False,True
C,M,20250701,2025,7,202507,97,EUR,European Union,M,Import,0,W00,World,0,W00,World,H6,HS,True,8516,"Electric water, space, soil heaters; electro-thermic hair-dressing apparatus; hand dryers, irons; electro-thermic appliances for domestic purposes; electro heating resistors, not of heading no. 8545",4,False,C00,TOTAL CPC,0,0,TOTAL MOT,-1,N/A,0.0,False,-1,N/A,0.0,False,111685965.59,True,0.0,False,965184532.309,,965184532.309,4,False,True
C,M,20250701,2025,7,202507,97,EUR,European Union,M,Import,0,W00,World,0,W00,World,H6,HS,True,9401,"Seats (not those of heading no. 9402), whether or not convertible into beds and parts thereof",4,False,C00,TOTAL CPC,0,0,TOTAL MOT,-1,N/A,0.0,False,-1,N/A,0.0,False,180837987.2,True,0.0,False,1033891809.191,,1033891809.191,4,False,True
C,M,20250701,2025,7,202507,97,EUR,European Union,M,Import,0,W00,World,0,W00,World,H6,HS,True,9403,"Furniture and parts thereof, n.e.c. in chapter 94",4,False,C00,TOTAL CPC,0,0,TOTAL MOT,-1,N/A,0.0,False,-1,N/A,0.0,False,350246608.836,True,0.0,False,1001921761.276,,1001921761.276,4,False,True
C,M,20250701,2025,7,202507,97,EUR,European Union,M,Import,0,W00,World,0,W00,World,H6,HS,True,9405,"Luminaires and light fittings; including searchlights, spotlights and parts thereof, n.e.c.; illuminated signs, name-plates and the like, having permanently fixed light source and parts thereof n.e.c. or included",4,False,C00,TOTAL CPC,0,0,TOTAL MOT,8,kg,72676586.148,True,-1,N/A,0.0,False,72676586.148,True,0.0,False,857363657.805,,857363657.805,6,False,True
C,M,20250701,2025,7,202507,97,EUR,European Union,M,Import,0,W00,World,0,W00,World,H6,HS,True,9503,"Tricycles, scooters, pedal cars and similar wheeled toys; dolls' carriages; dolls; other toys; reduced-size (scale) models and similar recreational models, working or not; puzzles of all kinds",4,False,C00,TOTAL CPC,0,0,TOTAL MOT,8,kg,70563045.245,True,-1,N/A,0.0,False,70563045.245,True,0.0,False,747040270.449,,747040270.449,6,False,True
C,M,20250801,2025,8,202508,97,EUR,European Union,M,Import,0,W00,World,0,W00,World,H6,HS,True,3923,"Plastic articles for the conveyance or packing of goods; stoppers, lids, caps and other closures of plastics",4,False,C00,TOTAL CPC,0,0,TOTAL MOT,8,kg,112475593.995,True,-1,N/A,0.0,False,112475593.995,True,0.0,False,524074932.471,,524074932.471,6,False,True
C,M,20250801,2025,8,202508,97,EUR,European Union,M,Import,0,W00,World,0,W00,World,H6,HS,True,3924,"Tableware, kitchenware, other household articles and hygienic or toilet articles, of plastics",4,False,C00,TOTAL CPC,0,0,TOTAL MOT,8,kg,41186933.509,True,-1,N/A,0.0,False,41186933.509,True,0.0,False,191835777.061,,191835777.061,6,False,True
C,M,20250801,2025,8,202508,97,EUR,European Union,M,Import,0,W00,World,0,W00,World,H6,HS,True,3926,"Articles of plastics and articles of other materials of heading no. 3901 to 3914, n.e.c. in chapter 39",4,False,C00,TOTAL CPC,0,0,TOTAL MOT,8,kg,88762618.208,True,-1,N/A,0.0,False,88762618.208,True,0.0,False,934423275.514,,934423275.514,6,False,True
C,M,20250801,2025,8,202508,97,EUR,European Union,M,Import,0,W00,World,0,W00,World,H6,HS,True,8414,"Air or vacuum pumps, air or other gas compressors and fans; ventilating or recycling hoods incorporating a fan; gas-tight biological safety cabinets whether or not fitted with filters",4,False,C00,TOTAL CPC,0,0,TOTAL MOT,-1,N/A,0.0,True,-1,N/A,0.0,False,52894730.485,True,0.0,False,730225742.998,,730225742.998,6,False,True
C,M,20250801,2025,8,202508,97,EUR,European Union,M,Import,0,W00,World,0,W00,World,H6,HS,True,8415,"Air conditioning machines; comprising a motor driven fan and elements for changing the temperature and humidity, including those machines in which the humidity cannot be separately regulated",4,False,C00,TOTAL CPC,0,0,TOTAL MOT,-1,N/A,0.0,False,-1,N/A,0.0,False,46037537.013,True,0.0,False,561603970.122,,561603970.122,4,False,True
C,M,20250801,2025,8,202508,97,EUR,European Union,M,Import,0,W00,World,0,W00,World,H6,HS,True,8418,"Refrigerators, freezers and other refrigerating or freezing equipment, electric or other; heat pumps other than air conditioning machines of heading no. 8415",4,False,C00,TOTAL CPC,0,0,TOTAL MOT,-1,N/A,0.0,False,-1,N/A,0.0,False,99088711.085,True,0.0,False,561212159.316,,561212159.316,4,False,True
C,M,20250801,2025,8,202508,97,EUR,European Union,M,Import,0,W00,World,0,W00,World,H6,HS,True,8450,Household or laundry-type washing machines; including machines which both wash and dry,4,False,C00,TOTAL CPC,0,0,TOTAL MOT,-1,N/A,0.0,True,-1,N/A,0.0,False,55404366.047,True,0.0,False,191123866.981,,191123866.981,6,False,True
C,M,20250801,2025,8,202508,97,EUR,European Union,M,Import,0,W00,World,0,W00,World,H6,HS,True,8508,Vacuum cleaners,4,False,C00,TOTAL CPC,0,0,TOTAL MOT,-1,N/A,0.0,True,-1,N/A,0.0,False,24024971.766,True,0.0,False,420164209.805,,420164209.805,6,False,True
C,M,20250801,2025,8,202508,97,EUR,European Union,M,Import,0,W00,World,0,W00,World,H6,HS,True,8509,"Electro-mechanical domestic appliances; with self-contained electric motor, other than vacuum cleaners of heading 85.08.",4,False,C00,TOTAL CPC,0,0,TOTAL MOT,-1,N/A,0.0,False,-1,N/A,0.0,False,21661538.397,True,0.0,False,246626930.54,,246626930.54,4,False,True
C,M,20250801,2025,8,202508,97,EUR,European Union,M,Import,0,W00,World,0,W00,World,H6,HS,True,8516,"Electric water, space, soil heaters; electro-thermic hair-dressing apparatus; hand dryers, irons; electro-thermic appliances for domestic purposes; electro heating resistors, not of heading no. 8545",4,False,C00,TOTAL CPC,0,0,TOTAL MOT,-1,N/A,0.0,False,-1,N/A,0.0,False,107028402.866,True,0.0,False,890123492.139,,890123492.139,4,False,True
C,M,20250801,2025,8,202508,97,EUR,European Union,M,Import,0,W00,World,0,W00,World,H6,HS,True,9401,"Seats (not those of heading no. 9402), whether or not convertible into beds and parts thereof",4,False,C00,TOTAL CPC,0,0,TOTAL MOT,-1,N/A,0.0,False,-1,N/A,0.0,False,139377099.282,True,0.0,False,804340959.86,,804340959.86,4,False,True
C,M,20250801,2025,8,202508,97,EUR,European Union,M,Import,0,W00,World,0,W00,World,H6,HS,True,9403,"Furniture and parts thereof, n.e.c. in chapter 94",4,False,C00,TOTAL CPC,0,0,TOTAL MOT,-1,N/A,0.0,False,-1,N/A,0.0,False,299146732.56,True,0.0,False,848297506.018,,848297506.018,4,False,True
C,M,20250801,2025,8,202508,97,EUR,European Union,M,Import,0,W00,World,0,W00,World,H6,HS,True,9405,"Luminaires and light fittings; including searchlights, spotlights and parts thereof, n.e.c.; illuminated signs, name-plates and the like, having permanently fixed light source and parts thereof n.e.c. or included",4,False,C00,TOTAL CPC,0,0,TOTAL MOT,8,kg,72659853.012,True,-1,N/A,0.0,False,72659853.012,True,0.0,False,818829864.512,,818829864.512,6,False,True
C,M,20250801,2025,8,202508,97,EUR,European Union,M,Import,0,W00,World,0,W00,World,H6,HS,True,9503,"Tricycles, scooters, pedal cars and similar wheeled toys; dolls' carriages; dolls; other toys; reduced-size (scale) models and similar recreational models, working or not; puzzles of all kinds",4,False,C00,TOTAL CPC,0,0,TOTAL MOT,8,kg,79548508.679,True,-1,N/A,0.0,False,79548508.679,True,0.0,False,831752350.375,,831752350.375,6,False,True
C,M,20250901,2025,9,202509,97,EUR,European Union,M,Import,0,W00,World,0,W00,World,H6,HS,True,9503,"Tricycles, scooters, pedal cars and similar wheeled toys; dolls' carriages; dolls; other toys; reduced-size (scale) models and similar recreational models, working or not; puzzles of all kinds",4,False,C00,TOTAL CPC,0,0,TOTAL MOT,8,kg,99930262.773,True,-1,N/A,0.0,False,99930262.773,True,0.0,False,1020454972.843,,1020454972.843,6,False,True
C,M,20250901,2025,9,202509,97,EUR,European Union,M,Import,0,W00,World,0,W00,World,H6,HS,True,9405,"Luminaires and light fittings; including searchlights, spotlights and parts thereof, n.e.c.; illuminated signs, name-plates and the like, having permanently fixed light source and parts thereof n.e.c. or included",4,False,C00,TOTAL CPC,0,0,TOTAL MOT,8,kg,82027480.389,True,-1,N/A,0.0,False,82027480.389,True,0.0,False,947252569.703,,947252569.703,6,False,True
C,M,20250901,2025,9,202509,97,EUR,European Union,M,Import,0,W00,World,0,W00,World,H6,HS,True,3924,"Tableware, kitchenware, other household articles and hygienic or toilet articles, of plastics",4,False,C00,TOTAL CPC,0,0,TOTAL MOT,8,kg,45207874.087,True,-1,N/A,0.0,False,45207874.087,True,0.0,False,203127599.449,,203127599.449,6,False,True
C,M,20250901,2025,9,202509,97,EUR,European Union,M,Import,0,W00,World,0,W00,World,H6,HS,True,3926,"Articles of plastics and articles of other materials of heading no. 3901 to 3914, n.e.c. in chapter 39",4,False,C00,TOTAL CPC,0,0,TOTAL MOT,8,kg,99451900.246,True,-1,N/A,0.0,False,99451900.246,True,0.0,False,1078670567.344,,1078670567.344,6,False,True
C,M,20250901,2025,9,202509,97,EUR,European Union,M,Import,0,W00,World,0,W00,World,H6,HS,True,3923,"Plastic articles for the conveyance or packing of goods; stoppers, lids, caps and other closures of plastics",4,False,C00,TOTAL CPC,0,0,TOTAL MOT,8,kg,121109978.623,True,-1,N/A,0.0,False,121109978.623,True,0.0,False,606702125.467,,606702125.467,6,False,True
C,M,20250901,2025,9,202509,97,EUR,European Union,M,Import,0,W00,World,0,W00,World,H6,HS,True,9403,"Furniture and parts thereof, n.e.c. in chapter 94",4,False,C00,TOTAL CPC,0,0,TOTAL MOT,-1,N/A,0.0,False,-1,N/A,0.0,False,319406764.397,True,0.0,False,909148601.543,,909148601.543,4,False,True
C,M,20250901,2025,9,202509,97,EUR,European Union,M,Import,0,W00,World,0,W00,World,H6,HS,True,9401,"Seats (not those of heading no. 9402), whether or not convertible into beds and parts thereof",4,False,C00,TOTAL CPC,0,0,TOTAL MOT,-1,N/A,0.0,False,-1,N/A,0.0,False,163352952.998,True,0.0,False,992288200.459,,992288200.459,4,False,True
C,M,20250901,2025,9,202509,97,EUR,European Union,M,Import,0,W00,World,0,W00,World,H6,HS,True,8418,"Refrigerators, freezers and other refrigerating or freezing equipment, electric or other; heat pumps other than air conditioning machines of heading no. 8415",4,False,C00,TOTAL CPC,0,0,TOTAL MOT,-1,N/A,0.0,False,-1,N/A,0.0,False,96926271.683,True,0.0,False,578373660.21,,578373660.21,4,False,True
C,M,20250901,2025,9,202509,97,EUR,European Union,M,Import,0,W00,World,0,W00,World,H6,HS,True,8415,"Air conditioning machines; comprising a motor driven fan and elements for changing the temperature and humidity, including those machines in which the humidity cannot be separately regulated",4,False,C00,TOTAL CPC,0,0,TOTAL MOT,-1,N/A,0.0,False,-1,N/A,0.0,False,47725307.028,True,0.0,False,592075657.292,,592075657.292,4,False,True
C,M,20250901,2025,9,202509,97,EUR,European Union,M,Import,0,W00,World,0,W00,World,H6,HS,True,8509,"Electro-mechanical domestic appliances; with self-contained electric motor, other than vacuum cleaners of heading 85.08.",4,False,C00,TOTAL CPC,0,0,TOTAL MOT,-1,N/A,0.0,False,-1,N/A,0.0,False,24808207.415,True,0.0,False,303315025.65,,303315025.65,4,False,True
C,M,20250901,2025,9,202509,97,EUR,European Union,M,Import,0,W00,World,0,W00,World,H6,HS,True,8516,"Electric water, space, soil heaters; electro-thermic hair-dressing apparatus; hand dryers, irons; electro-thermic appliances for domestic purposes; electro heating resistors, not of heading no. 8545",4,False,C00,TOTAL CPC,0,0,TOTAL MOT,-1,N/A,0.0,False,-1,N/A,0.0,False,121018435.468,True,0.0,False,1027442697.397,,1027442697.397,4,False,True
C,M,20250901,2025,9,202509,97,EUR,European Union,M,Import,0,W00,World,0,W00,World,H6,HS,True,8414,"Air or vacuum pumps, air or other gas compressors and fans; ventilating or recycling hoods incorporating a fan; gas-tight biological safety cabinets whether or not fitted with filters",4,False,C00,TOTAL CPC,0,0,TOTAL MOT,-1,N/A,0.0,True,-1,N/A,0.0,False,55441120.367,True,0.0,False,803913147.222,,803913147.222,6,False,True
C,M,20250901,2025,9,202509,97,EUR,European Union,M,Import,0,W00,World,0,W00,World,H6,HS,True,8508,Vacuum cleaners,4,False,C00,TOTAL CPC,0,0,TOTAL MOT,-1,N/A,0.0,True,-1,N/A,0.0,False,29129595.196,True,0.0,False,553261797.431,,553261797.431,6,False,True
C,M,20250901,2025,9,202509,97,EUR,European Union,M,Import,0,W00,World,0,W00,World,H6,HS,True,8450,Household or laundry-type washing machines; including machines which both wash and dry,4,False,C00,TOTAL CPC,0,0,TOTAL MOT,-1,N/A,0.0,True,-1,N/A,0.0,False,63139290.033,True,0.0,False,215896990.727,,215896990.727,6,False,True
