typeCode,freqCode,refPeriodId,refYear,refMonth,period,reporterCode,reporterISO,reporterDesc,flowCode,flowDesc,partnerCode,partnerISO,partnerDesc,partner2Code,partner2ISO,partner2Desc,classificationCode,classificationSearchCode,isOriginalClassification,cmdCode,cmdDesc,aggrLevel,isLeaf,customsCode,customsDesc,mosCode,motCode,motDesc,qtyUnitCode,qtyUnitAbbr,qty,isQtyEstimated,altQtyUnitCode,altQtyUnitAbbr,altQty,isAltQtyEstimated,netWgt,isNetWgtEstimated,grossWgt,isGrossWgtEstimated,cifvalue,fobvalue,primaryValue,legacyEstimationFlag,isReported,isAggregate
C,M,20180101,2018,1,201801,97,EUR,European Union,M,Import,156,CHN,China,0,W00,World,H5,HS,True,3923,"Plastic articles for the conveyance or packing of goods; stoppers, lids, caps and other closures of plastics",4,False,C00,TOTAL CPC,0,0,TOTAL MOT,8,kg,30170952.878,True,-1,N/A,0.0,False,30170952.878,True,0.0,False,159157968.425,,159157968.425,6,False,True
C,M,20180101,2018,1,201801,97,EUR,European Union,M,Import,156,CHN,China,0,W00,World,H5,HS,True,3924,"Tableware, kitchenware, other household articles and hygienic or toilet articles, of plastics",4,False,C00,TOTAL CPC,0,0,TOTAL MOT,8,kg,24175068.0,False,8,kg,24175068.0,False,24175068.0,False,0.0,False,127399135.73,,127399135.73,0,False,True
C,M,20180101,2018,1,201801,97,EUR,European Union,M,Import,156,CHN,China,0,W00,World,H5,HS,True,3926,"Articles of plastics and articles of other materials of heading no. 3901 to 3914, n.e.c. in chapter 39",4,False,C00,TOTAL CPC,0,0,TOTAL MOT,8,kg,78730891.0,False,8,kg,78730891.0,False,78730891.0,False,0.0,False,481346693.888,,481346693.888,0,False,True
C,M,20180101,2018,1,201801,97,EUR,European Union,M,Import,156,CHN,China,0,W00,World,H5,HS,True,8414,"Air or vacuum pumps, air or other gas compressors and fans; ventilating or recycling hoods incorporating a fan whether or not fitted with filters",4,False,C00,TOTAL CPC,0,0,TOTAL MOT,-1,N/A,0.0,True,-1,N/A,0.0,False,36198388.38,True,0.0,False,224901863.233,,224901863.233,6,False,True
C,M,20180101,2018,1,201801,97,EUR,European Union,M,Import,156,CHN,China,0,W00,World,H5,HS,True,8415,"Air conditioning machines; comprising a motor driven fan and elements for changing the temperature and humidity, including those machines in which the humidity cannot be separately regulated",4,False,C00,TOTAL CPC,0,0,TOTAL MOT,-1,N/A,0.0,True,-1,N/A,0.0,False,13989720.0,False,0.0,False,128209476.538,,128209476.538,2,False,True
C,M,20180101,2018,1,201801,97,EUR,European Union,M,Import,156,CHN,China,0,W00,World,H5,HS,True,8418,"Refrigerators, freezers and other refrigerating or freezing equipment, electric or other; heat pumps other than air conditioning machines of heading no. 8415",4,False,C00,TOTAL CPC,0,0,TOTAL MOT,-1,N/A,0.0,True,-1,N/A,0.0,False,48731287.601,True,0.0,False,213129608.022,,213129608.022,6,False,True
C,M,20180101,2018,1,201801,97,EUR,European Union,M,Import,156,CHN,China,0,W00,World,H5,HS,True,8450,Household or laundry-type washing machines; including machines which both wash and dry,4,False,C00,TOTAL CPC,0,0,TOTAL MOT,-1,N/A,0.0,False,-1,N/A,0.0,False,22146186.0,False,0.0,False,70416200.832,,70416200.832,0,False,True
C,M,20180101,2018,1,201801,97,EUR,European Union,M,Import,156,CHN,China,0,W00,World,H5,HS,True,8508,Vacuum cleaners,4,False,C00,TOTAL CPC,0,0,TOTAL MOT,-1,N/A,0.0,True,-1,N/A,0.0,False,17862258.777,True,0.0,False,163988559.302,,163988559.302,6,False,True
C,M,20180101,2018,1,201801,97,EUR,European Union,M,Import,156,CHN,China,0,W00,World,H5,HS,True,8509,"Electro-mechanical domestic appliances; with self-contained electric motor, other than vacuum cleaners of heading 85.08.",4,False,C00,TOTAL CPC,0,0,TOTAL MOT,-1,N/A,0.0,True,-1,N/A,0.0,False,15618482.0,False,0.0,False,165928265.163,,165928265.163,2,False,True
C,M,20180101,2018,1,201801,97,EUR,European Union,M,Import,156,CHN,China,0,W00,World,H5,HS,True,8516,"Electric water, space, soil heaters; electro-thermic hair-dressing apparatus; hand dryers, irons; electro-thermic appliances for domestic purposes; electro heating resistors, not of heading no. 8545",4,False,C00,TOTAL CPC,0,0,TOTAL MOT,-1,N/A,0.0,True,-1,N/A,0.0,False,71631933.651,True,0.0,False,455752422.256,,455752422.256,6,False,True
C,M,20180101,2018,1,201801,97,EUR,European Union,M,Import,156,CHN,China,0,W00,World,H5,HS,True,9401,"Seats (not those of heading no. 9402), whether or not convertible into beds and parts thereof",4,False,C00,TOTAL CPC,0,0,TOTAL MOT,-1,N/A,0.0,True,-1,N/A,0.0,False,155183508.0,False,0.0,False,665714709.472,,665714709.472,2,False,True
C,M,20180101,2018,1,201801,97,EUR,European Union,M,Import,156,CHN,China,0,W00,World,H5,HS,True,9403,"Furniture and parts thereof, n.e.c. in chapter 94",4,False,C00,TOTAL CPC,0,0,TOTAL MOT,-1,N/A,0.0,True,-1,N/A,0.0,False,193638264.0,False,0.0,False,551294542.495,,551294542.495,2,False,True
C,M,20180101,2018,1,201801,97,EUR,European Union,M,Import,156,CHN,China,0,W00,World,H5,HS,True,9405,"Lamps, light fittings; including searchlights, spotlights and parts thereof, n.e.c.; illuminated signs, name-plates and the like, having permanently fixed light source and parts thereof n.e.c. or included",4,False,C00,TOTAL CPC,0,0,TOTAL MOT,8,kg,72183280.452,True,-1,N/A,0.0,False,72183280.452,True,0.0,False,731308533.35,,731308533.35,6,False,True
C,M,20180101,2018,1,201801,97,EUR,European Union,M,Import,156,CHN,China,0,W00,World,H5,HS,True,9503,"Tricycles, scooters, pedal cars and similar wheeled toys; dolls' carriages; dolls; other toys; reduced-size (scale) models and similar recreational models, working or not; puzzles of all kinds",4,False,C00,TOTAL CPC,0,0,TOTAL MOT,8,kg,51224162.326,True,-1,N/A,0.0,False,51224162.326,True,0.0,False,515546535.518,,515546535.518,6,False,True
C,M,20180201,2018,2,201802,97,EUR,European Union,M,Import,156,CHN,China,0,W00,World,H5,HS,True,3923,"Plastic articles for the conveyance or packing of goods; stoppers, lids, caps and other closures of plastics",4,False,C00,TOTAL CPC,0,0,TOTAL MOT,8,kg,24273068.775,True,-1,N/A,0.0,False,24273068.775,True,0.0,False,120512515.309,,120512515.309,6,False,True
C,M,20180201,2018,2,201802,97,EUR,European Union,M,Import,156,CHN,China,0,W00,World,H5,HS,True,3924,"Tableware, kitchenware, other household articles and hygienic or toilet articles, of plastics",4,False,C00,TOTAL CPC,0,0,TOTAL MOT,8,kg,20668059.0,False,8,kg,20668059.0,False,20668059.0,False,0.0,False,111435385.755,,111435385.755,0,False,True
C,M,20180201,2018,2,201802,97,EUR,European Union,M,Import,156,CHN,China,0,W00,World,H5,HS,True,3926,"Articles of plastics and articles of other materials of heading no. 3901 to 3914, n.e.c. in chapter 39",4,False,C00,TOTAL CPC,0,0,TOTAL MOT,8,kg,67944893.976,True,-1,N/A,0.0,False,67944893.976,True,0.0,False,384537872.012,,384537872.012,6,False,True
C,M,20180201,2018,2,201802,97,EUR,European Union,M,Import,156,CHN,China,0,W00,World,H5,HS,True,8414,"Air or vacuum pumps, air or other gas compressors and fans; ventilating or recycling hoods incorporating a fan whether or not fitted with filters",4,False,C00,TOTAL CPC,0,0,TOTAL MOT,-1,N/A,0.0,True,-1,N/A,0.0,False,38689977.612,True,0.0,False,235567207.939,,235567207.939,6,False,True
C,M,20180201,2018,2,201802,97,EUR,European Union,M,Import,156,CHN,China,0,W00,World,H5,HS,True,8415,"Air conditioning machines; comprising a motor driven fan and elements for changing the temperature and humidity, including those machines in which the humidity cannot be separately regulated",4,False,C00,TOTAL CPC,0,0,TOTAL MOT,-1,N/A,0.0,True,-1,N/A,0.0,False,21822251.0,False,0.0,False,170688804.485,,170688804.485,2,False,True
C,M,20180201,2018,2,201802,97,EUR,European Union,M,Import,156,CHN,China,0,W00,World,H5,HS,True,8418,"Refrigerators, freezers and other refrigerating or freezing equipment, electric or other; heat pumps other than air conditioning machines of heading no. 8415",4,False,C00,TOTAL CPC,0,0,TOTAL MOT,-1,N/A,0.0,True,-1,N/A,0.0,False,36593082.997,True,0.0,False,170291785.671,,170291785.671,6,False,True
C,M,20180201,2018,2,201802,97,EUR,European Union,M,Import,156,CHN,China,0,W00,World,H5,HS,True,8450,Household or laundry-type washing machines; including machines which both wash and dry,4,False,C00,TOTAL CPC,0,0,TOTAL MOT,-1,N/A,0.0,False,-1,N/A,0.0,False,15182423.0,False,0.0,False,50484172.926,,50484172.926,0,False,True
C,M,20180201,2018,2,201802,97,EUR,European Union,M,Import,156,CHN,China,0,W00,World,H5,HS,True,8508,Vacuum cleaners,4,False,C00,TOTAL CPC,0,0,TOTAL MOT,-1,N/A,0.0,False,-1,N/A,0.0,False,16168940.0,False,0.0,False,149751916.787,,149751916.787,0,False,True
C,M,20180201,2018,2,201802,97,EUR,European Union,M,Import,156,CHN,China,0,W00,World,H5,HS,True,8509,"Electro-mechanical domestic appliances; with self-contained electric motor, other than vacuum cleaners of heading 85.08.",4,False,C00,TOTAL CPC,0,0,TOTAL MOT,-1,N/A,0.0,True,-1,N/A,0.0,False,13240684.0,False,0.0,False,124169042.157,,124169042.157,2,False,True
C,M,20180201,2018,2,201802,97,EUR,European Union,M,Import,156,CHN,China,0,W00,World,H5,HS,True,8516,"Electric water, space, soil heaters; electro-thermic hair-dressing apparatus; hand dryers, irons; electro-thermic appliances for domestic purposes; electro heating resistors, not of heading no. 8545",4,False,C00,TOTAL CPC,0,0,TOTAL MOT,-1,N/A,0.0,True,-1,N/A,0.0,False,62109010.578,True,0.0,False,376983868.284,,376983868.284,6,False,True
C,M,20180201,2018,2,201802,97,EUR,European Union,M,Import,156,CHN,China,0,W00,World,H5,HS,True,9401,"Seats (not those of heading no. 9402), whether or not convertible into beds and parts thereof",4,False,C00,TOTAL CPC,0,0,TOTAL MOT,-1,N/A,0.0,True,-1,N/A,0.0,False,145983795.547,True,0.0,False,609490640.654,,609490640.654,6,False,True
C,M,20180201,2018,2,201802,97,EUR,European Union,M,Import,156,CHN,China,0,W00,World,H5,HS,True,9403,"Furniture and parts thereof, n.e.c. in chapter 94",4,False,C00,TOTAL CPC,0,0,TOTAL MOT,-1,N/A,0.0,True,-1,N/A,0.0,False,169814569.5,True,0.0,False,487860288.89,,487860288.89,6,False,True
C,M,20180201,2018,2,201802,97,EUR,European Union,M,Import,156,CHN,China,0,W00,World,H5,HS,True,9405,"Lamps, light fittings; including searchlights, spotlights and parts thereof, n.e.c.; illuminated signs, name-plates and the like, having permanently fixed light source and parts thereof n.e.c. or included",4,False,C00,TOTAL CPC,0,0,TOTAL MOT,8,kg,65413128.968,True,-1,N/A,0.0,False,65413128.968,True,0.0,False,633944762.138,,633944762.138,6,False,True
C,M,20180201,2018,2,201802,97,EUR,European Union,M,Import,156,CHN,China,0,W00,World,H5,HS,True,9503,"Tricycles, scooters, pedal cars and similar wheeled toys; dolls' carriages; dolls; other toys; reduced-size (scale) models and similar recreational models, working or not; puzzles of all kinds",4,False,C00,TOTAL CPC,0,0,TOTAL MOT,8,kg,50976557.636,True,-1,N/A,0.0,False,50976557.636,True,0.0,False,478383822.841,,478383822.841,6,False,True
C,M,20180301,2018,3,201803,97,EUR,European Union,M,Import,156,CHN,China,0,W00,World,H5,HS,True,3923,"Plastic articles for the conveyance or packing of goods; stoppers, lids, caps and other closures of plastics",4,False,C00,TOTAL CPC,0,0,TOTAL MOT,8,kg,24650656.353,True,-1,N/A,0.0,False,24650656.353,True,0.0,False,119226764.702,,119226764.702,6,False,True
C,M,20180301,2018,3,201803,97,EUR,European Union,M,Import,156,CHN,China,0,W00,World,H5,HS,True,3924,"Tableware, kitchenware, other household articles and hygienic or toilet articles, of plastics",4,False,C00,TOTAL CPC,0,0,TOTAL MOT,8,kg,22828086.0,False,8,kg,22828086.0,False,22828086.0,False,0.0,False,118675197.61,,118675197.61,0,False,True
C,M,20180301,2018,3,201803,97,EUR,European Union,M,Import,156,CHN,China,0,W00,World,H5,HS,True,3926,"Articles of plastics and articles of other materials of heading no. 3901 to 3914, n.e.c. in chapter 39",4,False,C00,TOTAL CPC,0,0,TOTAL MOT,8,kg,71753962.488,True,-1,N/A,0.0,False,71753962.488,True,0.0,False,402045140.217,,402045140.217,6,False,True
C,M,20180301,2018,3,201803,97,EUR,European Union,M,Import,156,CHN,China,0,W00,World,H5,HS,True,8414,"Air or vacuum pumps, air or other gas compressors and fans; ventilating or recycling hoods incorporating a fan whether or not fitted with filters",4,False,C00,TOTAL CPC,0,0,TOTAL MOT,-1,N/A,0.0,True,-1,N/A,0.0,False,48524585.0,False,0.0,False,257600413.942,,257600413.942,2,False,True
C,M,20180301,2018,3,201803,97,EUR,European Union,M,Import,156,CHN,China,0,W00,World,H5,HS,True,8415,"Air conditioning machines; comprising a motor driven fan and elements for changing the temperature and humidity, including those machines in which the humidity cannot be separately regulated",4,False,C00,TOTAL CPC,0,0,TOTAL MOT,-1,N/A,0.0,True,-1,N/A,0.0,False,34617348.0,False,0.0,False,257793305.076,,257793305.076,2,False,True
C,M,20180301,2018,3,201803,97,EUR,European Union,M,Import,156,CHN,China,0,W00,World,H5,HS,True,8418,"Refrigerators, freezers and other refrigerating or freezing equipment, electric or other; heat pumps other than air conditioning machines of heading no. 8415",4,False,C00,TOTAL CPC,0,0,TOTAL MOT,-1,N/A,0.0,True,-1,N/A,0.0,False,40854668.0,False,0.0,False,188276481.205,,188276481.205,2,False,True
C,M,20180301,2018,3,201803,97,EUR,European Union,M,Import,156,CHN,China,0,W00,World,H5,HS,True,8450,Household or laundry-type washing machines; including machines which both wash and dry,4,False,C00,TOTAL CPC,0,0,TOTAL MOT,-1,N/A,0.0,False,-1,N/A,0.0,False,15963765.24,True,0.0,False,51291680.945,,51291680.945,4,False,True
C,M,20180301,2018,3,201803,97,EUR,European Union,M,Import,156,CHN,China,0,W00,World,H5,HS,True,8508,Vacuum cleaners,4,False,C00,TOTAL CPC,0,0,TOTAL MOT,-1,N/A,0.0,False,-1,N/A,0.0,False,13722680.0,False,0.0,False,136074252.507,,136074252.507,0,False,True
C,M,20180301,2018,3,201803,97,EUR,European Union,M,Import,156,CHN,China,0,W00,World,H5,HS,True,8509,"Electro-mechanical domestic appliances; with self-contained electric motor, other than vacuum cleaners of heading 85.08.",4,False,C00,TOTAL CPC,0,0,TOTAL MOT,-1,N/A,0.0,True,-1,N/A,0.0,False,13547575.0,False,0.0,False,133207721.644,,133207721.644,2,False,True
C,M,20180301,2018,3,201803,97,EUR,European Union,M,Import,156,CHN,China,0,W00,World,H5,HS,True,8516,"Electric water, space, soil heaters; electro-thermic hair-dressing apparatus; hand dryers, irons; electro-thermic appliances for domestic purposes; electro heating resistors, not of heading no. 8545",4,False,C00,TOTAL CPC,0,0,TOTAL MOT,-1,N/A,0.0,True,-1,N/A,0.0,False,57688829.64,True,0.0,False,373490293.528,,373490293.528,6,False,True
C,M,20180301,2018,3,201803,97,EUR,European Union,M,Import,156,CHN,China,0,W00,World,H5,HS,True,9401,"Seats (not those of heading no. 9402), whether or not convertible into beds and parts thereof",4,False,C00,TOTAL CPC,0,0,TOTAL MOT,-1,N/A,0.0,True,-1,N/A,0.0,False,135110415.0,False,0.0,False,560705071.644,,560705071.644,2,False,True
C,M,20180301,2018,3,201803,97,EUR,European Union,M,Import,156,CHN,China,0,W00,World,H5,HS,True,9403,"Furniture and parts thereof, n.e.c. in chapter 94",4,False,C00,TOTAL CPC,0,0,TOTAL MOT,-1,N/A,0.0,True,-1,N/A,0.0,False,166072976.0,False,0.0,False,480929834.853,,480929834.853,2,False,True
C,M,20180301,2018,3,201803,97,EUR,European Union,M,Import,156,CHN,China,0,W00,World,H5,HS,True,9405,"Lamps, light fittings; including searchlights, spotlights and parts thereof, n.e.c.; illuminated signs, name-plates and the like, having permanently fixed light source and parts thereof n.e.c. or included",4,False,C00,TOTAL CPC,0,0,TOTAL MOT,8,kg,61628954.621,True,-1,N/A,0.0,False,61628954.621,True,0.0,False,620200899.973,,620200899.973,6,False,True
C,M,20180301,2018,3,201803,97,EUR,European Union,M,Import,156,CHN,China,0,W00,World,H5,HS,True,9503,"Tricycles, scooters, pedal cars and similar wheeled toys; dolls' carriages; dolls; other toys; reduced-size (scale) models and similar recreational models, working or not; puzzles of all kinds",4,False,C00,TOTAL CPC,0,0,TOTAL MOT,8,kg,53343139.527,True,-1,N/A,0.0,False,53343139.527,True,0.0,False,478619671.093,,478619671.093,6,False,True
C,M,20180401,2018,4,201804,97,EUR,European Union,M,Import,156,CHN,China,0,W00,World,H5,HS,True,3923,"Plastic articles for the conveyance or packing of goods; stoppers, lids, caps and other closures of plastics",4,False,C00,TOTAL CPC,0,0,TOTAL MOT,8,kg,20281080.8,True,-1,N/A,0.0,False,20281080.8,True,0.0,False,108893902.863,,108893902.863,6,False,True
C,M,20180401,2018,4,201804,97,EUR,European Union,M,Import,156,CHN,China,0,W00,World,H5,HS,True,3924,"Tableware, kitchenware, other household articles and hygienic or toilet articles, of plastics",4,False,C00,TOTAL CPC,0,0,TOTAL MOT,8,kg,16060248.0,False,8,kg,16060248.0,False,16060248.0,False,0.0,False,83994179.432,,83994179.432,0,False,True
C,M,20180401,2018,4,201804,97,EUR,European Union,M,Import,156,CHN,China,0,W00,World,H5,HS,True,3926,"Articles of plastics and articles of other materials of heading no. 3901 to 3914, n.e.c. in chapter 39",4,False,C00,TOTAL CPC,0,0,TOTAL MOT,8,kg,56665953.0,False,8,kg,56665953.0,False,56665953.0,False,0.0,False,335091894.812,,335091894.812,0,False,True
C,M,20180401,2018,4,201804,97,EUR,European Union,M,Import,156,CHN,China,0,W00,World,H5,HS,True,8414,"Air or vacuum pumps, air or other gas compressors and fans; ventilating or recycling hoods incorporating a fan whether or not fitted with filters",4,False,C00,TOTAL CPC,0,0,TOTAL MOT,-1,N/A,0.0,True,-1,N/A,0.0,False,41597061.216,True,0.0,False,238745188.15,,238745188.15,6,False,True
C,M,20180401,2018,4,201804,97,EUR,European Union,M,Import,156,CHN,China,0,W00,World,H5,HS,True,8415,"Air conditioning machines; comprising a motor driven fan and elements for changing the temperature and humidity, including those machines in which the humidity cannot be separately regulated",4,False,C00,TOTAL CPC,0,0,TOTAL MOT,-1,N/A,0.0,True,-1,N/A,0.0,False,37936121.0,False,0.0,False,287188871.131,,287188871.131,2,False,True
C,M,20180401,2018,4,201804,97,EUR,European Union,M,Import,156,CHN,China,0,W00,World,H5,HS,True,8418,"Refrigerators, freezers and other refrigerating or freezing equipment, electric or other; heat pumps other than air conditioning machines of heading no. 8415",4,False,C00,TOTAL CPC,0,0,TOTAL MOT,-1,N/A,0.0,True,-1,N/A,0.0,False,44568225.0,False,0.0,False,199374703.664,,199374703.664,2,False,True
C,M,20180401,2018,4,201804,97,EUR,European Union,M,Import,156,CHN,China,0,W00,World,H5,HS,True,8450,Household or laundry-type washing machines; including machines which both wash and dry,4,False,C00,TOTAL CPC,0,0,TOTAL MOT,-1,N/A,0.0,False,-1,N/A,0.0,False,19640010.0,False,0.0,False,65394089.679,,65394089.679,0,False,True
C,M,20180401,2018,4,201804,97,EUR,European Union,M,Import,156,CHN,China,0,W00,World,H5,HS,True,8508,Vacuum cleaners,4,False,C00,TOTAL CPC,0,0,TOTAL MOT,-1,N/A,0.0,False,-1,N/A,0.0,False,11533356.0,False,0.0,False,127060024.184,,127060024.184,0,False,True
C,M,20180401,2018,4,201804,97,EUR,European Union,M,Import,156,CHN,China,0,W00,World,H5,HS,True,8509,"Electro-mechanical domestic appliances; with self-contained electric motor, other than vacuum cleaners of heading 85.08.",4,False,C00,TOTAL CPC,0,0,TOTAL MOT,-1,N/A,0.0,True,-1,N/A,0.0,False,10998190.0,False,0.0,False,114154321.966,,114154321.966,2,False,True
C,M,20180401,2018,4,201804,97,EUR,European Union,M,Import,156,CHN,China,0,W00,World,H5,HS,True,8516,"Electric water, space, soil heaters; electro-thermic hair-dressing apparatus; hand dryers, irons; electro-thermic appliances for domestic purposes; electro heating resistors, not of heading no. 8545",4,False,C00,TOTAL CPC,0,0,TOTAL MOT,-1,N/A,0.0,True,-1,N/A,0.0,False,44402904.0,False,0.0,False,306465874.839,,306465874.839,2,False,True
C,M,20180401,2018,4,201804,97,EUR,European Union,M,Import,156,CHN,China,0,W00,World,H5,HS,True,9401,"Seats (not those of heading no. 9402), whether or not convertible into beds and parts thereof",4,False,C00,TOTAL CPC,0,0,TOTAL MOT,-1,N/A,0.0,True,-1,N/A,0.0,False,101779580.0,False,0.0,False,435396888.166,,435396888.166,2,False,True
C,M,20180401,2018,4,201804,97,EUR,European Union,M,Import,156,CHN,China,0,W00,World,H5,HS,True,9403,"Furniture and parts thereof, n.e.c. in chapter 94",4,False,C00,TOTAL CPC,0,0,TOTAL MOT,-1,N/A,0.0,True,-1,N/A,0.0,False,115878639.0,False,0.0,False,334087697.155,,334087697.155,2,False,True
C,M,20180401,2018,4,201804,97,EUR,European Union,M,Import,156,CHN,China,0,W00,World,H5,HS,True,9405,"Lamps, light fittings; including searchlights, spotlights and parts thereof, n.e.c.; illuminated signs, name-plates and the like, having permanently fixed light source and parts thereof n.e.c. or included",4,False,C00,TOTAL CPC,0,0,TOTAL MOT,8,kg,40543304.615,True,-1,N/A,0.0,False,40543304.615,True,0.0,False,426147192.079,,426147192.079,6,False,True
C,M,20180401,2018,4,201804,97,EUR,European Union,M,Import,156,CHN,China,0,W00,World,H5,HS,True,9503,"Tricycles, scooters, pedal cars and similar wheeled toys; dolls' carriages; dolls; other toys; reduced-size (scale) models and similar recreational models, working or not; puzzles of all kinds",4,False,C00,TOTAL CPC,0,0,TOTAL MOT,8,kg,37473468.261,True,-1,N/A,0.0,False,37473468.261,True,0.0,False,329152155.6,,329152155.6,6,False,True
C,M,20180501,2018,5,201805,97,EUR,European Union,M,Import,156,CHN,China,0,W00,World,H5,HS,True,3923,"Plastic articles for the conveyance or packing of goods; stoppers, lids, caps and other closures of plastics",4,False,C00,TOTAL CPC,0,0,TOTAL MOT,8,kg,28045887.835,True,-1,N/A,0.0,False,28045887.835,True,0.0,False,135951253.54,,135951253.54,6,False,True
C,M,20180501,2018,5,201805,97,EUR,European Union,M,Import,156,CHN,China,0,W00,World,H5,HS,True,3924,"Tableware, kitchenware, other household articles and hygienic or toilet articles, of plastics",4,False,C00,TOTAL CPC,0,0,TOTAL MOT,8,kg,22547089.0,False,8,kg,22547089.0,False,22547089.0,False,0.0,False,105234119.956,,105234119.956,0,False,True
C,M,20180501,2018,5,201805,97,EUR,European Union,M,Import,156,CHN,China,0,W00,World,H5,HS,True,3926,"Articles of plastics and articles of other materials of heading no. 3901 to 3914, n.e.c. in chapter 39",4,False,C00,TOTAL CPC,0,0,TOTAL MOT,8,kg,73906952.723,True,-1,N/A,0.0,False,73906952.723,True,0.0,False,395800124.077,,395800124.077,6,False,True
C,M,20180501,2018,5,201805,97,EUR,European Union,M,Import,156,CHN,China,0,W00,World,H5,HS,True,8414,"Air or vacuum pumps, air or other gas compressors and fans; ventilating or recycling hoods incorporating a fan whether or not fitted with filters",4,False,C00,TOTAL CPC,0,0,TOTAL MOT,-1,N/A,0.0,True,-1,N/A,0.0,False,51555776.962,True,0.0,False,272457307.443,,272457307.443,6,False,True
C,M,20180501,2018,5,201805,97,EUR,European Union,M,Import,156,CHN,China,0,W00,World,H5,HS,True,8415,"Air conditioning machines; comprising a motor driven fan and elements for changing the temperature and humidity, including those machines in which the humidity cannot be separately regulated",4,False,C00,TOTAL CPC,0,0,TOTAL MOT,-1,N/A,0.0,True,-1,N/A,0.0,False,45015723.0,False,0.0,False,323494904.537,,323494904.537,2,False,True
C,M,20180501,2018,5,201805,97,EUR,European Union,M,Import,156,CHN,China,0,W00,World,H5,HS,True,8418,"Refrigerators, freezers and other refrigerating or freezing equipment, electric or other; heat pumps other than air conditioning machines of heading no. 8415",4,False,C00,TOTAL CPC,0,0,TOTAL MOT,-1,N/A,0.0,True,-1,N/A,0.0,False,59885126.0,False,0.0,False,248349003.147,,248349003.147,2,False,True
C,M,20180501,2018,5,201805,97,EUR,European Union,M,Import,156,CHN,China,0,W00,World,H5,HS,True,8450,Household or laundry-type washing machines; including machines which both wash and dry,4,False,C00,TOTAL CPC,0,0,TOTAL MOT,-1,N/A,0.0,False,-1,N/A,0.0,False,22386833.0,False,0.0,False,71074558.814,,71074558.814,0,False,True
C,M,20180501,2018,5,201805,97,EUR,European Union,M,Import,156,CHN,China,0,W00,World,H5,HS,True,8508,Vacuum cleaners,4,False,C00,TOTAL CPC,0,0,TOTAL MOT,-1,N/A,0.0,False,-1,N/A,0.0,False,16397015.0,False,0.0,False,144974080.943,,144974080.943,0,False,True
C,M,20180501,2018,5,201805,97,EUR,European Union,M,Import,156,CHN,China,0,W00,World,H5,HS,True,8509,"Electro-mechanical domestic appliances; with self-contained electric motor, other than vacuum cleaners of heading 85.08.",4,False,C00,TOTAL CPC,0,0,TOTAL MOT,-1,N/A,0.0,True,-1,N/A,0.0,False,14326602.404,True,0.0,False,128471832.19,,128471832.19,6,False,True
C,M,20180501,2018,5,201805,97,EUR,European Union,M,Import,156,CHN,China,0,W00,World,H5,HS,True,8516,"Electric water, space, soil heaters; electro-thermic hair-dressing apparatus; hand dryers, irons; electro-thermic appliances for domestic purposes; electro heating resistors, not of heading no. 8545",4,False,C00,TOTAL CPC,0,0,TOTAL MOT,-1,N/A,0.0,True,-1,N/A,0.0,False,61250390.608,True,0.0,False,376646310.82,,376646310.82,6,False,True
C,M,20180501,2018,5,201805,97,EUR,European Union,M,Import,156,CHN,China,0,W00,World,H5,HS,True,9401,"Seats (not those of heading no. 9402), whether or not convertible into beds and parts thereof",4,False,C00,TOTAL CPC,0,0,TOTAL MOT,-1,N/A,0.0,True,-1,N/A,0.0,False,134617641.246,True,0.0,False,530410789.916,,530410789.916,6,False,True
C,M,20180501,2018,5,201805,97,EUR,European Union,M,Import,156,CHN,China,0,W00,World,H5,HS,True,9403,"Furniture and parts thereof, n.e.c. in chapter 94",4,False,C00,TOTAL CPC,0,0,TOTAL MOT,-1,N/A,0.0,True,-1,N/A,0.0,False,155007018.0,False,0.0,False,417268203.611,,417268203.611,2,False,True
C,M,20180501,2018,5,201805,97,EUR,European Union,M,Import,156,CHN,China,0,W00,World,H5,HS,True,9405,"Lamps, light fittings; including searchlights, spotlights and parts thereof, n.e.c.; illuminated signs, name-plates and the like, having permanently fixed light source and parts thereof n.e.c. or included",4,False,C00,TOTAL CPC,0,0,TOTAL MOT,8,kg,56778124.896,True,-1,N/A,0.0,False,56778124.896,True,0.0,False,546351657.714,,546351657.714,6,False,True
C,M,20180501,2018,5,201805,97,EUR,European Union,M,Import,156,CHN,China,0,W00,World,H5,HS,True,9503,"Tricycles, scooters, pedal cars and similar wheeled toys; dolls' carriages; dolls; other toys; reduced-size (scale) models and similar recreational models, working or not; puzzles of all kinds",4,False,C00,TOTAL CPC,0,0,TOTAL MOT,8,kg,50939167.162,True,-1,N/A,0.0,False,50939167.162,True,0.0,False,428893594.844,,428893594.844,6,False,True
C,M,20180601,2018,6,201806,97,EUR,European Union,M,Import,156,CHN,China,0,W00,World,H5,HS,True,3923,"Plastic articles for the conveyance or packing of goods; stoppers, lids, caps and other closures of plastics",4,False,C00,TOTAL CPC,0,0,TOTAL MOT,8,kg,28361934.897,True,-1,N/A,0.0,False,28361934.897,True,0.0,False,139135715.793,,139135715.793,6,False,True
C,M,20180601,2018,6,201806,97,EUR,European Union,M,Import,156,CHN,China,0,W00,World,H5,HS,True,3924,"Tableware, kitchenware, other household articles and hygienic or toilet articles, of plastics",4,False,C00,TOTAL CPC,0,0,TOTAL MOT,8,kg,24391550.0,False,8,kg,24391550.0,False,24391550.0,False,0.0,False,126780209.93,,126780209.93,0,False,True
C,M,20180601,2018,6,201806,97,EUR,European Union,M,Import,156,CHN,China,0,W00,World,H5,HS,True,3926,"Articles of plastics and articles of other materials of heading no. 3901 to 3914, n.e.c. in chapter 39",4,False,C00,TOTAL CPC,0,0,TOTAL MOT,8,kg,73345578.0,False,8,kg,73345578.0,False,73345578.0,False,0.0,False,405055282.807,,405055282.807,0,False,True
C,M,20180601,2018,6,201806,97,EUR,European Union,M,Import,156,CHN,China,0,W00,World,H5,HS,True,8414,"Air or vacuum pumps, air or other gas compressors and fans; ventilating or recycling hoods incorporating a fan whether or not fitted with filters",4,False,C00,TOTAL CPC,0,0,TOTAL MOT,-1,N/A,0.0,True,-1,N/A,0.0,False,44875023.632,True,0.0,False,253526026.129,,253526026.129,6,False,True
C,M,20180601,2018,6,201806,97,EUR,European Union,M,Import,156,CHN,China,0,W00,World,H5,HS,True,8415,"Air conditioning machines; comprising a motor driven fan and elements for changing the temperature and humidity, including those machines in which the humidity cannot be separately regulated",4,False,C00,TOTAL CPC,0,0,TOTAL MOT,-1,N/A,0.0,True,-1,N/A,0.0,False,39098893.0,False,0.0,False,288273595.013,,288273595.013,2,False,True
C,M,20180601,2018,6,201806,97,EUR,European Union,M,Import,156,CHN,China,0,W00,World,H5,HS,True,8418,"Refrigerators, freezers and other refrigerating or freezing equipment, electric or other; heat pumps other than air conditioning machines of heading no. 8415",4,False,C00,TOTAL CPC,0,0,TOTAL MOT,-1,N/A,0.0,True,-1,N/A,0.0,False,57675532.881,True,0.0,False,238513319.237,,238513319.237,6,False,True
C,M,20180601,2018,6,201806,97,EUR,European Union,M,Import,156,CHN,China,0,W00,World,H5,HS,True,8450,Household or laundry-type washing machines; including machines which both wash and dry,4,False,C00,TOTAL CPC,0,0,TOTAL MOT,-1,N/A,0.0,False,-1,N/A,0.0,False,21091065.0,False,0.0,False,63852433.285,,63852433.285,0,False,True
C,M,20180601,2018,6,201806,97,EUR,European Union,M,Import,156,CHN,China,0,W00,World,H5,HS,True,8508,Vacuum cleaners,4,False,C00,TOTAL CPC,0,0,TOTAL MOT,-1,N/A,0.0,False,-1,N/A,0.0,False,15202905.609,True,0.0,False,140947990.205,,140947990.205,4,False,True
C,M,20180601,2018,6,201806,97,EUR,European Union,M,Import,156,CHN,China,0,W00,World,H5,HS,True,8509,"Electro-mechanical domestic appliances; with self-contained electric motor, other than vacuum cleaners of heading 85.08.",4,False,C00,TOTAL CPC,0,0,TOTAL MOT,-1,N/A,0.0,True,-1,N/A,0.0,False,14003586.0,False,0.0,False,137258334.913,,137258334.913,2,False,True
C,M,20180601,2018,6,201806,97,EUR,European Union,M,Import,156,CHN,China,0,W00,World,H5,HS,True,8516,"Electric water, space, soil heaters; electro-thermic hair-dressing apparatus; hand dryers, irons; electro-thermic appliances for domestic purposes; electro heating resistors, not of heading no. 8545",4,False,C00,TOTAL CPC,0,0,TOTAL MOT,-1,N/A,0.0,True,-1,N/A,0.0,False,63870863.127,True,0.0,False,389629338.455,,389629338.455,6,False,True
C,M,20180601,2018,6,201806,97,EUR,European Union,M,Import,156,CHN,China,0,W00,World,H5,HS,True,9401,"Seats (not those of heading no. 9402), whether or not convertible into beds and parts thereof",4,False,C00,TOTAL CPC,0,0,TOTAL MOT,-1,N/A,0.0,True,-1,N/A,0.0,False,119362764.0,False,0.0,False,499484927.91,,499484927.91,2,False,True
C,M,20180601,2018,6,201806,97,EUR,European Union,M,Import,156,CHN,China,0,W00,World,H5,HS,True,9403,"Furniture and parts thereof, n.e.c. in chapter 94",4,False,C00,TOTAL CPC,0,0,TOTAL MOT,-1,N/A,0.0,True,-1,N/A,0.0,False,159991144.0,False,0.0,False,437376570.161,,437376570.161,2,False,True
C,M,20180601,2018,6,201806,97,EUR,European Union,M,Import,156,CHN,China,0,W00,World,H5,HS,True,9405,"Lamps, light fittings; including searchlights, spotlights and parts thereof, n.e.c.; illuminated signs, name-plates and the like, having permanently fixed light source and parts thereof n.e.c. or included",4,False,C00,TOTAL CPC,0,0,TOTAL MOT,8,kg,58758115.407,True,-1,N/A,0.0,False,58758115.407,True,0.0,False,595536458.6,,595536458.6,6,False,True
C,M,20180601,2018,6,201806,97,EUR,European Union,M,Import,156,CHN,China,0,W00,World,H5,HS,True,9503,"Tricycles, scooters, pedal cars and similar wheeled toys; dolls' carriages; dolls; other toys; reduced-size (scale) models and similar recreational models, working or not; puzzles of all kinds",4,False,C00,TOTAL CPC,0,0,TOTAL MOT,8,kg,49449025.467,True,-1,N/A,0.0,False,49449025.467,True,0.0,False,447592603.952,,447592603.952,6,False,True
C,M,20180701,2018,7,201807,97,EUR,European Union,M,Import,156,CHN,China,0,W00,World,H5,HS,True,3923,"Plastic articles for the conveyance or packing of goods; stoppers, lids, caps and other closures of plastics",4,False,C00,TOTAL CPC,0,0,TOTAL MOT,8,kg,28133885.046,True,-1,N/A,0.0,False,28133885.046,True,0.0,False,146147433.836,,146147433.836,6,False,True
C,M,20180701,2018,7,201807,97,EUR,European Union,M,Import,156,CHN,China,0,W00,World,H5,HS,True,3924,"Tableware, kitchenware, other household articles and hygienic or toilet articles, of plastics",4,False,C00,TOTAL CPC,0,0,TOTAL MOT,8,kg,25282579.0,False,8,kg,25282579.0,False,25282579.0,False,0.0,False,129222781.903,,129222781.903,0,False,True
C,M,20180701,2018,7,201807,97,EUR,European Union,M,Import,156,CHN,China,0,W00,World,H5,HS,True,3926,"Articles of plastics and articles of other materials of heading no. 3901 to 3914, n.e.c. in chapter 39",4,False,C00,TOTAL CPC,0,0,TOTAL MOT,8,kg,74390440.785,True,-1,N/A,0.0,False,74390440.785,True,0.0,False,441138596.735,,441138596.735,6,False,True
C,M,20180701,2018,7,201807,97,EUR,European Union,M,Import,156,CHN,China,0,W00,World,H5,HS,True,8414,"Air or vacuum pumps, air or other gas compressors and fans; ventilating or recycling hoods incorporating a fan whether or not fitted with filters",4,False,C00,TOTAL CPC,0,0,TOTAL MOT,-1,N/A,0.0,False,-1,N/A,0.0,False,43920604.307,True,0.0,False,239774490.04,,239774490.04,4,False,True
C,M,20180701,2018,7,201807,97,EUR,European Union,M,Import,156,CHN,China,0,W00,World,H5,HS,True,8415,"Air conditioning machines; comprising a motor driven fan and elements for changing the temperature and humidity, including those machines in which the humidity cannot be separately regulated",4,False,C00,TOTAL CPC,0,0,TOTAL MOT,-1,N/A,0.0,True,-1,N/A,0.0,False,27470458.645,True,0.0,False,221460286.784,,221460286.784,6,False,True
C,M,20180701,2018,7,201807,97,EUR,European Union,M,Import,156,CHN,China,0,W00,World,H5,HS,True,8418,"Refrigerators, freezers and other refrigerating or freezing equipment, electric or other; heat pumps other than air conditioning machines of heading no. 8415",4,False,C00,TOTAL CPC,0,0,TOTAL MOT,-1,N/A,0.0,True,-1,N/A,0.0,False,63411452.0,False,0.0,False,261271876.8,,261271876.8,2,False,True
C,M,20180701,2018,7,201807,97,EUR,European Union,M,Import,156,CHN,China,0,W00,World,H5,HS,True,8450,Household or laundry-type washing machines; including machines which both wash and dry,4,False,C00,TOTAL CPC,0,0,TOTAL MOT,-1,N/A,0.0,True,-1,N/A,0.0,False,22844518.798,True,0.0,False,71751175.661,,71751175.661,6,False,True
C,M,20180701,2018,7,201807,97,EUR,European Union,M,Import,156,CHN,China,0,W00,World,H5,HS,True,8508,Vacuum cleaners,4,False,C00,TOTAL CPC,0,0,TOTAL MOT,-1,N/A,0.0,True,-1,N/A,0.0,False,17701466.049,True,0.0,False,162086895.762,,162086895.762,6,False,True
C,M,20180701,2018,7,201807,97,EUR,European Union,M,Import,156,CHN,China,0,W00,World,H5,HS,True,8509,"Electro-mechanical domestic appliances; with self-contained electric motor, other than vacuum cleaners of heading 85.08.",4,False,C00,TOTAL CPC,0,0,TOTAL MOT,-1,N/A,0.0,True,-1,N/A,0.0,False,14602820.0,False,0.0,False,141482829.306,,141482829.306,2,False,True
C,M,20180701,2018,7,201807,97,EUR,European Union,M,Import,156,CHN,China,0,W00,World,H5,HS,True,8516,"Electric water, space, soil heaters; electro-thermic hair-dressing apparatus; hand dryers, irons; electro-thermic appliances for domestic purposes; electro heating resistors, not of heading no. 8545",4,False,C00,TOTAL CPC,0,0,TOTAL MOT,-1,N/A,0.0,True,-1,N/A,0.0,False,77932990.226,True,0.0,False,473051114.723,,473051114.723,6,False,True
C,M,20180701,2018,7,201807,97,EUR,European Union,M,Import,156,CHN,China,0,W00,World,H5,HS,True,9401,"Seats (not those of heading no. 9402), whether or not convertible into beds and parts thereof",4,False,C00,TOTAL CPC,0,0,TOTAL MOT,-1,N/A,0.0,True,-1,N/A,0.0,False,118670231.016,True,0.0,False,500313394.618,,500313394.618,6,False,True
C,M,20180701,2018,7,201807,97,EUR,European Union,M,Import,156,CHN,China,0,W00,World,H5,HS,True,9403,"Furniture and parts thereof, n.e.c. in chapter 94",4,False,C00,TOTAL CPC,0,0,TOTAL MOT,-1,N/A,0.0,True,-1,N/A,0.0,False,166070303.0,False,0.0,False,457333595.193,,457333595.193,2,False,True
C,M,20180701,2018,7,201807,97,EUR,European Union,M,Import,156,CHN,China,0,W00,World,H5,HS,True,9405,"Lamps, light fittings; including searchlights, spotlights and parts thereof, n.e.c.; illuminated signs, name-plates and the like, having permanently fixed light source and parts thereof n.e.c. or included",4,False,C00,TOTAL CPC,0,0,TOTAL MOT,8,kg,67547293.091,True,-1,N/A,0.0,False,67547293.091,True,0.0,False,693479009.33,,693479009.33,6,False,True
C,M,20180701,2018,7,201807,97,EUR,European Union,M,Import,156,CHN,China,0,W00,World,H5,HS,True,9503,"Tricycles, scooters, pedal cars and similar wheeled toys; dolls' carriages; dolls; other toys; reduced-size (scale) models and similar recreational models, working or not; puzzles of all kinds",4,False,C00,TOTAL CPC,0,0,TOTAL MOT,8,kg,59472571.322,True,-1,N/A,0.0,False,59472571.322,True,0.0,False,567587358.115,,567587358.115,6,False,True
C,M,20180801,2018,8,201808,97,EUR,European Union,M,Import,156,CHN,China,0,W00,World,H5,HS,True,3923,"Plastic articles for the conveyance or packing of goods; stoppers, lids, caps and other closures of plastics",4,False,C00,TOTAL CPC,0,0,TOTAL MOT,8,kg,27238964.691,True,-1,N/A,0.0,False,27238964.691,True,0.0,False,138876807.589,,138876807.589,6,False,True
C,M,20180801,2018,8,201808,97,EUR,European Union,M,Import,156,CHN,China,0,W00,World,H5,HS,True,3924,"Tableware, kitchenware, other household articles and hygienic or toilet articles, of plastics",4,False,C00,TOTAL CPC,0,0,TOTAL MOT,8,kg,23149394.0,False,8,kg,23149394.0,False,23149394.0,False,0.0,False,119332590.353,,119332590.353,0,False,True
C,M,20180801,2018,8,201808,97,EUR,European Union,M,Import,156,CHN,China,0,W00,World,H5,HS,True,3926,"Articles of plastics and articles of other materials of heading no. 3901 to 3914, n.e.c. in chapter 39",4,False,C00,TOTAL CPC,0,0,TOTAL MOT,8,kg,71096649.558,True,-1,N/A,0.0,False,71096649.558,True,0.0,False,414246689.706,,414246689.706,6,False,True
C,M,20180801,2018,8,201808,97,EUR,European Union,M,Import,156,CHN,China,0,W00,World,H5,HS,True,8414,"Air or vacuum pumps, air or other gas compressors and fans; ventilating or recycling hoods incorporating a fan whether or not fitted with filters",4,False,C00,TOTAL CPC,0,0,TOTAL MOT,-1,N/A,0.0,True,-1,N/A,0.0,False,35284850.569,True,0.0,False,208626242.2,,208626242.2,6,False,True
C,M,20180801,2018,8,201808,97,EUR,European Union,M,Import,156,CHN,China,0,W00,World,H5,HS,True,8415,"Air conditioning machines; comprising a motor driven fan and elements for changing the temperature and humidity, including those machines in which the humidity cannot be separately regulated",4,False,C00,TOTAL CPC,0,0,TOTAL MOT,-1,N/A,0.0,True,-1,N/A,0.0,False,15872083.39,True,0.0,False,140258630.259,,140258630.259,6,False,True
C,M,20180801,2018,8,201808,97,EUR,European Union,M,Import,156,CHN,China,0,W00,World,H5,HS,True,8418,"Refrigerators, freezers and other refrigerating or freezing equipment, electric or other; heat pumps other than air conditioning machines of heading no. 8415",4,False,C00,TOTAL CPC,0,0,TOTAL MOT,-1,N/A,0.0,True,-1,N/A,0.0,False,54462076.0,False,0.0,False,223089517.582,,223089517.582,2,False,True
C,M,20180801,2018,8,201808,97,EUR,European Union,M,Import,156,CHN,China,0,W00,World,H5,HS,True,8450,Household or laundry-type washing machines; including machines which both wash and dry,4,False,C00,TOTAL CPC,0,0,TOTAL MOT,-1,N/A,0.0,True,-1,N/A,0.0,False,19887263.171,True,0.0,False,62463434.81,,62463434.81,6,False,True
C,M,20180801,2018,8,201808,97,EUR,European Union,M,Import,156,CHN,China,0,W00,World,H5,HS,True,8508,Vacuum cleaners,4,False,C00,TOTAL CPC,0,0,TOTAL MOT,-1,N/A,0.0,False,-1,N/A,0.0,False,19100010.0,False,0.0,False,166613314.248,,166613314.248,0,False,True
C,M,20180801,2018,8,201808,97,EUR,European Union,M,Import,156,CHN,China,0,W00,World,H5,HS,True,8509,"Electro-mechanical domestic appliances; with self-contained electric motor, other than vacuum cleaners of heading 85.08.",4,False,C00,TOTAL CPC,0,0,TOTAL MOT,-1,N/A,0.0,True,-1,N/A,0.0,False,15855793.525,True,0.0,False,161633540.129,,161633540.129,6,False,True
C,M,20180801,2018,8,201808,97,EUR,European Union,M,Import,156,CHN,China,0,W00,World,H5,HS,True,8516,"Electric water, space, soil heaters; electro-thermic hair-dressing apparatus; hand dryers, irons; electro-thermic appliances for domestic purposes; electro heating resistors, not of heading no. 8545",4,False,C00,TOTAL CPC,0,0,TOTAL MOT,-1,N/A,0.0,True,-1,N/A,0.0,False,83849257.304,True,0.0,False,501490294.903,,501490294.903,6,False,True
C,M,20180801,2018,8,201808,97,EUR,European Union,M,Import,156,CHN,China,0,W00,World,H5,HS,True,9401,"Seats (not those of heading no. 9402), whether or not convertible into beds and parts thereof",4,False,C00,TOTAL CPC,0,0,TOTAL MOT,-1,N/A,0.0,True,-1,N/A,0.0,False,96358748.0,False,0.0,False,404764745.244,,404764745.244,2,False,True
C,M,20180801,2018,8,201808,97,EUR,European Union,M,Import,156,CHN,China,0,W00,World,H5,HS,True,9403,"Furniture and parts thereof, n.e.c. in chapter 94",4,False,C00,TOTAL CPC,0,0,TOTAL MOT,-1,N/A,0.0,True,-1,N/A,0.0,False,151502137.486,True,0.0,False,404836347.641,,404836347.641,6,False,True
C,M,20180801,2018,8,201808,97,EUR,European Union,M,Import,156,CHN,China,0,W00,World,H5,HS,True,9405,"Lamps, light fittings; including searchlights, spotlights and parts thereof, n.e.c.; illuminated signs, name-plates and the like, having permanently fixed light source and parts thereof n.e.c. or included",4,False,C00,TOTAL CPC,0,0,TOTAL MOT,8,kg,74258712.451,True,-1,N/A,0.0,False,74258712.451,True,0.0,False,735580247.7,,735580247.7,6,False,True
C,M,20180801,2018,8,201808,97,EUR,European Union,M,Import,156,CHN,China,0,W00,World,H5,HS,True,9503,"Tricycles, scooters, pedal cars and similar wheeled toys; dolls' carriages; dolls; other toys; reduced-size (scale) models and similar recreational models, working or not; puzzles of all kinds",4,False,C00,TOTAL CPC,0,0,TOTAL MOT,8,kg,77011473.483,True,-1,N/A,0.0,False,77011473.483,True,0.0,False,739474723.317,,739474723.317,6,False,True
C,M,20180901,2018,9,201809,97,EUR,European Union,M,Import,156,CHN,China,0,W00,World,H5,HS,True,3923,"Plastic articles for the conveyance or packing of goods; stoppers, lids, caps and other closures of plastics",4,False,C00,TOTAL CPC,0,0,TOTAL MOT,8,kg,25089268.0,False,-1,N/A,0.0,False,25089268.0,False,0.0,False,131475312.629,,131475312.629,0,False,True
C,M,20180901,2018,9,201809,97,EUR,European Union,M,Import,156,CHN,China,0,W00,World,H5,HS,True,3924,"Tableware, kitchenware, other household articles and hygienic or toilet articles, of plastics",4,False,C00,TOTAL CPC,0,0,TOTAL MOT,8,kg,20590190.0,False,8,kg,20590190.0,False,20590190.0,False,0.0,False,109273967.336,,109273967.336,0,False,True
C,M,20180901,2018,9,201809,97,EUR,European Union,M,Import,156,CHN,China,0,W00,World,H5,HS,True,3926,"Articles of plastics and articles of other materials of heading no. 3901 to 3914, n.e.c. in chapter 39",4,False,C00,TOTAL CPC,0,0,TOTAL MOT,8,kg,60707787.472,True,-1,N/A,0.0,False,60707787.472,True,0.0,False,399709180.388,,399709180.388,6,False,True
C,M,20180901,2018,9,201809,97,EUR,European Union,M,Import,156,CHN,China,0,W00,World,H5,HS,True,8414,"Air or vacuum pumps, air or other gas compressors and fans; ventilating or recycling hoods incorporating a fan whether or not fitted with filters",4,False,C00,TOTAL CPC,0,0,TOTAL MOT,-1,N/A,0.0,True,-1,N/A,0.0,False,29773252.096,True,0.0,False,181284377.911,,181284377.911,6,False,True
C,M,20180901,2018,9,201809,97,EUR,European Union,M,Import,156,CHN,China,0,W00,World,H5,HS,True,8415,"Air conditioning machines; comprising a motor driven fan and elements for changing the temperature and humidity, including those machines in which the humidity cannot be separately regulated",4,False,C00,TOTAL CPC,0,0,TOTAL MOT,-1,N/A,0.0,True,-1,N/A,0.0,False,11894427.0,False,0.0,False,108342370.751,,108342370.751,2,False,True
C,M,20180901,2018,9,201809,97,EUR,European Union,M,Import,156,CHN,China,0,W00,World,H5,HS,True,8418,"Refrigerators, freezers and other refrigerating or freezing equipment, electric or other; heat pumps other than air conditioning machines of heading no. 8415",4,False,C00,TOTAL CPC,0,0,TOTAL MOT,-1,N/A,0.0,True,-1,N/A,0.0,False,47289978.784,True,0.0,False,194146643.986,,194146643.986,6,False,True
C,M,20180901,2018,9,201809,97,EUR,European Union,M,Import,156,CHN,China,0,W00,World,H5,HS,True,8450,Household or laundry-type washing machines; including machines which both wash and dry,4,False,C00,TOTAL CPC,0,0,TOTAL MOT,-1,N/A,0.0,False,-1,N/A,0.0,False,20408099.392,True,0.0,False,65870056.592,,65870056.592,4,False,True
C,M,20180901,2018,9,201809,97,EUR,European Union,M,Import,156,CHN,China,0,W00,World,H5,HS,True,8508,Vacuum cleaners,4,False,C00,TOTAL CPC,0,0,TOTAL MOT,-1,N/A,0.0,True,-1,N/A,0.0,False,17206628.483,True,0.0,False,156846129.147,,156846129.147,6,False,True
C,M,20180901,2018,9,201809,97,EUR,European Union,M,Import,156,CHN,China,0,W00,World,H5,HS,True,8509,"Electro-mechanical domestic appliances; with self-contained electric motor, other than vacuum cleaners of heading 85.08.",4,False,C00,TOTAL CPC,0,0,TOTAL MOT,-1,N/A,0.0,True,-1,N/A,0.0,False,14849960.0,False,0.0,False,174719913.066,,174719913.066,2,False,True
C,M,20180901,2018,9,201809,97,EUR,European Union,M,Import,156,CHN,China,0,W00,World,H5,HS,True,8516,"Electric water, space, soil heaters; electro-thermic hair-dressing apparatus; hand dryers, irons; electro-thermic appliances for domestic purposes; electro heating resistors, not of heading no. 8545",4,False,C00,TOTAL CPC,0,0,TOTAL MOT,-1,N/A,0.0,True,-1,N/A,0.0,False,89870926.675,True,0.0,False,555148372.596,,555148372.596,6,False,True
C,M,20180901,2018,9,201809,97,EUR,European Union,M,Import,156,CHN,China,0,W00,World,H5,HS,True,9401,"Seats (not those of heading no. 9402), whether or not convertible into beds and parts thereof",4,False,C00,TOTAL CPC,0,0,TOTAL MOT,-1,N/A,0.0,True,-1,N/A,0.0,False,85164110.0,False,0.0,False,361500044.765,,361500044.765,2,False,True
C,M,20180901,2018,9,201809,97,EUR,European Union,M,Import,156,CHN,China,0,W00,World,H5,HS,True,9403,"Furniture and parts thereof, n.e.c. in chapter 94",4,False,C00,TOTAL CPC,0,0,TOTAL MOT,-1,N/A,0.0,True,-1,N/A,0.0,False,126476993.579,True,0.0,False,339993793.498,,339993793.498,6,False,True
C,M,20180901,2018,9,201809,97,EUR,European Union,M,Import,156,CHN,China,0,W00,World,H5,HS,True,9405,"Lamps, light fittings; including searchlights, spotlights and parts thereof, n.e.c.; illuminated signs, name-plates and the like, having permanently fixed light source and parts thereof n.e.c. or included",4,False,C00,TOTAL CPC,0,0,TOTAL MOT,8,kg,78760870.713,True,-1,N/A,0.0,False,78760870.713,True,0.0,False,788987016.429,,788987016.429,6,False,True
C,M,20180901,2018,9,201809,97,EUR,European Union,M,Import,156,CHN,China,0,W00,World,H5,HS,True,9503,"Tricycles, scooters, pedal cars and similar wheeled toys; dolls' carriages; dolls; other toys; reduced-size (scale) models and similar recreational models, working or not; puzzles of all kinds",4,False,C00,TOTAL CPC,0,0,TOTAL MOT,8,kg,98091436.942,True,-1,N/A,0.0,False,98091436.942,True,0.0,False,916463928.926,,916463928.926,6,False,True
C,M,20181001,2018,10,201810,97,EUR,European Union,M,Import,156,CHN,China,0,W00,World,H5,HS,True,3923,"Plastic articles for the conveyance or packing of goods; stoppers, lids, caps and other closures of plastics",4,False,C00,TOTAL CPC,0,0,TOTAL MOT,8,kg,29794981.056,True,-1,N/A,0.0,False,29794981.056,True,0.0,False,149345066.893,,149345066.893,6,False,True
C,M,20181001,2018,10,201810,97,EUR,European Union,M,Import,156,CHN,China,0,W00,World,H5,HS,True,3924,"Tableware, kitchenware, other household articles and hygienic or toilet articles, of plastics",4,False,C00,TOTAL CPC,0,0,TOTAL MOT,8,kg,23127787.872,True,-1,N/A,0.0,False,23127787.872,True,0.0,False,117335447.657,,117335447.657,6,False,True
C,M,20181001,2018,10,201810,97,EUR,European Union,M,Import,156,CHN,China,0,W00,World,H5,HS,True,3926,"Articles of plastics and articles of other materials of heading no. 3901 to 3914, n.e.c. in chapter 39",4,False,C00,TOTAL CPC,0,0,TOTAL MOT,8,kg,70731392.563,True,-1,N/A,0.0,False,70731392.563,True,0.0,False,448351157.135,,448351157.135,6,False,True
C,M,20181001,2018,10,201810,97,EUR,European Union,M,Import,156,CHN,China,0,W00,World,H5,HS,True,8414,"Air or vacuum pumps, air or other gas compressors and fans; ventilating or recycling hoods incorporating a fan whether or not fitted with filters",4,False,C00,TOTAL CPC,0,0,TOTAL MOT,-1,N/A,0.0,True,-1,N/A,0.0,False,35500246.976,True,0.0,False,226529710.489,,226529710.489,6,False,True
C,M,20181001,2018,10,201810,97,EUR,European Union,M,Import,156,CHN,China,0,W00,World,H5,HS,True,8415,"Air conditioning machines; comprising a motor driven fan and elements for changing the temperature and humidity, including those machines in which the humidity cannot be separately regulated",4,False,C00,TOTAL CPC,0,0,TOTAL MOT,-1,N/A,0.0,True,-1,N/A,0.0,False,12255621.0,False,0.0,False,113206989.303,,113206989.303,2,False,True
C,M,20181001,2018,10,201810,97,EUR,European Union,M,Import,156,CHN,China,0,W00,World,H5,HS,True,8418,"Refrigerators, freezers and other refrigerating or freezing equipment, electric or other; heat pumps other than air conditioning machines of heading no. 8415",4,False,C00,TOTAL CPC,0,0,TOTAL MOT,-1,N/A,0.0,True,-1,N/A,0.0,False,58425217.0,False,0.0,False,238312227.621,,238312227.621,2,False,True
C,M,20181001,2018,10,201810,97,EUR,European Union,M,Import,156,CHN,China,0,W00,World,H5,HS,True,8450,Household or laundry-type washing machines; including machines which both wash and dry,4,False,C00,TOTAL CPC,0,0,TOTAL MOT,-1,N/A,0.0,False,-1,N/A,0.0,False,28366905.0,False,0.0,False,92112715.148,,92112715.148,0,False,True
C,M,20181001,2018,10,201810,97,EUR,European Union,M,Import,156,CHN,China,0,W00,World,H5,HS,True,8508,Vacuum cleaners,4,False,C00,TOTAL CPC,0,0,TOTAL MOT,-1,N/A,0.0,False,-1,N/A,0.0,False,23446996.0,False,0.0,False,236322229.275,,236322229.275,0,False,True
C,M,20181001,2018,10,201810,97,EUR,European Union,M,Import,156,CHN,China,0,W00,World,H5,HS,True,8509,"Electro-mechanical domestic appliances; with self-contained electric motor, other than vacuum cleaners of heading 85.08.",4,False,C00,TOTAL CPC,0,0,TOTAL MOT,-1,N/A,0.0,True,-1,N/A,0.0,False,20830946.0,False,0.0,False,230075889.758,,230075889.758,2,False,True
C,M,20181001,2018,10,201810,97,EUR,European Union,M,Import,156,CHN,China,0,W00,World,H5,HS,True,8516,"Electric water, space, soil heaters; electro-thermic hair-dressing apparatus; hand dryers, irons; electro-thermic appliances for domestic purposes; electro heating resistors, not of heading no. 8545",4,False,C00,TOTAL CPC,0,0,TOTAL MOT,-1,N/A,0.0,True,-1,N/A,0.0,False,112017553.0,False,0.0,False,677292783.952,,677292783.952,2,False,True
C,M,20181001,2018,10,201810,97,EUR,European Union,M,Import,156,CHN,China,0,W00,World,H5,HS,True,9401,"Seats (not those of heading no. 9402), whether or not convertible into beds and parts thereof",4,False,C00,TOTAL CPC,0,0,TOTAL MOT,-1,N/A,0.0,True,-1,N/A,0.0,False,110098003.0,False,0.0,False,459847163.242,,459847163.242,2,False,True
C,M,20181001,2018,10,201810,97,EUR,European Union,M,Import,156,CHN,China,0,W00,World,H5,HS,True,9403,"Furniture and parts thereof, n.e.c. in chapter 94",4,False,C00,TOTAL CPC,0,0,TOTAL MOT,-1,N/A,0.0,True,-1,N/A,0.0,False,157160025.634,True,0.0,False,410104883.76,,410104883.76,6,False,True
C,M,20181001,2018,10,201810,97,EUR,European Union,M,Import,156,CHN,China,0,W00,World,H5,HS,True,9405,"Lamps, light fittings; including searchlights, spotlights and parts thereof, n.e.c.; illuminated signs, name-plates and the like, having permanently fixed light source and parts thereof n.e.c. or included",4,False,C00,TOTAL CPC,0,0,TOTAL MOT,8,kg,86466789.0,False,8,kg,86466789.0,False,86466789.0,False,0.0,False,839099925.738,,839099925.738,0,False,True
C,M,20181001,2018,10,201810,97,EUR,European Union,M,Import,156,CHN,China,0,W00,World,H5,HS,True,9503,"Tricycles, scooters, pedal cars and similar wheeled toys; dolls' carriages; dolls; other toys; reduced-size (scale) models and similar recreational models, working or not; puzzles of all kinds",4,False,C00,TOTAL CPC,0,0,TOTAL MOT,8,kg,111197179.148,True,-1,N/A,0.0,False,111197179.148,True,0.0,False,1042541896.787,,1042541896.787,6,False,True
C,M,20181101,2018,11,201811,97,EUR,European Union,M,Import,156,CHN,China,0,W00,World,H5,HS,True,3923,"Plastic articles for the conveyance or packing of goods; stoppers, lids, caps and other closures of plastics",4,False,C00,TOTAL CPC,0,0,TOTAL MOT,8,kg,25221245.54,True,-1,N/A,0.0,False,25221245.54,True,0.0,False,128896643.666,,128896643.666,6,False,True
C,M,20181101,2018,11,201811,97,EUR,European Union,M,Import,156,CHN,China,0,W00,World,H5,HS,True,3924,"Tableware, kitchenware, other household articles and hygienic or toilet articles, of plastics",4,False,C00,TOTAL CPC,0,0,TOTAL MOT,8,kg,20096098.0,False,8,kg,20096098.0,False,20096098.0,False,0.0,False,102710585.494,,102710585.494,0,False,True
C,M,20181101,2018,11,201811,97,EUR,European Union,M,Import,156,CHN,China,0,W00,World,H5,HS,True,3926,"Articles of plastics and articles of other materials of heading no. 3901 to 3914, n.e.c. in chapter 39",4,False,C00,TOTAL CPC,0,0,TOTAL MOT,8,kg,59838085.341,True,-1,N/A,0.0,False,59838085.341,True,0.0,False,399831889.871,,399831889.871,6,False,True
C,M,20181101,2018,11,201811,97,EUR,European Union,M,Import,156,CHN,China,0,W00,World,H5,HS,True,8414,"Air or vacuum pumps, air or other gas compressors and fans; ventilating or recycling hoods incorporating a fan whether or not fitted with filters",4,False,C00,TOTAL CPC,0,0,TOTAL MOT,-1,N/A,0.0,False,-1,N/A,0.0,False,26241085.224,True,0.0,False,176432920.387,,176432920.387,4,False,True
C,M,20181101,2018,11,201811,97,EUR,European Union,M,Import,156,CHN,China,0,W00,World,H5,HS,True,8415,"Air conditioning machines; comprising a motor driven fan and elements for changing the temperature and humidity, including those machines in which the humidity cannot be separately regulated",4,False,C00,TOTAL CPC,0,0,TOTAL MOT,-1,N/A,0.0,True,-1,N/A,0.0,False,9446174.0,False,0.0,False,86145608.128,,86145608.128,2,False,True
C,M,20181101,2018,11,201811,97,EUR,European Union,M,Import,156,CHN,China,0,W00,World,H5,HS,True,8418,"Refrigerators, freezers and other refrigerating or freezing equipment, electric or other; heat pumps other than air conditioning machines of heading no. 8415",4,False,C00,TOTAL CPC,0,0,TOTAL MOT,-1,N/A,0.0,True,-1,N/A,0.0,False,52489669.815,True,0.0,False,211479635.756,,211479635.756,6,False,True
C,M,20181101,2018,11,201811,97,EUR,European Union,M,Import,156,CHN,China,0,W00,World,H5,HS,True,8450,Household or laundry-type washing machines; including machines which both wash and dry,4,False,C00,TOTAL CPC,0,0,TOTAL MOT,-1,N/A,0.0,False,-1,N/A,0.0,False,24552450.0,False,0.0,False,80513922.348,,80513922.348,0,False,True
C,M,20181101,2018,11,201811,97,EUR,European Union,M,Import,156,CHN,China,0,W00,World,H5,HS,True,8508,Vacuum cleaners,4,False,C00,TOTAL CPC,0,0,TOTAL MOT,-1,N/A,0.0,False,-1,N/A,0.0,False,18920216.0,False,0.0,False,215928048.461,,215928048.461,0,False,True
C,M,20181101,2018,11,201811,97,EUR,European Union,M,Import,156,CHN,China,0,W00,World,H5,HS,True,8509,"Electro-mechanical domestic appliances; with self-contained electric motor, other than vacuum cleaners of heading 85.08.",4,False,C00,TOTAL CPC,0,0,TOTAL MOT,-1,N/A,0.0,True,-1,N/A,0.0,False,16629680.278,True,0.0,False,179885981.492,,179885981.492,6,False,True
C,M,20181101,2018,11,201811,97,EUR,European Union,M,Import,156,CHN,China,0,W00,World,H5,HS,True,8516,"Electric water, space, soil heaters; electro-thermic hair-dressing apparatus; hand dryers, irons; electro-thermic appliances for domestic purposes; electro heating resistors, not of heading no. 8545",4,False,C00,TOTAL CPC,0,0,TOTAL MOT,-1,N/A,0.0,True,-1,N/A,0.0,False,92580516.0,False,0.0,False,568820254.667,,568820254.667,2,False,True
C,M,20181101,2018,11,201811,97,EUR,European Union,M,Import,156,CHN,China,0,W00,World,H5,HS,True,9401,"Seats (not those of heading no. 9402), whether or not convertible into beds and parts thereof",4,False,C00,TOTAL CPC,0,0,TOTAL MOT,-1,N/A,0.0,True,-1,N/A,0.0,False,106711591.0,False,0.0,False,450289722.417,,450289722.417,2,False,True
C,M,20181101,2018,11,201811,97,EUR,European Union,M,Import,156,CHN,China,0,W00,World,H5,HS,True,9403,"Furniture and parts thereof, n.e.c. in chapter 94",4,False,C00,TOTAL CPC,0,0,TOTAL MOT,-1,N/A,0.0,True,-1,N/A,0.0,False,142325586.64,True,0.0,False,377635263.099,,377635263.099,6,False,True
C,M,20181101,2018,11,201811,97,EUR,European Union,M,Import,156,CHN,China,0,W00,World,H5,HS,True,9405,"Lamps, light fittings; including searchlights, spotlights and parts thereof, n.e.c.; illuminated signs, name-plates and the like, having permanently fixed light source and parts thereof n.e.c. or included",4,False,C00,TOTAL CPC,0,0,TOTAL MOT,8,kg,61247983.517,True,-1,N/A,0.0,False,61247983.517,True,0.0,False,608019415.85,,608019415.85,6,False,True
C,M,20181101,2018,11,201811,97,EUR,European Union,M,Import,156,CHN,China,0,W00,World,H5,HS,True,9503,"Tricycles, scooters, pedal cars and similar wheeled toys; dolls' carriages; dolls; other toys; reduced-size (scale) models and similar recreational models, working or not; puzzles of all kinds",4,False,C00,TOTAL CPC,0,0,TOTAL MOT,8,kg,79578306.099,True,-1,N/A,0.0,False,79578306.099,True,0.0,False,754957987.563,,754957987.563,6,False,True
C,M,20181201,2018,12,201812,97,EUR,European Union,M,Import,156,CHN,China,0,W00,World,H5,HS,True,3923,"Plastic articles for the conveyance or packing of goods; stoppers, lids, caps and other closures of plastics",4,False,C00,TOTAL CPC,0,0,TOTAL MOT,8,kg,23214653.857,True,-1,N/A,0.0,False,23214653.857,True,0.0,False,116083323.084,,116083323.084,6,False,True
C,M,20181201,2018,12,201812,97,EUR,European Union,M,Import,156,CHN,China,0,W00,World,H5,HS,True,3924,"Tableware, kitchenware, other household articles and hygienic or toilet articles, of plastics",4,False,C00,TOTAL CPC,0,0,TOTAL MOT,8,kg,18921414.0,False,8,kg,18921414.0,False,18921414.0,False,0.0,False,96239967.693,,96239967.693,0,False,True
C,M,20181201,2018,12,201812,97,EUR,European Union,M,Import,156,CHN,China,0,W00,World,H5,HS,True,3926,"Articles of plastics and articles of other materials of heading no. 3901 to 3914, n.e.c. in chapter 39",4,False,C00,TOTAL CPC,0,0,TOTAL MOT,8,kg,57748111.364,True,-1,N/A,0.0,False,57748111.364,True,0.0,False,355696312.707,,355696312.707,6,False,True
C,M,20181201,2018,12,201812,97,EUR,European Union,M,Import,156,CHN,China,0,W00,World,H5,HS,True,8414,"Air or vacuum pumps, air or other gas compressors and fans; ventilating or recycling hoods incorporating a fan whether or not fitted with filters",4,False,C00,TOTAL CPC,0,0,TOTAL MOT,-1,N/A,0.0,True,-1,N/A,0.0,False,28076034.193,True,0.0,False,163244417.768,,163244417.768,6,False,True
C,M,20181201,2018,12,201812,97,EUR,European Union,M,Import,156,CHN,China,0,W00,World,H5,HS,True,8415,"Air conditioning machines; comprising a motor driven fan and elements for changing the temperature and humidity, including those machines in which the humidity cannot be separately regulated",4,False,C00,TOTAL CPC,0,0,TOTAL MOT,-1,N/A,0.0,True,-1,N/A,0.0,False,8110869.0,False,0.0,False,74581446.694,,74581446.694,2,False,True
C,M,20181201,2018,12,201812,97,EUR,European Union,M,Import,156,CHN,China,0,W00,World,H5,HS,True,8418,"Refrigerators, freezers and other refrigerating or freezing equipment, electric or other; heat pumps other than air conditioning machines of heading no. 8415",4,False,C00,TOTAL CPC,0,0,TOTAL MOT,-1,N/A,0.0,True,-1,N/A,0.0,False,48045603.0,False,0.0,False,192371534.939,,192371534.939,2,False,True
C,M,20181201,2018,12,201812,97,EUR,European Union,M,Import,156,CHN,China,0,W00,World,H5,HS,True,8450,Household or laundry-type washing machines; including machines which both wash and dry,4,False,C00,TOTAL CPC,0,0,TOTAL MOT,-1,N/A,0.0,False,-1,N/A,0.0,False,24846599.0,False,0.0,False,77542168.926,,77542168.926,0,False,True
C,M,20181201,2018,12,201812,97,EUR,European Union,M,Import,156,CHN,China,0,W00,World,H5,HS,True,8508,Vacuum cleaners,4,False,C00,TOTAL CPC,0,0,TOTAL MOT,-1,N/A,0.0,False,-1,N/A,0.0,False,15577380.0,False,0.0,False,159277428.138,,159277428.138,0,False,True
C,M,20181201,2018,12,201812,97,EUR,European Union,M,Import,156,CHN,China,0,W00,World,H5,HS,True,8509,"Electro-mechanical domestic appliances; with self-contained electric motor, other than vacuum cleaners of heading 85.08.",4,False,C00,TOTAL CPC,0,0,TOTAL MOT,-1,N/A,0.0,True,-1,N/A,0.0,False,12305101.0,False,0.0,False,127742262.532,,127742262.532,2,False,True
C,M,20181201,2018,12,201812,97,EUR,European Union,M,Import,156,CHN,China,0,W00,World,H5,HS,True,8516,"Electric water, space, soil heaters; electro-thermic hair-dressing apparatus; hand dryers, irons; electro-thermic appliances for domestic purposes; electro heating resistors, not of heading no. 8545",4,False,C00,TOTAL CPC,0,0,TOTAL MOT,-1,N/A,0.0,True,-1,N/A,0.0,False,75033377.0,False,0.0,False,442828688.131,,442828688.131,2,False,True
C,M,20181201,2018,12,201812,97,EUR,European Union,M,Import,156,CHN,China,0,W00,World,H5,HS,True,9401,"Seats (not those of heading no. 9402), whether or not convertible into beds and parts thereof",4,False,C00,TOTAL CPC,0,0,TOTAL MOT,-1,N/A,0.0,True,-1,N/A,0.0,False,108381679.0,False,0.0,False,462586751.882,,462586751.882,2,False,True
C,M,20181201,2018,12,201812,97,EUR,European Union,M,Import,156,CHN,China,0,W00,World,H5,HS,True,9403,"Furniture and parts thereof, n.e.c. in chapter 94",4,False,C00,TOTAL CPC,0,0,TOTAL MOT,-1,N/A,0.0,True,-1,N/A,0.0,False,146416790.0,False,0.0,False,398457823.473,,398457823.473,2,False,True
C,M,20181201,2018,12,201812,97,EUR,European Union,M,Import,156,CHN,China,0,W00,World,H5,HS,True,9405,"Lamps, light fittings; including searchlights, spotlights and parts thereof, n.e.c.; illuminated signs, name-plates and the like, having permanently fixed light source and parts thereof n.e.c. or included",4,False,C00,TOTAL CPC,0,0,TOTAL MOT,8,kg,49207519.287,True,-1,N/A,0.0,False,49207519.287,True,0.0,False,496829552.794,,496829552.794,6,False,True
C,M,20181201,2018,12,201812,97,EUR,European Union,M,Import,156,CHN,China,0,W00,World,H5,HS,True,9503,"Tricycles, scooters, pedal cars and similar wheeled toys; dolls' carriages; dolls; other toys; reduced-size (scale) models and similar recreational models, working or not; puzzles of all kinds",4,False,C00,TOTAL CPC,0,0,TOTAL MOT,8,kg,46879866.986,True,-1,N/A,0.0,False,46879866.986,True,0.0,False,444059729.925,,444059729.925,6,False,True
C,M,20190101,2019,1,201901,97,EUR,European Union,M,Import,156,CHN,China,0,W00,World,H5,HS,True,3923,"Plastic articles for the conveyance or packing of goods; stoppers, lids, caps and other closures of plastics",4,False,C00,TOTAL CPC,0,0,TOTAL MOT,8,kg,29566344.9,True,-1,N/A,0.0,False,29566344.9,True,0.0,False,158962935.371,,158962935.371,6,False,True
C,M,20190101,2019,1,201901,97,EUR,European Union,M,Import,156,CHN,China,0,W00,World,H5,HS,True,3924,"Tableware, kitchenware, other household articles and hygienic or toilet articles, of plastics",4,False,C00,TOTAL CPC,0,0,TOTAL MOT,8,kg,25038446.0,False,8,kg,25038446.0,False,25038446.0,False,0.0,False,132088514.435,,132088514.435,0,False,True
C,M,20190101,2019,1,201901,97,EUR,European Union,M,Import,156,CHN,China,0,W00,World,H5,HS,True,3926,"Articles of plastics and articles of other materials of heading no. 3901 to 3914, n.e.c. in chapter 39",4,False,C00,TOTAL CPC,0,0,TOTAL MOT,8,kg,79857400.834,True,-1,N/A,0.0,False,79857400.834,True,0.0,False,493213065.699,,493213065.699,6,False,True
C,M,20190101,2019,1,201901,97,EUR,European Union,M,Import,156,CHN,China,0,W00,World,H5,HS,True,8414,"Air or vacuum pumps, air or other gas compressors and fans; ventilating or recycling hoods incorporating a fan whether or not fitted with filters",4,False,C00,TOTAL CPC,0,0,TOTAL MOT,-1,N/A,0.0,False,-1,N/A,0.0,False,42255487.132,True,0.0,False,246801722.065,,246801722.065,4,False,True
C,M,20190101,2019,1,201901,97,EUR,European Union,M,Import,156,CHN,China,0,W00,World,H5,HS,True,8415,"Air conditioning machines; comprising a motor driven fan and elements for changing the temperature and humidity, including those machines in which the humidity cannot be separately regulated",4,False,C00,TOTAL CPC,0,0,TOTAL MOT,-1,N/A,0.0,True,-1,N/A,0.0,False,14035840.0,False,0.0,False,124683708.754,,124683708.754,2,False,True
C,M,20190101,2019,1,201901,97,EUR,European Union,M,Import,156,CHN,China,0,W00,World,H5,HS,True,8418,"Refrigerators, freezers and other refrigerating or freezing equipment, electric or other; heat pumps other than air conditioning machines of heading no. 8415",4,False,C00,TOTAL CPC,0,0,TOTAL MOT,-1,N/A,0.0,True,-1,N/A,0.0,False,57043117.0,False,0.0,False,243283354.608,,243283354.608,2,False,True
C,M,20190101,2019,1,201901,97,EUR,European Union,M,Import,156,CHN,China,0,W00,World,H5,HS,True,8450,Household or laundry-type washing machines; including machines which both wash and dry,4,False,C00,TOTAL CPC,0,0,TOTAL MOT,-1,N/A,0.0,False,-1,N/A,0.0,False,25106544.0,False,0.0,False,78092217.311,,78092217.311,0,False,True
C,M,20190101,2019,1,201901,97,EUR,European Union,M,Import,156,CHN,China,0,W00,World,H5,HS,True,8508,Vacuum cleaners,4,False,C00,TOTAL CPC,0,0,TOTAL MOT,-1,N/A,0.0,False,-1,N/A,0.0,False,20287373.0,False,0.0,False,202898627.356,,202898627.356,0,False,True
C,M,20190101,2019,1,201901,97,EUR,European Union,M,Import,156,CHN,China,0,W00,World,H5,HS,True,8509,"Electro-mechanical domestic appliances; with self-contained electric motor, other than vacuum cleaners of heading 85.08.",4,False,C00,TOTAL CPC,0,0,TOTAL MOT,-1,N/A,0.0,True,-1,N/A,0.0,False,13753509.025,True,0.0,False,150168632.72,,150168632.72,6,False,True
C,M,20190101,2019,1,201901,97,EUR,European Union,M,Import,156,CHN,China,0,W00,World,H5,HS,True,8516,"Electric water, space, soil heaters; electro-thermic hair-dressing apparatus; hand dryers, irons; electro-thermic appliances for domestic purposes; electro heating resistors, not of heading no. 8545",4,False,C00,TOTAL CPC,0,0,TOTAL MOT,-1,N/A,0.0,True,-1,N/A,0.0,False,78655569.0,False,0.0,False,498024890.718,,498024890.718,2,False,True
C,M,20190101,2019,1,201901,97,EUR,European Union,M,Import,156,CHN,China,0,W00,World,H5,HS,True,9401,"Seats (not those of heading no. 9402), whether or not convertible into beds and parts thereof",4,False,C00,TOTAL CPC,0,0,TOTAL MOT,-1,N/A,0.0,True,-1,N/A,0.0,False,160334865.0,False,0.0,False,675558212.968,,675558212.968,2,False,True
C,M,20190101,2019,1,201901,97,EUR,European Union,M,Import,156,CHN,China,0,W00,World,H5,HS,True,9403,"Furniture and parts thereof, n.e.c. in chapter 94",4,False,C00,TOTAL CPC,0,0,TOTAL MOT,-1,N/A,0.0,False,-1,N/A,0.0,False,197423698.0,False,0.0,False,559299184.609,,559299184.609,0,False,True
C,M,20190101,2019,1,201901,97,EUR,European Union,M,Import,156,CHN,China,0,W00,World,H5,HS,True,9405,"Lamps, light fittings; including searchlights, spotlights and parts thereof, n.e.c.; illuminated signs, name-plates and the like, having permanently fixed light source and parts thereof n.e.c. or included",4,False,C00,TOTAL CPC,0,0,TOTAL MOT,8,kg,69802316.516,True,-1,N/A,0.0,False,69802316.516,True,0.0,False,721060826.633,,721060826.633,6,False,True
C,M,20190101,2019,1,201901,97,EUR,European Union,M,Import,156,CHN,China,0,W00,World,H5,HS,True,9503,"Tricycles, scooters, pedal cars and similar wheeled toys; dolls' carriages; dolls; other toys; reduced-size (scale) models and similar recreational models, working or not; puzzles of all kinds",4,False,C00,TOTAL CPC,0,0,TOTAL MOT,8,kg,52085955.295,True,-1,N/A,0.0,False,52085955.295,True,0.0,False,513868178.092,,513868178.092,6,False,True
C,M,20190201,2019,2,201902,97,EUR,European Union,M,Import,156,CHN,China,0,W00,World,H5,HS,True,3923,"Plastic articles for the conveyance or packing of goods; stoppers, lids, caps and other closures of plastics",4,False,C00,TOTAL CPC,0,0,TOTAL MOT,8,kg,25656227.812,True,-1,N/A,0.0,False,25656227.812,True,0.0,False,128360063.043,,128360063.043,6,False,True
C,M,20190201,2019,2,201902,97,EUR,European Union,M,Import,156,CHN,China,0,W00,World,H5,HS,True,3924,"Tableware, kitchenware, other household articles and hygienic or toilet articles, of plastics",4,False,C00,TOTAL CPC,0,0,TOTAL MOT,8,kg,23531134.0,False,8,kg,23531134.0,False,23531134.0,False,0.0,False,122839839.881,,122839839.881,0,False,True
C,M,20190201,2019,2,201902,97,EUR,European Union,M,Import,156,CHN,China,0,W00,World,H5,HS,True,3926,"Articles of plastics and articles of other materials of heading no. 3901 to 3914, n.e.c. in chapter 39",4,False,C00,TOTAL CPC,0,0,TOTAL MOT,8,kg,75288723.0,False,8,kg,75288723.0,False,75288723.0,False,0.0,False,422403153.996,,422403153.996,0,False,True
C,M,20190201,2019,2,201902,97,EUR,European Union,M,Import,156,CHN,China,0,W00,World,H5,HS,True,8414,"Air or vacuum pumps, air or other gas compressors and fans; ventilating or recycling hoods incorporating a fan whether or not fitted with filters",4,False,C00,TOTAL CPC,0,0,TOTAL MOT,-1,N/A,0.0,True,-1,N/A,0.0,False,55442343.698,True,0.0,False,284538469.983,,284538469.983,6,False,True
C,M,20190201,2019,2,201902,97,EUR,European Union,M,Import,156,CHN,China,0,W00,World,H5,HS,True,8415,"Air conditioning machines; comprising a motor driven fan and elements for changing the temperature and humidity, including those machines in which the humidity cannot be separately regulated",4,False,C00,TOTAL CPC,0,0,TOTAL MOT,-1,N/A,0.0,True,-1,N/A,0.0,False,25269078.0,False,0.0,False,195672644.754,,195672644.754,2,False,True
C,M,20190201,2019,2,201902,97,EUR,European Union,M,Import,156,CHN,China,0,W00,World,H5,HS,True,8418,"Refrigerators, freezers and other refrigerating or freezing equipment, electric or other; heat pumps other than air conditioning machines of heading no. 8415",4,False,C00,TOTAL CPC,0,0,TOTAL MOT,-1,N/A,0.0,True,-1,N/A,0.0,False,52399639.894,True,0.0,False,225473884.722,,225473884.722,6,False,True
C,M,20190201,2019,2,201902,97,EUR,European Union,M,Import,156,CHN,China,0,W00,World,H5,HS,True,8450,Household or laundry-type washing machines; including machines which both wash and dry,4,False,C00,TOTAL CPC,0,0,TOTAL MOT,-1,N/A,0.0,False,-1,N/A,0.0,False,19402306.0,False,0.0,False,62892803.733,,62892803.733,0,False,True
C,M,20190201,2019,2,201902,97,EUR,European Union,M,Import,156,CHN,China,0,W00,World,H5,HS,True,8508,Vacuum cleaners,4,False,C00,TOTAL CPC,0,0,TOTAL MOT,-1,N/A,0.0,False,-1,N/A,0.0,False,22528595.0,False,0.0,False,205468503.315,,205468503.315,0,False,True
C,M,20190201,2019,2,201902,97,EUR,European Union,M,Import,156,CHN,China,0,W00,World,H5,HS,True,8509,"Electro-mechanical domestic appliances; with self-contained electric motor, other than vacuum cleaners of heading 85.08.",4,False,C00,TOTAL CPC,0,0,TOTAL MOT,-1,N/A,0.0,True,-1,N/A,0.0,False,16322338.0,False,0.0,False,151341673.98,,151341673.98,2,False,True
C,M,20190201,2019,2,201902,97,EUR,European Union,M,Import,156,CHN,China,0,W00,World,H5,HS,True,8516,"Electric water, space, soil heaters; electro-thermic hair-dressing apparatus; hand dryers, irons; electro-thermic appliances for domestic purposes; electro heating resistors, not of heading no. 8545",4,False,C00,TOTAL CPC,0,0,TOTAL MOT,-1,N/A,0.0,True,-1,N/A,0.0,False,77244763.354,True,0.0,False,476095291.043,,476095291.043,6,False,True
C,M,20190201,2019,2,201902,97,EUR,European Union,M,Import,156,CHN,China,0,W00,World,H5,HS,True,9401,"Seats (not those of heading no. 9402), whether or not convertible into beds and parts thereof",4,False,C00,TOTAL CPC,0,0,TOTAL MOT,-1,N/A,0.0,True,-1,N/A,0.0,False,163694461.0,False,0.0,False,671548554.391,,671548554.391,2,False,True
C,M,20190201,2019,2,201902,97,EUR,European Union,M,Import,156,CHN,China,0,W00,World,H5,HS,True,9403,"Furniture and parts thereof, n.e.c. in chapter 94",4,False,C00,TOTAL CPC,0,0,TOTAL MOT,-1,N/A,0.0,True,-1,N/A,0.0,False,191682157.0,False,0.0,False,555520093.524,,555520093.524,2,False,True
C,M,20190201,2019,2,201902,97,EUR,European Union,M,Import,156,CHN,China,0,W00,World,H5,HS,True,9405,"Lamps, light fittings; including searchlights, spotlights and parts thereof, n.e.c.; illuminated signs, name-plates and the like, having permanently fixed light source and parts thereof n.e.c. or included",4,False,C00,TOTAL CPC,0,0,TOTAL MOT,8,kg,72940082.109,True,-1,N/A,0.0,False,72940082.109,True,0.0,False,665243925.901,,665243925.901,6,False,True
C,M,20190201,2019,2,201902,97,EUR,European Union,M,Import,156,CHN,China,0,W00,World,H5,HS,True,9503,"Tricycles, scooters, pedal cars and similar wheeled toys; dolls' carriages; dolls; other toys; reduced-size (scale) models and similar recreational models, working or not; puzzles of all kinds",4,False,C00,TOTAL CPC,0,0,TOTAL MOT,8,kg,56491648.01,True,-1,N/A,0.0,False,56491648.01,True,0.0,False,521463808.007,,521463808.007,6,False,True
C,M,20190301,2019,3,201903,97,EUR,European Union,M,Import,156,CHN,China,0,W00,World,H5,HS,True,3923,"Plastic articles for the conveyance or packing of goods; stoppers, lids, caps and other closures of plastics",4,False,C00,TOTAL CPC,0,0,TOTAL MOT,8,kg,21450028.523,True,-1,N/A,0.0,False,21450028.523,True,0.0,False,113898830.496,,113898830.496,6,False,True
C,M,20190301,2019,3,201903,97,EUR,European Union,M,Import,156,CHN,China,0,W00,World,H5,HS,True,3924,"Tableware, kitchenware, other household articles and hygienic or toilet articles, of plastics",4,False,C00,TOTAL CPC,0,0,TOTAL MOT,8,kg,19357661.0,False,8,kg,19357661.0,False,19357661.0,False,0.0,False,103593172.06,,103593172.06,0,False,True
C,M,20190301,2019,3,201903,97,EUR,European Union,M,Import,156,CHN,China,0,W00,World,H5,HS,True,3926,"Articles of plastics and articles of other materials of heading no. 3901 to 3914, n.e.c. in chapter 39",4,False,C00,TOTAL CPC,0,0,TOTAL MOT,8,kg,64826859.0,False,8,kg,64826859.0,False,64826859.0,False,0.0,False,395371054.225,,395371054.225,0,False,True
C,M,20190301,2019,3,201903,97,EUR,European Union,M,Import,156,CHN,China,0,W00,World,H5,HS,True,8414,"Air or vacuum pumps, air or other gas compressors and fans; ventilating or recycling hoods incorporating a fan whether or not fitted with filters",4,False,C00,TOTAL CPC,0,0,TOTAL MOT,-1,N/A,0.0,False,-1,N/A,0.0,False,42379464.605,True,0.0,False,254775045.864,,254775045.864,4,False,True
C,M,20190301,2019,3,201903,97,EUR,European Union,M,Import,156,CHN,China,0,W00,World,H5,HS,True,8415,"Air conditioning machines; comprising a motor driven fan and elements for changing the temperature and humidity, including those machines in which the humidity cannot be separately regulated",4,False,C00,TOTAL CPC,0,0,TOTAL MOT,-1,N/A,0.0,True,-1,N/A,0.0,False,33967016.37,True,0.0,False,251299187.567,,251299187.567,6,False,True
C,M,20190301,2019,3,201903,97,EUR,European Union,M,Import,156,CHN,China,0,W00,World,H5,HS,True,8418,"Refrigerators, freezers and other refrigerating or freezing equipment, electric or other; heat pumps other than air conditioning machines of heading no. 8415",4,False,C00,TOTAL CPC,0,0,TOTAL MOT,-1,N/A,0.0,True,-1,N/A,0.0,False,45058673.149,True,0.0,False,200673086.658,,200673086.658,6,False,True
C,M,20190301,2019,3,201903,97,EUR,European Union,M,Import,156,CHN,China,0,W00,World,H5,HS,True,8450,Household or laundry-type washing machines; including machines which both wash and dry,4,False,C00,TOTAL CPC,0,0,TOTAL MOT,-1,N/A,0.0,False,-1,N/A,0.0,False,17267668.0,False,0.0,False,56755613.529,,56755613.529,0,False,True
C,M,20190301,2019,3,201903,97,EUR,European Union,M,Import,156,CHN,China,0,W00,World,H5,HS,True,8508,Vacuum cleaners,4,False,C00,TOTAL CPC,0,0,TOTAL MOT,-1,N/A,0.0,False,-1,N/A,0.0,False,12767431.0,False,0.0,False,139996864.856,,139996864.856,0,False,True
C,M,20190301,2019,3,201903,97,EUR,European Union,M,Import,156,CHN,China,0,W00,World,H5,HS,True,8509,"Electro-mechanical domestic appliances; with self-contained electric motor, other than vacuum cleaners of heading 85.08.",4,False,C00,TOTAL CPC,0,0,TOTAL MOT,-1,N/A,0.0,True,-1,N/A,0.0,False,11603364.0,False,0.0,False,108422155.075,,108422155.075,2,False,True
C,M,20190301,2019,3,201903,97,EUR,European Union,M,Import,156,CHN,China,0,W00,World,H5,HS,True,8516,"Electric water, space, soil heaters; electro-thermic hair-dressing apparatus; hand dryers, irons; electro-thermic appliances for domestic purposes; electro heating resistors, not of heading no. 8545",4,False,C00,TOTAL CPC,0,0,TOTAL MOT,-1,N/A,0.0,True,-1,N/A,0.0,False,52670094.359,True,0.0,False,337279464.912,,337279464.912,6,False,True
C,M,20190301,2019,3,201903,97,EUR,European Union,M,Import,156,CHN,China,0,W00,World,H5,HS,True,9401,"Seats (not those of heading no. 9402), whether or not convertible into beds and parts thereof",4,False,C00,TOTAL CPC,0,0,TOTAL MOT,-1,N/A,0.0,True,-1,N/A,0.0,False,117733608.171,True,0.0,False,499609891.063,,499609891.063,6,False,True
C,M,20190301,2019,3,201903,97,EUR,European Union,M,Import,156,CHN,China,0,W00,World,H5,HS,True,9403,"Furniture and parts thereof, n.e.c. in chapter 94",4,False,C00,TOTAL CPC,0,0,TOTAL MOT,-1,N/A,0.0,True,-1,N/A,0.0,False,146204021.0,False,0.0,False,417291301.678,,417291301.678,2,False,True
C,M,20190301,2019,3,201903,97,EUR,European Union,M,Import,156,CHN,China,0,W00,World,H5,HS,True,9405,"Lamps, light fittings; including searchlights, spotlights and parts thereof, n.e.c.; illuminated signs, name-plates and the like, having permanently fixed light source and parts thereof n.e.c. or included",4,False,C00,TOTAL CPC,0,0,TOTAL MOT,8,kg,50324150.0,False,8,kg,50324150.0,False,50324150.0,False,0.0,False,537904722.624,,537904722.624,0,False,True
C,M,20190301,2019,3,201903,97,EUR,European Union,M,Import,156,CHN,China,0,W00,World,H5,HS,True,9503,"Tricycles, scooters, pedal cars and similar wheeled toys; dolls' carriages; dolls; other toys; reduced-size (scale) models and similar recreational models, working or not; puzzles of all kinds",4,False,C00,TOTAL CPC,0,0,TOTAL MOT,8,kg,46808367.319,True,-1,N/A,0.0,False,46808367.319,True,0.0,False,416137642.812,,416137642.812,6,False,True
C,M,20190401,2019,4,201904,97,EUR,European Union,M,Import,156,CHN,China,0,W00,World,H5,HS,True,3923,"Plastic articles for the conveyance or packing of goods; stoppers, lids, caps and other closures of plastics",4,False,C00,TOTAL CPC,0,0,TOTAL MOT,8,kg,23426449.531,True,-1,N/A,0.0,False,23426449.531,True,0.0,False,120051874.547,,120051874.547,6,False,True
C,M,20190401,2019,4,201904,97,EUR,European Union,M,Import,156,CHN,China,0,W00,World,H5,HS,True,3924,"Tableware, kitchenware, other household articles and hygienic or toilet articles, of plastics",4,False,C00,TOTAL CPC,0,0,TOTAL MOT,8,kg,19412855.0,False,8,kg,19412855.0,False,19412855.0,False,0.0,False,98596589.471,,98596589.471,0,False,True
C,M,20190401,2019,4,201904,97,EUR,European Union,M,Import,156,CHN,China,0,W00,World,H5,HS,True,3926,"Articles of plastics and articles of other materials of heading no. 3901 to 3914, n.e.c. in chapter 39",4,False,C00,TOTAL CPC,0,0,TOTAL MOT,8,kg,66010616.0,False,8,kg,66010616.0,False,66010616.0,False,0.0,False,378767947.012,,378767947.012,0,False,True
C,M,20190401,2019,4,201904,97,EUR,European Union,M,Import,156,CHN,China,0,W00,World,H5,HS,True,8414,"Air or vacuum pumps, air or other gas compressors and fans; ventilating or recycling hoods incorporating a fan whether or not fitted with filters",4,False,C00,TOTAL CPC,0,0,TOTAL MOT,-1,N/A,0.0,False,-1,N/A,0.0,False,54190158.346,True,0.0,False,302556071.886,,302556071.886,4,False,True
C,M,20190401,2019,4,201904,97,EUR,European Union,M,Import,156,CHN,China,0,W00,World,H5,HS,True,8415,"Air conditioning machines; comprising a motor driven fan and elements for changing the temperature and humidity, including those machines in which the humidity cannot be separately regulated",4,False,C00,TOTAL CPC,0,0,TOTAL MOT,-1,N/A,0.0,True,-1,N/A,0.0,False,50640454.0,False,0.0,False,362192686.2,,362192686.2,2,False,True
C,M,20190401,2019,4,201904,97,EUR,European Union,M,Import,156,CHN,China,0,W00,World,H5,HS,True,8418,"Refrigerators, freezers and other refrigerating or freezing equipment, electric or other; heat pumps other than air conditioning machines of heading no. 8415",4,False,C00,TOTAL CPC,0,0,TOTAL MOT,-1,N/A,0.0,True,-1,N/A,0.0,False,55871005.207,True,0.0,False,237597000.78,,237597000.78,6,False,True
C,M,20190401,2019,4,201904,97,EUR,European Union,M,Import,156,CHN,China,0,W00,World,H5,HS,True,8450,Household or laundry-type washing machines; including machines which both wash and dry,4,False,C00,TOTAL CPC,0,0,TOTAL MOT,-1,N/A,0.0,False,-1,N/A,0.0,False,23521180.353,True,0.0,False,72596327.02,,72596327.02,4,False,True
C,M,20190401,2019,4,201904,97,EUR,European Union,M,Import,156,CHN,China,0,W00,World,H5,HS,True,8508,Vacuum cleaners,4,False,C00,TOTAL CPC,0,0,TOTAL MOT,-1,N/A,0.0,True,-1,N/A,0.0,False,14247641.495,True,0.0,False,157460385.881,,157460385.881,6,False,True
C,M,20190401,2019,4,201904,97,EUR,European Union,M,Import,156,CHN,China,0,W00,World,H5,HS,True,8509,"Electro-mechanical domestic appliances; with self-contained electric motor, other than vacuum cleaners of heading 85.08.",4,False,C00,TOTAL CPC,0,0,TOTAL MOT,-1,N/A,0.0,True,-1,N/A,0.0,False,12965573.0,False,0.0,False,127005147.665,,127005147.665,2,False,True
C,M,20190401,2019,4,201904,97,EUR,European Union,M,Import,156,CHN,China,0,W00,World,H5,HS,True,8516,"Electric water, space, soil heaters; electro-thermic hair-dressing apparatus; hand dryers, irons; electro-thermic appliances for domestic purposes; electro heating resistors, not of heading no. 8545",4,False,C00,TOTAL CPC,0,0,TOTAL MOT,-1,N/A,0.0,True,-1,N/A,0.0,False,57862284.777,True,0.0,False,387953084.082,,387953084.082,6,False,True
C,M,20190401,2019,4,201904,97,EUR,European Union,M,Import,156,CHN,China,0,W00,World,H5,HS,True,9401,"Seats (not those of heading no. 9402), whether or not convertible into beds and parts thereof",4,False,C00,TOTAL CPC,0,0,TOTAL MOT,-1,N/A,0.0,True,-1,N/A,0.0,False,132134908.54,True,0.0,False,550591640.083,,550591640.083,6,False,True
C,M,20190401,2019,4,201904,97,EUR,European Union,M,Import,156,CHN,China,0,W00,World,H5,HS,True,9403,"Furniture and parts thereof, n.e.c. in chapter 94",4,False,C00,TOTAL CPC,0,0,TOTAL MOT,-1,N/A,0.0,True,-1,N/A,0.0,False,144458412.0,False,0.0,False,423015928.936,,423015928.936,2,False,True
C,M,20190401,2019,4,201904,97,EUR,European Union,M,Import,156,CHN,China,0,W00,World,H5,HS,True,9405,"Lamps, light fittings; including searchlights, spotlights and parts thereof, n.e.c.; illuminated signs, name-plates and the like, having permanently fixed light source and parts thereof n.e.c. or included",4,False,C00,TOTAL CPC,0,0,TOTAL MOT,8,kg,46321420.0,False,8,kg,46321420.0,False,46321420.0,False,0.0,False,479234382.395,,479234382.395,0,False,True
C,M,20190401,2019,4,201904,97,EUR,European Union,M,Import,156,CHN,China,0,W00,World,H5,HS,True,9503,"Tricycles, scooters, pedal cars and similar wheeled toys; dolls' carriages; dolls; other toys; reduced-size (scale) models and similar recreational models, working or not; puzzles of all kinds",4,False,C00,TOTAL CPC,0,0,TOTAL MOT,8,kg,44584893.734,True,-1,N/A,0.0,False,44584893.734,True,0.0,False,400166208.33,,400166208.33,6,False,True
C,M,20190501,2019,5,201905,97,EUR,European Union,M,Import,156,CHN,China,0,W00,World,H5,HS,True,3923,"Plastic articles for the conveyance or packing of goods; stoppers, lids, caps and other closures of plastics",4,False,C00,TOTAL CPC,0,0,TOTAL MOT,8,kg,28736173.554,True,-1,N/A,0.0,False,28736173.554,True,0.0,False,145723440.393,,145723440.393,6,False,True
C,M,20190501,2019,5,201905,97,EUR,European Union,M,Import,156,CHN,China,0,W00,World,H5,HS,True,3924,"Tableware, kitchenware, other household articles and hygienic or toilet articles, of plastics",4,False,C00,TOTAL CPC,0,0,TOTAL MOT,8,kg,26105669.0,False,8,kg,26105669.0,False,26105669.0,False,0.0,False,129327892.87,,129327892.87,0,False,True
C,M,20190501,2019,5,201905,97,EUR,European Union,M,Import,156,CHN,China,0,W00,World,H5,HS,True,3926,"Articles of plastics and articles of other materials of heading no. 3901 to 3914, n.e.c. in chapter 39",4,False,C00,TOTAL CPC,0,0,TOTAL MOT,8,kg,79423248.0,False,8,kg,79423248.0,False,79423248.0,False,0.0,False,440650283.327,,440650283.327,0,False,True
C,M,20190501,2019,5,201905,97,EUR,European Union,M,Import,156,CHN,China,0,W00,World,H5,HS,True,8414,"Air or vacuum pumps, air or other gas compressors and fans; ventilating or recycling hoods incorporating a fan whether or not fitted with filters",4,False,C00,TOTAL CPC,0,0,TOTAL MOT,-1,N/A,0.0,True,-1,N/A,0.0,False,60539378.0,False,0.0,False,319937145.306,,319937145.306,2,False,True
C,M,20190501,2019,5,201905,97,EUR,European Union,M,Import,156,CHN,China,0,W00,World,H5,HS,True,8415,"Air conditioning machines; comprising a motor driven fan and elements for changing the temperature and humidity, including those machines in which the humidity cannot be separately regulated",4,False,C00,TOTAL CPC,0,0,TOTAL MOT,-1,N/A,0.0,True,-1,N/A,0.0,False,48301297.196,True,0.0,False,349516197.227,,349516197.227,6,False,True
C,M,20190501,2019,5,201905,97,EUR,European Union,M,Import,156,CHN,China,0,W00,World,H5,HS,True,8418,"Refrigerators, freezers and other refrigerating or freezing equipment, electric or other; heat pumps other than air conditioning machines of heading no. 8415",4,False,C00,TOTAL CPC,0,0,TOTAL MOT,-1,N/A,0.0,True,-1,N/A,0.0,False,71444290.0,False,0.0,False,293122189.205,,293122189.205,2,False,True
C,M,20190501,2019,5,201905,97,EUR,European Union,M,Import,156,CHN,China,0,W00,World,H5,HS,True,8450,Household or laundry-type washing machines; including machines which both wash and dry,4,False,C00,TOTAL CPC,0,0,TOTAL MOT,-1,N/A,0.0,False,-1,N/A,0.0,False,23456319.0,False,0.0,False,73587057.076,,73587057.076,0,False,True
C,M,20190501,2019,5,201905,97,EUR,European Union,M,Import,156,CHN,China,0,W00,World,H5,HS,True,8508,Vacuum cleaners,4,False,C00,TOTAL CPC,0,0,TOTAL MOT,-1,N/A,0.0,False,-1,N/A,0.0,False,18178061.0,False,0.0,False,185062557.009,,185062557.009,0,False,True
C,M,20190501,2019,5,201905,97,EUR,European Union,M,Import,156,CHN,China,0,W00,World,H5,HS,True,8509,"Electro-mechanical domestic appliances; with self-contained electric motor, other than vacuum cleaners of heading 85.08.",4,False,C00,TOTAL CPC,0,0,TOTAL MOT,-1,N/A,0.0,True,-1,N/A,0.0,False,13925196.0,False,0.0,False,134182293.493,,134182293.493,2,False,True
C,M,20190501,2019,5,201905,97,EUR,European Union,M,Import,156,CHN,China,0,W00,World,H5,HS,True,8516,"Electric water, space, soil heaters; electro-thermic hair-dressing apparatus; hand dryers, irons; electro-thermic appliances for domestic purposes; electro heating resistors, not of heading no. 8545",4,False,C00,TOTAL CPC,0,0,TOTAL MOT,-1,N/A,0.0,True,-1,N/A,0.0,False,68367483.0,False,0.0,False,433731745.369,,433731745.369,2,False,True
C,M,20190501,2019,5,201905,97,EUR,European Union,M,Import,156,CHN,China,0,W00,World,H5,HS,True,9401,"Seats (not those of heading no. 9402), whether or not convertible into beds and parts thereof",4,False,C00,TOTAL CPC,0,0,TOTAL MOT,-1,N/A,0.0,True,-1,N/A,0.0,False,150845390.218,True,0.0,False,619230489.084,,619230489.084,6,False,True
C,M,20190501,2019,5,201905,97,EUR,European Union,M,Import,156,CHN,China,0,W00,World,H5,HS,True,9403,"Furniture and parts thereof, n.e.c. in chapter 94",4,False,C00,TOTAL CPC,0,0,TOTAL MOT,-1,N/A,0.0,True,-1,N/A,0.0,False,185891886.0,False,0.0,False,512463584.103,,512463584.103,2,False,True
C,M,20190501,2019,5,201905,97,EUR,European Union,M,Import,156,CHN,China,0,W00,World,H5,HS,True,9405,"Lamps, light fittings; including searchlights, spotlights and parts thereof, n.e.c.; illuminated signs, name-plates and the like, having permanently fixed light source and parts thereof n.e.c. or included",4,False,C00,TOTAL CPC,0,0,TOTAL MOT,8,kg,59869182.465,True,-1,N/A,0.0,False,59869182.465,True,0.0,False,607321192.457,,607321192.457,6,False,True
C,M,20190501,2019,5,201905,97,EUR,European Union,M,Import,156,CHN,China,0,W00,World,H5,HS,True,9503,"Tricycles, scooters, pedal cars and similar wheeled toys; dolls' carriages; dolls; other toys; reduced-size (scale) models and similar recreational models, working or not; puzzles of all kinds",4,False,C00,TOTAL CPC,0,0,TOTAL MOT,8,kg,54345515.6,True,-1,N/A,0.0,False,54345515.6,True,0.0,False,467240628.254,,467240628.254,6,False,True
C,M,20190601,2019,6,201906,97,EUR,European Union,M,Import,156,CHN,China,0,W00,World,H5,HS,True,3923,"Plastic articles for the conveyance or packing of goods; stoppers, lids, caps and other closures of plastics",4,False,C00,TOTAL CPC,0,0,TOTAL MOT,8,kg,25664402.636,True,-1,N/A,0.0,False,25664402.636,True,0.0,False,137300059.359,,137300059.359,6,False,True
C,M,20190601,2019,6,201906,97,EUR,European Union,M,Import,156,CHN,China,0,W00,World,H5,HS,True,3924,"Tableware, kitchenware, other household articles and hygienic or toilet articles, of plastics",4,False,C00,TOTAL CPC,0,0,TOTAL MOT,8,kg,25413095.619,True,-1,N/A,0.0,False,25413095.619,True,0.0,False,132673597.21,,132673597.21,6,False,True
C,M,20190601,2019,6,201906,97,EUR,European Union,M,Import,156,CHN,China,0,W00,World,H5,HS,True,3926,"Articles of plastics and articles of other materials of heading no. 3901 to 3914, n.e.c. in chapter 39",4,False,C00,TOTAL CPC,0,0,TOTAL MOT,8,kg,68723359.232,True,-1,N/A,0.0,False,68723359.232,True,0.0,False,395612981.153,,395612981.153,6,False,True
C,M,20190601,2019,6,201906,97,EUR,European Union,M,Import,156,CHN,China,0,W00,World,H5,HS,True,8414,"Air or vacuum pumps, air or other gas compressors and fans; ventilating or recycling hoods incorporating a fan whether or not fitted with filters",4,False,C00,TOTAL CPC,0,0,TOTAL MOT,-1,N/A,0.0,True,-1,N/A,0.0,False,48372680.867,True,0.0,False,267181321.634,,267181321.634,6,False,True
C,M,20190601,2019,6,201906,97,EUR,European Union,M,Import,156,CHN,China,0,W00,World,H5,HS,True,8415,"Air conditioning machines; comprising a motor driven fan and elements for changing the temperature and humidity, including those machines in which the humidity cannot be separately regulated",4,False,C00,TOTAL CPC,0,0,TOTAL MOT,-1,N/A,0.0,True,-1,N/A,0.0,False,43311198.0,False,0.0,False,327503227.73,,327503227.73,2,False,True
C,M,20190601,2019,6,201906,97,EUR,European Union,M,Import,156,CHN,China,0,W00,World,H5,HS,True,8418,"Refrigerators, freezers and other refrigerating or freezing equipment, electric or other; heat pumps other than air conditioning machines of heading no. 8415",4,False,C00,TOTAL CPC,0,0,TOTAL MOT,-1,N/A,0.0,True,-1,N/A,0.0,False,65206277.221,True,0.0,False,268488434.431,,268488434.431,6,False,True
C,M,20190601,2019,6,201906,97,EUR,European Union,M,Import,156,CHN,China,0,W00,World,H5,HS,True,8450,Household or laundry-type washing machines; including machines which both wash and dry,4,False,C00,TOTAL CPC,0,0,TOTAL MOT,-1,N/A,0.0,True,-1,N/A,0.0,False,20030997.135,True,0.0,False,62661000.751,,62661000.751,6,False,True
C,M,20190601,2019,6,201906,97,EUR,European Union,M,Import,156,CHN,China,0,W00,World,H5,HS,True,8508,Vacuum cleaners,4,False,C00,TOTAL CPC,0,0,TOTAL MOT,-1,N/A,0.0,False,-1,N/A,0.0,False,15321627.0,False,0.0,False,160261023.253,,160261023.253,0,False,True
C,M,20190601,2019,6,201906,97,EUR,European Union,M,Import,156,CHN,China,0,W00,World,H5,HS,True,8509,"Electro-mechanical domestic appliances; with self-contained electric motor, other than vacuum cleaners of heading 85.08.",4,False,C00,TOTAL CPC,0,0,TOTAL MOT,-1,N/A,0.0,True,-1,N/A,0.0,False,12791701.514,True,0.0,False,126337183.297,,126337183.297,6,False,True
C,M,20190601,2019,6,201906,97,EUR,European Union,M,Import,156,CHN,China,0,W00,World,H5,HS,True,8516,"Electric water, space, soil heaters; electro-thermic hair-dressing apparatus; hand dryers, irons; electro-thermic appliances for domestic purposes; electro heating resistors, not of heading no. 8545",4,False,C00,TOTAL CPC,0,0,TOTAL MOT,-1,N/A,0.0,True,-1,N/A,0.0,False,69972899.817,True,0.0,False,440857681.012,,440857681.012,6,False,True
C,M,20190601,2019,6,201906,97,EUR,European Union,M,Import,156,CHN,China,0,W00,World,H5,HS,True,9401,"Seats (not those of heading no. 9402), whether or not convertible into beds and parts thereof",4,False,C00,TOTAL CPC,0,0,TOTAL MOT,-1,N/A,0.0,True,-1,N/A,0.0,False,126257773.0,False,0.0,False,527577890.409,,527577890.409,2,False,True
C,M,20190601,2019,6,201906,97,EUR,European Union,M,Import,156,CHN,China,0,W00,World,H5,HS,True,9403,"Furniture and parts thereof, n.e.c. in chapter 94",4,False,C00,TOTAL CPC,0,0,TOTAL MOT,-1,N/A,0.0,True,-1,N/A,0.0,False,170750807.0,False,0.0,False,470219400.706,,470219400.706,2,False,True
C,M,20190601,2019,6,201906,97,EUR,European Union,M,Import,156,CHN,China,0,W00,World,H5,HS,True,9405,"Lamps, light fittings; including searchlights, spotlights and parts thereof, n.e.c.; illuminated signs, name-plates and the like, having permanently fixed light source and parts thereof n.e.c. or included",4,False,C00,TOTAL CPC,0,0,TOTAL MOT,8,kg,57953691.0,False,8,kg,57953691.0,False,57953691.0,False,0.0,False,605319416.528,,605319416.528,0,False,True
C,M,20190601,2019,6,201906,97,EUR,European Union,M,Import,156,CHN,China,0,W00,World,H5,HS,True,9503,"Tricycles, scooters, pedal cars and similar wheeled toys; dolls' carriages; dolls; other toys; reduced-size (scale) models and similar recreational models, working or not; puzzles of all kinds",4,False,C00,TOTAL CPC,0,0,TOTAL MOT,8,kg,51281421.83,True,-1,N/A,0.0,False,51281421.83,True,0.0,False,474220769.778,,474220769.778,6,False,True
C,M,20190701,2019,7,201907,97,EUR,European Union,M,Import,156,CHN,China,0,W00,World,H5,HS,True,3923,"Plastic articles for the conveyance or packing of goods; stoppers, lids, caps and other closures of plastics",4,False,C00,TOTAL CPC,0,0,TOTAL MOT,8,kg,28261784.026,True,-1,N/A,0.0,False,28261784.026,True,0.0,False,149139423.86,,149139423.86,6,False,True
C,M,20190701,2019,7,201907,97,EUR,European Union,M,Import,156,CHN,China,0,W00,World,H5,HS,True,3924,"Tableware, kitchenware, other household articles and hygienic or toilet articles, of plastics",4,False,C00,TOTAL CPC,0,0,TOTAL MOT,8,kg,26361218.0,False,8,kg,26361218.0,False,26361218.0,False,0.0,False,138408810.579,,138408810.579,0,False,True
C,M,20190701,2019,7,201907,97,EUR,European Union,M,Import,156,CHN,China,0,W00,World,H5,HS,True,3926,"Articles of plastics and articles of other materials of heading no. 3901 to 3914, n.e.c. in chapter 39",4,False,C00,TOTAL CPC,0,0,TOTAL MOT,8,kg,77477595.0,False,8,kg,77477595.0,False,77477595.0,False,0.0,False,458810194.367,,458810194.367,0,False,True
C,M,20190701,2019,7,201907,97,EUR,European Union,M,Import,156,CHN,China,0,W00,World,H5,HS,True,8414,"Air or vacuum pumps, air or other gas compressors and fans; ventilating or recycling hoods incorporating a fan whether or not fitted with filters",4,False,C00,TOTAL CPC,0,0,TOTAL MOT,-1,N/A,0.0,False,-1,N/A,0.0,False,53284336.416,True,0.0,False,256849452.365,,256849452.365,4,False,True
C,M,20190701,2019,7,201907,97,EUR,European Union,M,Import,156,CHN,China,0,W00,World,H5,HS,True,8415,"Air conditioning machines; comprising a motor driven fan and elements for changing the temperature and humidity, including those machines in which the humidity cannot be separately regulated",4,False,C00,TOTAL CPC,0,0,TOTAL MOT,-1,N/A,0.0,True,-1,N/A,0.0,False,31471742.0,False,0.0,False,243491385.571,,243491385.571,2,False,True
C,M,20190701,2019,7,201907,97,EUR,European Union,M,Import,156,CHN,China,0,W00,World,H5,HS,True,8418,"Refrigerators, freezers and other refrigerating or freezing equipment, electric or other; heat pumps other than air conditioning machines of heading no. 8415",4,False,C00,TOTAL CPC,0,0,TOTAL MOT,-1,N/A,0.0,True,-1,N/A,0.0,False,77695993.0,False,0.0,False,301233713.31,,301233713.31,2,False,True
C,M,20190701,2019,7,201907,97,EUR,European Union,M,Import,156,CHN,China,0,W00,World,H5,HS,True,8450,Household or laundry-type washing machines; including machines which both wash and dry,4,False,C00,TOTAL CPC,0,0,TOTAL MOT,-1,N/A,0.0,False,-1,N/A,0.0,False,23705857.0,False,0.0,False,74204631.864,,74204631.864,0,False,True
C,M,20190701,2019,7,201907,97,EUR,European Union,M,Import,156,CHN,China,0,W00,World,H5,HS,True,8508,Vacuum cleaners,4,False,C00,TOTAL CPC,0,0,TOTAL MOT,-1,N/A,0.0,False,-1,N/A,0.0,False,19397150.0,False,0.0,False,206161756.451,,206161756.451,0,False,True
C,M,20190701,2019,7,201907,97,EUR,European Union,M,Import,156,CHN,China,0,W00,World,H5,HS,True,8509,"Electro-mechanical domestic appliances; with self-contained electric motor, other than vacuum cleaners of heading 85.08.",4,False,C00,TOTAL CPC,0,0,TOTAL MOT,-1,N/A,0.0,True,-1,N/A,0.0,False,14859227.0,False,0.0,False,144483888.488,,144483888.488,2,False,True
C,M,20190701,2019,7,201907,97,EUR,European Union,M,Import,156,CHN,China,0,W00,World,H5,HS,True,8516,"Electric water, space, soil heaters; electro-thermic hair-dressing apparatus; hand dryers, irons; electro-thermic appliances for domestic purposes; electro heating resistors, not of heading no. 8545",4,False,C00,TOTAL CPC,0,0,TOTAL MOT,-1,N/A,0.0,True,-1,N/A,0.0,False,88675011.668,True,0.0,False,516948883.531,,516948883.531,6,False,True
C,M,20190701,2019,7,201907,97,EUR,European Union,M,Import,156,CHN,China,0,W00,World,H5,HS,True,9401,"Seats (not those of heading no. 9402), whether or not convertible into beds and parts thereof",4,False,C00,TOTAL CPC,0,0,TOTAL MOT,-1,N/A,0.0,True,-1,N/A,0.0,False,130723337.774,True,0.0,False,530646930.364,,530646930.364,6,False,True
C,M,20190701,2019,7,201907,97,EUR,European Union,M,Import,156,CHN,China,0,W00,World,H5,HS,True,9403,"Furniture and parts thereof, n.e.c. in chapter 94",4,False,C00,TOTAL CPC,0,0,TOTAL MOT,-1,N/A,0.0,True,-1,N/A,0.0,False,193499897.0,False,0.0,False,513123069.258,,513123069.258,2,False,True
C,M,20190701,2019,7,201907,97,EUR,European Union,M,Import,156,CHN,China,0,W00,World,H5,HS,True,9405,"Lamps, light fittings; including searchlights, spotlights and parts thereof, n.e.c.; illuminated signs, name-plates and the like, having permanently fixed light source and parts thereof n.e.c. or included",4,False,C00,TOTAL CPC,0,0,TOTAL MOT,8,kg,73789012.0,False,8,kg,73789012.0,False,73789012.0,False,0.0,False,733862963.091,,733862963.091,0,False,True
C,M,20190701,2019,7,201907,97,EUR,European Union,M,Import,156,CHN,China,0,W00,World,H5,HS,True,9503,"Tricycles, scooters, pedal cars and similar wheeled toys; dolls' carriages; dolls; other toys; reduced-size (scale) models and similar recreational models, working or not; puzzles of all kinds",4,False,C00,TOTAL CPC,0,0,TOTAL MOT,8,kg,66361720.702,True,-1,N/A,0.0,False,66361720.702,True,0.0,False,619086553.741,,619086553.741,6,False,True
C,M,20190801,2019,8,201908,97,EUR,European Union,M,Import,156,CHN,China,0,W00,World,H5,HS,True,3923,"Plastic articles for the conveyance or packing of goods; stoppers, lids, caps and other closures of plastics",4,False,C00,TOTAL CPC,0,0,TOTAL MOT,8,kg,27391315.729,True,-1,N/A,0.0,False,27391315.729,True,0.0,False,134575514.741,,134575514.741,6,False,True
C,M,20190801,2019,8,201908,97,EUR,European Union,M,Import,156,CHN,China,0,W00,World,H5,HS,True,3924,"Tableware, kitchenware, other household articles and hygienic or toilet articles, of plastics",4,False,C00,TOTAL CPC,0,0,TOTAL MOT,8,kg,21521411.0,False,8,kg,21521411.0,False,21521411.0,False,0.0,False,113601009.068,,113601009.068,0,False,True
C,M,20190801,2019,8,201908,97,EUR,European Union,M,Import,156,CHN,China,0,W00,World,H5,HS,True,3926,"Articles of plastics and articles of other materials of heading no. 3901 to 3914, n.e.c. in chapter 39",4,False,C00,TOTAL CPC,0,0,TOTAL MOT,8,kg,67674382.299,True,-1,N/A,0.0,False,67674382.299,True,0.0,False,411266172.788,,411266172.788,6,False,True
C,M,20190801,2019,8,201908,97,EUR,European Union,M,Import,156,CHN,China,0,W00,World,H5,HS,True,8414,"Air or vacuum pumps, air or other gas compressors and fans; ventilating or recycling hoods incorporating a fan whether or not fitted with filters",4,False,C00,TOTAL CPC,0,0,TOTAL MOT,-1,N/A,0.0,True,-1,N/A,0.0,False,34196356.223,True,0.0,False,204963279.003,,204963279.003,6,False,True
C,M,20190801,2019,8,201908,97,EUR,European Union,M,Import,156,CHN,China,0,W00,World,H5,HS,True,8415,"Air conditioning machines; comprising a motor driven fan and elements for changing the temperature and humidity, including those machines in which the humidity cannot be separately regulated",4,False,C00,TOTAL CPC,0,0,TOTAL MOT,-1,N/A,0.0,True,-1,N/A,0.0,False,15526410.0,False,0.0,False,130622020.309,,130622020.309,2,False,True
C,M,20190801,2019,8,201908,97,EUR,European Union,M,Import,156,CHN,China,0,W00,World,H5,HS,True,8418,"Refrigerators, freezers and other refrigerating or freezing equipment, electric or other; heat pumps other than air conditioning machines of heading no. 8415",4,False,C00,TOTAL CPC,0,0,TOTAL MOT,-1,N/A,0.0,True,-1,N/A,0.0,False,56321175.0,False,0.0,False,224808432.277,,224808432.277,2,False,True
C,M,20190801,2019,8,201908,97,EUR,European Union,M,Import,156,CHN,China,0,W00,World,H5,HS,True,8450,Household or laundry-type washing machines; including machines which both wash and dry,4,False,C00,TOTAL CPC,0,0,TOTAL MOT,-1,N/A,0.0,False,-1,N/A,0.0,False,22174777.0,False,0.0,False,67708031.794,,67708031.794,0,False,True
C,M,20190801,2019,8,201908,97,EUR,European Union,M,Import,156,CHN,China,0,W00,World,H5,HS,True,8508,Vacuum cleaners,4,False,C00,TOTAL CPC,0,0,TOTAL MOT,-1,N/A,0.0,False,-1,N/A,0.0,False,19178225.0,False,0.0,False,196306749.403,,196306749.403,0,False,True
C,M,20190801,2019,8,201908,97,EUR,European Union,M,Import,156,CHN,China,0,W00,World,H5,HS,True,8509,"Electro-mechanical domestic appliances; with self-contained electric motor, other than vacuum cleaners of heading 85.08.",4,False,C00,TOTAL CPC,0,0,TOTAL MOT,-1,N/A,0.0,True,-1,N/A,0.0,False,14498727.0,False,0.0,False,138786433.419,,138786433.419,2,False,True
C,M,20190801,2019,8,201908,97,EUR,European Union,M,Import,156,CHN,China,0,W00,World,H5,HS,True,8516,"Electric water, space, soil heaters; electro-thermic hair-dressing apparatus; hand dryers, irons; electro-thermic appliances for domestic purposes; electro heating resistors, not of heading no. 8545",4,False,C00,TOTAL CPC,0,0,TOTAL MOT,-1,N/A,0.0,True,-1,N/A,0.0,False,80946230.802,True,0.0,False,493835238.513,,493835238.513,6,False,True
C,M,20190801,2019,8,201908,97,EUR,European Union,M,Import,156,CHN,China,0,W00,World,H5,HS,True,9401,"Seats (not those of heading no. 9402), whether or not convertible into beds and parts thereof",4,False,C00,TOTAL CPC,0,0,TOTAL MOT,-1,N/A,0.0,True,-1,N/A,0.0,False,100467636.912,True,0.0,False,414649249.886,,414649249.886,6,False,True
C,M,20190801,2019,8,201908,97,EUR,European Union,M,Import,156,CHN,China,0,W00,World,H5,HS,True,9403,"Furniture and parts thereof, n.e.c. in chapter 94",4,False,C00,TOTAL CPC,0,0,TOTAL MOT,-1,N/A,0.0,True,-1,N/A,0.0,False,154371952.0,False,0.0,False,408915860.175,,408915860.175,2,False,True
C,M,20190801,2019,8,201908,97,EUR,European Union,M,Import,156,CHN,China,0,W00,World,H5,HS,True,9405,"Lamps, light fittings; including searchlights, spotlights and parts thereof, n.e.c.; illuminated signs, name-plates and the like, having permanently fixed light source and parts thereof n.e.c. or included",4,False,C00,TOTAL CPC,0,0,TOTAL MOT,8,kg,78066058.619,True,-1,N/A,0.0,False,78066058.619,True,0.0,False,755622067.811,,755622067.811,6,False,True
C,M,20190801,2019,8,201908,97,EUR,European Union,M,Import,156,CHN,China,0,W00,World,H5,HS,True,9503,"Tricycles, scooters, pedal cars and similar wheeled toys; dolls' carriages; dolls; other toys; reduced-size (scale) models and similar recreational models, working or not; puzzles of all kinds",4,False,C00,TOTAL CPC,0,0,TOTAL MOT,8,kg,78281350.15,True,-1,N/A,0.0,False,78281350.15,True,0.0,False,768777606.45,,768777606.45,6,False,True
C,M,20190901,2019,9,201909,97,EUR,European Union,M,Import,156,CHN,China,0,W00,World,H5,HS,True,3923,"Plastic articles for the conveyance or packing of goods; stoppers, lids, caps and other closures of plastics",4,False,C00,TOTAL CPC,0,0,TOTAL MOT,8,kg,26506478.0,False,-1,N/A,0.0,False,26506478.0,False,0.0,False,135664104.344,,135664104.344,0,False,True
C,M,20190901,2019,9,201909,97,EUR,European Union,M,Import,156,CHN,China,0,W00,World,H5,HS,True,3924,"Tableware, kitchenware, other household articles and hygienic or toilet articles, of plastics",4,False,C00,TOTAL CPC,0,0,TOTAL MOT,8,kg,20645443.0,False,8,kg,20645443.0,False,20645443.0,False,0.0,False,109659665.856,,109659665.856,0,False,True
C,M,20190901,2019,9,201909,97,EUR,European Union,M,Import,156,CHN,China,0,W00,World,H5,HS,True,3926,"Articles of plastics and articles of other materials of heading no. 3901 to 3914, n.e.c. in chapter 39",4,False,C00,TOTAL CPC,0,0,TOTAL MOT,8,kg,63358173.865,True,-1,N/A,0.0,False,63358173.865,True,0.0,False,447959066.861,,447959066.861,6,False,True
C,M,20190901,2019,9,201909,97,EUR,European Union,M,Import,156,CHN,China,0,W00,World,H5,HS,True,8414,"Air or vacuum pumps, air or other gas compressors and fans; ventilating or recycling hoods incorporating a fan whether or not fitted with filters",4,False,C00,TOTAL CPC,0,0,TOTAL MOT,-1,N/A,0.0,False,-1,N/A,0.0,False,30980859.93,True,0.0,False,195030120.636,,195030120.636,4,False,True
C,M,20190901,2019,9,201909,97,EUR,European Union,M,Import,156,CHN,China,0,W00,World,H5,HS,True,8415,"Air conditioning machines; comprising a motor driven fan and elements for changing the temperature and humidity, including those machines in which the humidity cannot be separately regulated",4,False,C00,TOTAL CPC,0,0,TOTAL MOT,-1,N/A,0.0,True,-1,N/A,0.0,False,17237844.0,False,0.0,False,136928773.768,,136928773.768,2,False,True
C,M,20190901,2019,9,201909,97,EUR,European Union,M,Import,156,CHN,China,0,W00,World,H5,HS,True,8418,"Refrigerators, freezers and other refrigerating or freezing equipment, electric or other; heat pumps other than air conditioning machines of heading no. 8415",4,False,C00,TOTAL CPC,0,0,TOTAL MOT,-1,N/A,0.0,True,-1,N/A,0.0,False,52928172.763,True,0.0,False,213729556.286,,213729556.286,6,False,True
C,M,20190901,2019,9,201909,97,EUR,European Union,M,Import,156,CHN,China,0,W00,World,H5,HS,True,8450,Household or laundry-type washing machines; including machines which both wash and dry,4,False,C00,TOTAL CPC,0,0,TOTAL MOT,-1,N/A,0.0,False,-1,N/A,0.0,False,23957506.0,False,0.0,False,73475143.145,,73475143.145,0,False,True
C,M,20190901,2019,9,201909,97,EUR,European Union,M,Import,156,CHN,China,0,W00,World,H5,HS,True,8508,Vacuum cleaners,4,False,C00,TOTAL CPC,0,0,TOTAL MOT,-1,N/A,0.0,False,-1,N/A,0.0,False,20247483.0,False,0.0,False,210460890.706,,210460890.706,0,False,True
C,M,20190901,2019,9,201909,97,EUR,European Union,M,Import,156,CHN,China,0,W00,World,H5,HS,True,8509,"Electro-mechanical domestic appliances; with self-contained electric motor, other than vacuum cleaners of heading 85.08.",4,False,C00,TOTAL CPC,0,0,TOTAL MOT,-1,N/A,0.0,True,-1,N/A,0.0,False,14606644.0,False,0.0,False,149958929.713,,149958929.713,2,False,True
C,M,20190901,2019,9,201909,97,EUR,European Union,M,Import,156,CHN,China,0,W00,World,H5,HS,True,8516,"Electric water, space, soil heaters; electro-thermic hair-dressing apparatus; hand dryers, irons; electro-thermic appliances for domestic purposes; electro heating resistors, not of heading no. 8545",4,False,C00,TOTAL CPC,0,0,TOTAL MOT,-1,N/A,0.0,True,-1,N/A,0.0,False,101509534.0,False,0.0,False,603888002.963,,603888002.963,2,False,True
C,M,20190901,2019,9,201909,97,EUR,European Union,M,Import,156,CHN,China,0,W00,World,H5,HS,True,9401,"Seats (not those of heading no. 9402), whether or not convertible into beds and parts thereof",4,False,C00,TOTAL CPC,0,0,TOTAL MOT,-1,N/A,0.0,True,-1,N/A,0.0,False,101077061.0,False,0.0,False,424029936.404,,424029936.404,2,False,True
C,M,20190901,2019,9,201909,97,EUR,European Union,M,Import,156,CHN,China,0,W00,World,H5,HS,True,9403,"Furniture and parts thereof, n.e.c. in chapter 94",4,False,C00,TOTAL CPC,0,0,TOTAL MOT,-1,N/A,0.0,True,-1,N/A,0.0,False,146443131.0,False,0.0,False,381270061.858,,381270061.858,2,False,True
C,M,20190901,2019,9,201909,97,EUR,European Union,M,Import,156,CHN,China,0,W00,World,H5,HS,True,9405,"Lamps, light fittings; including searchlights, spotlights and parts thereof, n.e.c.; illuminated signs, name-plates and the like, having permanently fixed light source and parts thereof n.e.c. or included",4,False,C00,TOTAL CPC,0,0,TOTAL MOT,8,kg,81026338.0,False,8,kg,81026338.0,False,81026338.0,False,0.0,False,799448643.626,,799448643.626,0,False,True
C,M,20190901,2019,9,201909,97,EUR,European Union,M,Import,156,CHN,China,0,W00,World,H5,HS,True,9503,"Tricycles, scooters, pedal cars and similar wheeled toys; dolls' carriages; dolls; other toys; reduced-size (scale) models and similar recreational models, working or not; puzzles of all kinds",4,False,C00,TOTAL CPC,0,0,TOTAL MOT,8,kg,113355918.725,True,-1,N/A,0.0,False,113355918.725,True,0.0,False,1016465667.855,,1016465667.855,6,False,True
C,M,20191001,2019,10,201910,97,EUR,European Union,M,Import,156,CHN,China,0,W00,World,H5,HS,True,3923,"Plastic articles for the conveyance or packing of goods; stoppers, lids, caps and other closures of plastics",4,False,C00,TOTAL CPC,0,0,TOTAL MOT,8,kg,28461425.677,True,-1,N/A,0.0,False,28461425.677,True,0.0,False,139951273.215,,139951273.215,6,False,True
C,M,20191001,2019,10,201910,97,EUR,European Union,M,Import,156,CHN,China,0,W00,World,H5,HS,True,3924,"Tableware, kitchenware, other household articles and hygienic or toilet articles, of plastics",4,False,C00,TOTAL CPC,0,0,TOTAL MOT,8,kg,21457504.0,False,8,kg,21457504.0,False,21457504.0,False,0.0,False,114458167.933,,114458167.933,0,False,True
C,M,20191001,2019,10,201910,97,EUR,European Union,M,Import,156,CHN,China,0,W00,World,H5,HS,True,3926,"Articles of plastics and articles of other materials of heading no. 3901 to 3914, n.e.c. in chapter 39",4,False,C00,TOTAL CPC,0,0,TOTAL MOT,8,kg,68326362.45,True,-1,N/A,0.0,False,68326362.45,True,0.0,False,448297577.591,,448297577.591,6,False,True
C,M,20191001,2019,10,201910,97,EUR,European Union,M,Import,156,CHN,China,0,W00,World,H5,HS,True,8414,"Air or vacuum pumps, air or other gas compressors and fans; ventilating or recycling hoods incorporating a fan whether or not fitted with filters",4,False,C00,TOTAL CPC,0,0,TOTAL MOT,-1,N/A,0.0,False,-1,N/A,0.0,False,32125260.589,True,0.0,False,209077092.083,,209077092.083,4,False,True
C,M,20191001,2019,10,201910,97,EUR,European Union,M,Import,156,CHN,China,0,W00,World,H5,HS,True,8415,"Air conditioning machines; comprising a motor driven fan and elements for changing the temperature and humidity, including those machines in which the humidity cannot be separately regulated",4,False,C00,TOTAL CPC,0,0,TOTAL MOT,-1,N/A,0.0,True,-1,N/A,0.0,False,16599970.0,False,0.0,False,139638751.85,,139638751.85,2,False,True
C,M,20191001,2019,10,201910,97,EUR,European Union,M,Import,156,CHN,China,0,W00,World,H5,HS,True,8418,"Refrigerators, freezers and other refrigerating or freezing equipment, electric or other; heat pumps other than air conditioning machines of heading no. 8415",4,False,C00,TOTAL CPC,0,0,TOTAL MOT,-1,N/A,0.0,True,-1,N/A,0.0,False,61359328.561,True,0.0,False,253598137.193,,253598137.193,6,False,True
C,M,20191001,2019,10,201910,97,EUR,European Union,M,Import,156,CHN,China,0,W00,World,H5,HS,True,8450,Household or laundry-type washing machines; including machines which both wash and dry,4,False,C00,TOTAL CPC,0,0,TOTAL MOT,-1,N/A,0.0,False,-1,N/A,0.0,False,29513552.0,False,0.0,False,92518757.904,,92518757.904,0,False,True
C,M,20191001,2019,10,201910,97,EUR,European Union,M,Import,156,CHN,China,0,W00,World,H5,HS,True,8508,Vacuum cleaners,4,False,C00,TOTAL CPC,0,0,TOTAL MOT,-1,N/A,0.0,False,-1,N/A,0.0,False,23229042.0,False,0.0,False,281675658.287,,281675658.287,0,False,True
C,M,20191001,2019,10,201910,97,EUR,European Union,M,Import,156,CHN,China,0,W00,World,H5,HS,True,8509,"Electro-mechanical domestic appliances; with self-contained electric motor, other than vacuum cleaners of heading 85.08.",4,False,C00,TOTAL CPC,0,0,TOTAL MOT,-1,N/A,0.0,True,-1,N/A,0.0,False,18794757.0,False,0.0,False,198896942.327,,198896942.327,2,False,True
C,M,20191001,2019,10,201910,97,EUR,European Union,M,Import,156,CHN,China,0,W00,World,H5,HS,True,8516,"Electric water, space, soil heaters; electro-thermic hair-dressing apparatus; hand dryers, irons; electro-thermic appliances for domestic purposes; electro heating resistors, not of heading no. 8545",4,False,C00,TOTAL CPC,0,0,TOTAL MOT,-1,N/A,0.0,True,-1,N/A,0.0,False,115374527.0,False,0.0,False,711188644.904,,711188644.904,2,False,True
C,M,20191001,2019,10,201910,97,EUR,European Union,M,Import,156,CHN,China,0,W00,World,H5,HS,True,9401,"Seats (not those of heading no. 9402), whether or not convertible into beds and parts thereof",4,False,C00,TOTAL CPC,0,0,TOTAL MOT,-1,N/A,0.0,True,-1,N/A,0.0,False,115755200.0,False,0.0,False,491484476.925,,491484476.925,2,False,True
C,M,20191001,2019,10,201910,97,EUR,European Union,M,Import,156,CHN,China,0,W00,World,H5,HS,True,9403,"Furniture and parts thereof, n.e.c. in chapter 94",4,False,C00,TOTAL CPC,0,0,TOTAL MOT,-1,N/A,0.0,True,-1,N/A,0.0,False,161987845.0,False,0.0,False,421114676.934,,421114676.934,2,False,True
C,M,20191001,2019,10,201910,97,EUR,European Union,M,Import,156,CHN,China,0,W00,World,H5,HS,True,9405,"Lamps, light fittings; including searchlights, spotlights and parts thereof, n.e.c.; illuminated signs, name-plates and the like, having permanently fixed light source and parts thereof n.e.c. or included",4,False,C00,TOTAL CPC,0,0,TOTAL MOT,8,kg,81938433.459,True,-1,N/A,0.0,False,81938433.459,True,0.0,False,793018635.887,,793018635.887,6,False,True
C,M,20191001,2019,10,201910,97,EUR,European Union,M,Import,156,CHN,China,0,W00,World,H5,HS,True,9503,"Tricycles, scooters, pedal cars and similar wheeled toys; dolls' carriages; dolls; other toys; reduced-size (scale) models and similar recreational models, working or not; puzzles of all kinds",4,False,C00,TOTAL CPC,0,0,TOTAL MOT,8,kg,118019022.88,True,-1,N/A,0.0,False,118019022.88,True,0.0,False,1069608997.875,,1069608997.875,6,False,True
C,M,20191101,2019,11,201911,97,EUR,European Union,M,Import,156,CHN,China,0,W00,World,H5,HS,True,3923,"Plastic articles for the conveyance or packing of goods; stoppers, lids, caps and other closures of plastics",4,False,C00,TOTAL CPC,0,0,TOTAL MOT,8,kg,24719084.365,True,-1,N/A,0.0,False,24719084.365,True,0.0,False,118618719.158,,118618719.158,6,False,True
C,M,20191101,2019,11,201911,97,EUR,European Union,M,Import,156,CHN,China,0,W00,World,H5,HS,True,3924,"Tableware, kitchenware, other household articles and hygienic or toilet articles, of plastics",4,False,C00,TOTAL CPC,0,0,TOTAL MOT,8,kg,18829673.93,True,-1,N/A,0.0,False,18829673.93,True,0.0,False,99128265.837,,99128265.837,6,False,True
C,M,20191101,2019,11,201911,97,EUR,European Union,M,Import,156,CHN,China,0,W00,World,H5,HS,True,3926,"Articles of plastics and articles of other materials of heading no. 3901 to 3914, n.e.c. in chapter 39",4,False,C00,TOTAL CPC,0,0,TOTAL MOT,8,kg,58265969.0,False,8,kg,58265969.0,False,58265969.0,False,0.0,False,377611378.121,,377611378.121,0,False,True
C,M,20191101,2019,11,201911,97,EUR,European Union,M,Import,156,CHN,China,0,W00,World,H5,HS,True,8414,"Air or vacuum pumps, air or other gas compressors and fans; ventilating or recycling hoods incorporating a fan whether or not fitted with filters",4,False,C00,TOTAL CPC,0,0,TOTAL MOT,-1,N/A,0.0,True,-1,N/A,0.0,False,26046947.568,True,0.0,False,171166240.58,,171166240.58,6,False,True
C,M,20191101,2019,11,201911,97,EUR,European Union,M,Import,156,CHN,China,0,W00,World,H5,HS,True,8415,"Air conditioning machines; comprising a motor driven fan and elements for changing the temperature and humidity, including those machines in which the humidity cannot be separately regulated",4,False,C00,TOTAL CPC,0,0,TOTAL MOT,-1,N/A,0.0,True,-1,N/A,0.0,False,10997277.0,False,0.0,False,96354828.807,,96354828.807,2,False,True
C,M,20191101,2019,11,201911,97,EUR,European Union,M,Import,156,CHN,China,0,W00,World,H5,HS,True,8418,"Refrigerators, freezers and other refrigerating or freezing equipment, electric or other; heat pumps other than air conditioning machines of heading no. 8415",4,False,C00,TOTAL CPC,0,0,TOTAL MOT,-1,N/A,0.0,True,-1,N/A,0.0,False,54957726.595,True,0.0,False,216603610.609,,216603610.609,6,False,True
C,M,20191101,2019,11,201911,97,EUR,European Union,M,Import,156,CHN,China,0,W00,World,H5,HS,True,8450,Household or laundry-type washing machines; including machines which both wash and dry,4,False,C00,TOTAL CPC,0,0,TOTAL MOT,-1,N/A,0.0,False,-1,N/A,0.0,False,27109300.0,False,0.0,False,82258203.834,,82258203.834,0,False,True
C,M,20191101,2019,11,201911,97,EUR,European Union,M,Import,156,CHN,China,0,W00,World,H5,HS,True,8508,Vacuum cleaners,4,False,C00,TOTAL CPC,0,0,TOTAL MOT,-1,N/A,0.0,False,-1,N/A,0.0,False,19339649.0,False,0.0,False,238738180.533,,238738180.533,0,False,True
C,M,20191101,2019,11,201911,97,EUR,European Union,M,Import,156,CHN,China,0,W00,World,H5,HS,True,8509,"Electro-mechanical domestic appliances; with self-contained electric motor, other than vacuum cleaners of heading 85.08.",4,False,C00,TOTAL CPC,0,0,TOTAL MOT,-1,N/A,0.0,True,-1,N/A,0.0,False,15914871.0,False,0.0,False,157382639.291,,157382639.291,2,False,True
C,M,20191101,2019,11,201911,97,EUR,European Union,M,Import,156,CHN,China,0,W00,World,H5,HS,True,8516,"Electric water, space, soil heaters; electro-thermic hair-dressing apparatus; hand dryers, irons; electro-thermic appliances for domestic purposes; electro heating resistors, not of heading no. 8545",4,False,C00,TOTAL CPC,0,0,TOTAL MOT,-1,N/A,0.0,True,-1,N/A,0.0,False,84120178.627,True,0.0,False,543222433.221,,543222433.221,6,False,True
C,M,20191101,2019,11,201911,97,EUR,European Union,M,Import,156,CHN,China,0,W00,World,H5,HS,True,9401,"Seats (not those of heading no. 9402), whether or not convertible into beds and parts thereof",4,False,C00,TOTAL CPC,0,0,TOTAL MOT,-1,N/A,0.0,True,-1,N/A,0.0,False,106932276.0,False,0.0,False,451521619.179,,451521619.179,2,False,True
C,M,20191101,2019,11,201911,97,EUR,European Union,M,Import,156,CHN,China,0,W00,World,H5,HS,True,9403,"Furniture and parts thereof, n.e.c. in chapter 94",4,False,C00,TOTAL CPC,0,0,TOTAL MOT,-1,N/A,0.0,True,-1,N/A,0.0,False,144387828.0,False,0.0,False,375600570.466,,375600570.466,2,False,True
C,M,20191101,2019,11,201911,97,EUR,European Union,M,Import,156,CHN,China,0,W00,World,H5,HS,True,9405,"Lamps, light fittings; including searchlights, spotlights and parts thereof, n.e.c.; illuminated signs, name-plates and the like, having permanently fixed light source and parts thereof n.e.c. or included",4,False,C00,TOTAL CPC,0,0,TOTAL MOT,8,kg,53724490.545,True,-1,N/A,0.0,False,53724490.545,True,0.0,False,535053562.141,,535053562.141,6,False,True
C,M,20191101,2019,11,201911,97,EUR,European Union,M,Import,156,CHN,China,0,W00,World,H5,HS,True,9503,"Tricycles, scooters, pedal cars and similar wheeled toys; dolls' carriages; dolls; other toys; reduced-size (scale) models and similar recreational models, working or not; puzzles of all kinds",4,False,C00,TOTAL CPC,0,0,TOTAL MOT,8,kg,68696267.444,True,-1,N/A,0.0,False,68696267.444,True,0.0,False,629680388.154,,629680388.154,6,False,True
C,M,20191201,2019,12,201912,97,EUR,European Union,M,Import,156,CHN,China,0,W00,World,H5,HS,True,3923,"Plastic articles for the conveyance or packing of goods; stoppers, lids, caps and other closures of plastics",4,False,C00,TOTAL CPC,0,0,TOTAL MOT,8,kg,22849064.65,True,-1,N/A,0.0,False,22849064.65,True,0.0,False,113317489.423,,113317489.423,6,False,True
C,M,20191201,2019,12,201912,97,EUR,European Union,M,Import,156,CHN,China,0,W00,World,H5,HS,True,3924,"Tableware, kitchenware, other household articles and hygienic or toilet articles, of plastics",4,False,C00,TOTAL CPC,0,0,TOTAL MOT,8,kg,18017892.0,False,8,kg,18017892.0,False,18017892.0,False,0.0,False,93104940.021,,93104940.021,0,False,True
C,M,20191201,2019,12,201912,97,EUR,European Union,M,Import,156,CHN,China,0,W00,World,H5,HS,True,3926,"Articles of plastics and articles of other materials of heading no. 3901 to 3914, n.e.c. in chapter 39",4,False,C00,TOTAL CPC,0,0,TOTAL MOT,8,kg,57421453.0,False,8,kg,57421453.0,False,57421453.0,False,0.0,False,357810198.751,,357810198.751,0,False,True
C,M,20191201,2019,12,201912,97,EUR,European Union,M,Import,156,CHN,China,0,W00,World,H5,HS,True,8414,"Air or vacuum pumps, air or other gas compressors and fans; ventilating or recycling hoods incorporating a fan whether or not fitted with filters",4,False,C00,TOTAL CPC,0,0,TOTAL MOT,-1,N/A,0.0,False,-1,N/A,0.0,False,25430834.106,True,0.0,False,160896334.884,,160896334.884,4,False,True
C,M,20191201,2019,12,201912,97,EUR,European Union,M,Import,156,CHN,China,0,W00,World,H5,HS,True,8415,"Air conditioning machines; comprising a motor driven fan and elements for changing the temperature and humidity, including those machines in which the humidity cannot be separately regulated",4,False,C00,TOTAL CPC,0,0,TOTAL MOT,-1,N/A,0.0,True,-1,N/A,0.0,False,9611565.0,False,0.0,False,87095498.633,,87095498.633,2,False,True
C,M,20191201,2019,12,201912,97,EUR,European Union,M,Import,156,CHN,China,0,W00,World,H5,HS,True,8418,"Refrigerators, freezers and other refrigerating or freezing equipment, electric or other; heat pumps other than air conditioning machines of heading no. 8415",4,False,C00,TOTAL CPC,0,0,TOTAL MOT,-1,N/A,0.0,True,-1,N/A,0.0,False,43064501.617,True,0.0,False,177062998.362,,177062998.362,6,False,True
C,M,20191201,2019,12,201912,97,EUR,European Union,M,Import,156,CHN,China,0,W00,World,H5,HS,True,8450,Household or laundry-type washing machines; including machines which both wash and dry,4,False,C00,TOTAL CPC,0,0,TOTAL MOT,-1,N/A,0.0,False,-1,N/A,0.0,False,23885176.0,False,0.0,False,74548897.018,,74548897.018,0,False,True
C,M,20191201,2019,12,201912,97,EUR,European Union,M,Import,156,CHN,China,0,W00,World,H5,HS,True,8508,Vacuum cleaners,4,False,C00,TOTAL CPC,0,0,TOTAL MOT,-1,N/A,0.0,True,-1,N/A,0.0,False,16422075.427,True,0.0,False,187843501.624,,187843501.624,6,False,True
C,M,20191201,2019,12,201912,97,EUR,European Union,M,Import,156,CHN,China,0,W00,World,H5,HS,True,8509,"Electro-mechanical domestic appliances; with self-contained electric motor, other than vacuum cleaners of heading 85.08.",4,False,C00,TOTAL CPC,0,0,TOTAL MOT,-1,N/A,0.0,True,-1,N/A,0.0,False,13333429.0,False,0.0,False,137896199.93,,137896199.93,2,False,True
C,M,20191201,2019,12,201912,97,EUR,European Union,M,Import,156,CHN,China,0,W00,World,H5,HS,True,8516,"Electric water, space, soil heaters; electro-thermic hair-dressing apparatus; hand dryers, irons; electro-thermic appliances for domestic purposes; electro heating resistors, not of heading no. 8545",4,False,C00,TOTAL CPC,0,0,TOTAL MOT,-1,N/A,0.0,True,-1,N/A,0.0,False,70483699.0,False,0.0,False,442232956.001,,442232956.001,2,False,True
C,M,20191201,2019,12,201912,97,EUR,European Union,M,Import,156,CHN,China,0,W00,World,H5,HS,True,9401,"Seats (not those of heading no. 9402), whether or not convertible into beds and parts thereof",4,False,C00,TOTAL CPC,0,0,TOTAL MOT,-1,N/A,0.0,True,-1,N/A,0.0,False,112972587.0,False,0.0,False,476011194.824,,476011194.824,2,False,True
C,M,20191201,2019,12,201912,97,EUR,European Union,M,Import,156,CHN,China,0,W00,World,H5,HS,True,9403,"Furniture and parts thereof, n.e.c. in chapter 94",4,False,C00,TOTAL CPC,0,0,TOTAL MOT,-1,N/A,0.0,True,-1,N/A,0.0,False,147869171.0,False,0.0,False,396299885.792,,396299885.792,2,False,True
C,M,20191201,2019,12,201912,97,EUR,European Union,M,Import,156,CHN,China,0,W00,World,H5,HS,True,9405,"Lamps, light fittings; including searchlights, spotlights and parts thereof, n.e.c.; illuminated signs, name-plates and the like, having permanently fixed light source and parts thereof n.e.c. or included",4,False,C00,TOTAL CPC,0,0,TOTAL MOT,8,kg,49656300.26,True,-1,N/A,0.0,False,49656300.26,True,0.0,False,501074153.911,,501074153.911,6,False,True
C,M,20191201,2019,12,201912,97,EUR,European Union,M,Import,156,CHN,China,0,W00,World,H5,HS,True,9503,"Tricycles, scooters, pedal cars and similar wheeled toys; dolls' carriages; dolls; other toys; reduced-size (scale) models and similar recreational models, working or not; puzzles of all kinds",4,False,C00,TOTAL CPC,0,0,TOTAL MOT,8,kg,42480969.155,True,-1,N/A,0.0,False,42480969.155,True,0.0,False,412104230.795,,412104230.795,6,False,True
C,M,20200101,2020,1,202001,97,EUR,European Union,M,Import,156,CHN,China,0,W00,World,H5,HS,True,3923,"Plastic articles for the conveyance or packing of goods; stoppers, lids, caps and other closures of plastics",4,False,C00,TOTAL CPC,0,0,TOTAL MOT,8,kg,30844089.082,True,-1,N/A,0.0,False,30844089.082,True,0.0,False,154817774.344,,154817774.344,6,False,True
C,M,20200101,2020,1,202001,97,EUR,European Union,M,Import,156,CHN,China,0,W00,World,H5,HS,True,3924,"Tableware, kitchenware, other household articles and hygienic or toilet articles, of plastics",4,False,C00,TOTAL CPC,0,0,TOTAL MOT,8,kg,27663182.0,False,8,kg,27663182.0,False,27663182.0,False,0.0,False,139839983.114,,139839983.114,0,False,True
C,M,20200101,2020,1,202001,97,EUR,European Union,M,Import,156,CHN,China,0,W00,World,H5,HS,True,3926,"Articles of plastics and articles of other materials of heading no. 3901 to 3914, n.e.c. in chapter 39",4,False,C00,TOTAL CPC,0,0,TOTAL MOT,8,kg,81799010.556,True,-1,N/A,0.0,False,81799010.556,True,0.0,False,519484777.469,,519484777.469,6,False,True
C,M,20200101,2020,1,202001,97,EUR,European Union,M,Import,156,CHN,China,0,W00,World,H5,HS,True,8414,"Air or vacuum pumps, air or other gas compressors and fans; ventilating or recycling hoods incorporating a fan whether or not fitted with filters",4,False,C00,TOTAL CPC,0,0,TOTAL MOT,-1,N/A,0.0,False,-1,N/A,0.0,False,42296604.027,True,0.0,False,260895985.877,,260895985.877,4,False,True
C,M,20200101,2020,1,202001,97,EUR,European Union,M,Import,156,CHN,China,0,W00,World,H5,HS,True,8415,"Air conditioning machines; comprising a motor driven fan and elements for changing the temperature and humidity, including those machines in which the humidity cannot be separately regulated",4,False,C00,TOTAL CPC,0,0,TOTAL MOT,-1,N/A,0.0,True,-1,N/A,0.0,False,20496234.602,True,0.0,False,160042071.085,,160042071.085,6,False,True
C,M,20200101,2020,1,202001,97,EUR,European Union,M,Import,156,CHN,China,0,W00,World,H5,HS,True,8418,"Refrigerators, freezers and other refrigerating or freezing equipment, electric or other; heat pumps other than air conditioning machines of heading no. 8415",4,False,C00,TOTAL CPC,0,0,TOTAL MOT,-1,N/A,0.0,True,-1,N/A,0.0,False,58308442.602,True,0.0,False,238317830.326,,238317830.326,6,False,True
C,M,20200101,2020,1,202001,97,EUR,European Union,M,Import,156,CHN,China,0,W00,World,H5,HS,True,8450,Household or laundry-type washing machines; including machines which both wash and dry,4,False,C00,TOTAL CPC,0,0,TOTAL MOT,-1,N/A,0.0,False,-1,N/A,0.0,False,26568048.0,False,0.0,False,82737351.357,,82737351.357,0,False,True
C,M,20200101,2020,1,202001,97,EUR,European Union,M,Import,156,CHN,China,0,W00,World,H5,HS,True,8508,Vacuum cleaners,4,False,C00,TOTAL CPC,0,0,TOTAL MOT,-1,N/A,0.0,False,-1,N/A,0.0,False,18281615.0,False,0.0,False,197774460.309,,197774460.309,0,False,True
C,M,20200101,2020,1,202001,97,EUR,European Union,M,Import,156,CHN,China,0,W00,World,H5,HS,True,8509,"Electro-mechanical domestic appliances; with self-contained electric motor, other than vacuum cleaners of heading 85.08.",4,False,C00,TOTAL CPC,0,0,TOTAL MOT,-1,N/A,0.0,True,-1,N/A,0.0,False,14004782.0,False,0.0,False,146908807.805,,146908807.805,2,False,True
C,M,20200101,2020,1,202001,97,EUR,European Union,M,Import,156,CHN,China,0,W00,World,H5,HS,True,8516,"Electric water, space, soil heaters; electro-thermic hair-dressing apparatus; hand dryers, irons; electro-thermic appliances for domestic purposes; electro heating resistors, not of heading no. 8545",4,False,C00,TOTAL CPC,0,0,TOTAL MOT,-1,N/A,0.0,False,-1,N/A,0.0,False,78041931.0,False,0.0,False,489026558.496,,489026558.496,0,False,True
C,M,20200101,2020,1,202001,97,EUR,European Union,M,Import,156,CHN,China,0,W00,World,H5,HS,True,9401,"Seats (not those of heading no. 9402), whether or not convertible into beds and parts thereof",4,False,C00,TOTAL CPC,0,0,TOTAL MOT,-1,N/A,0.0,True,-1,N/A,0.0,False,173737776.0,False,0.0,False,719361390.653,,719361390.653,2,False,True
C,M,20200101,2020,1,202001,97,EUR,European Union,M,Import,156,CHN,China,0,W00,World,H5,HS,True,9403,"Furniture and parts thereof, n.e.c. in chapter 94",4,False,C00,TOTAL CPC,0,0,TOTAL MOT,-1,N/A,0.0,True,-1,N/A,0.0,False,218535436.0,False,0.0,False,604968790.803,,604968790.803,2,False,True
C,M,20200101,2020,1,202001,97,EUR,European Union,M,Import,156,CHN,China,0,W00,World,H5,HS,True,9405,"Lamps, light fittings; including searchlights, spotlights and parts thereof, n.e.c.; illuminated signs, name-plates and the like, having permanently fixed light source and parts thereof n.e.c. or included",4,False,C00,TOTAL CPC,0,0,TOTAL MOT,8,kg,72496207.456,True,-1,N/A,0.0,False,72496207.456,True,0.0,False,727337212.44,,727337212.44,6,False,True
C,M,20200101,2020,1,202001,97,EUR,European Union,M,Import,156,CHN,China,0,W00,World,H5,HS,True,9503,"Tricycles, scooters, pedal cars and similar wheeled toys; dolls' carriages; dolls; other toys; reduced-size (scale) models and similar recreational models, working or not; puzzles of all kinds",4,False,C00,TOTAL CPC,0,0,TOTAL MOT,8,kg,52456831.588,True,-1,N/A,0.0,False,52456831.588,True,0.0,False,497684406.382,,497684406.382,6,False,True
C,M,20200201,2020,2,202002,97,EUR,European Union,M,Import,156,CHN,China,0,W00,World,H5,HS,True,3923,"Plastic articles for the conveyance or packing of goods; stoppers, lids, caps and other closures of plastics",4,False,C00,TOTAL CPC,0,0,TOTAL MOT,8,kg,17394015.782,True,-1,N/A,0.0,False,17394015.782,True,0.0,False,91751050.631,,91751050.631,6,False,True
C,M,20200201,2020,2,202002,97,EUR,European Union,M,Import,156,CHN,China,0,W00,World,H5,HS,True,3924,"Tableware, kitchenware, other household articles and hygienic or toilet articles, of plastics",4,False,C00,TOTAL CPC,0,0,TOTAL MOT,8,kg,18342897.0,False,8,kg,18342897.0,False,18342897.0,False,0.0,False,94290537.238,,94290537.238,0,False,True
C,M,20200201,2020,2,202002,97,EUR,European Union,M,Import,156,CHN,China,0,W00,World,H5,HS,True,3926,"Articles of plastics and articles of other materials of heading no. 3901 to 3914, n.e.c. in chapter 39",4,False,C00,TOTAL CPC,0,0,TOTAL MOT,8,kg,59930540.0,False,8,kg,59930540.0,False,59930540.0,False,0.0,False,325445972.704,,325445972.704,0,False,True
C,M,20200201,2020,2,202002,97,EUR,European Union,M,Import,156,CHN,China,0,W00,World,H5,HS,True,8414,"Air or vacuum pumps, air or other gas compressors and fans; ventilating or recycling hoods incorporating a fan whether or not fitted with filters",4,False,C00,TOTAL CPC,0,0,TOTAL MOT,-1,N/A,0.0,True,-1,N/A,0.0,False,46306217.89,True,0.0,False,248590612.277,,248590612.277,6,False,True
C,M,20200201,2020,2,202002,97,EUR,European Union,M,Import,156,CHN,China,0,W00,World,H5,HS,True,8415,"Air conditioning machines; comprising a motor driven fan and elements for changing the temperature and humidity, including those machines in which the humidity cannot be separately regulated",4,False,C00,TOTAL CPC,0,0,TOTAL MOT,-1,N/A,0.0,True,-1,N/A,0.0,False,34778005.08,True,0.0,False,239851144.624,,239851144.624,6,False,True
C,M,20200201,2020,2,202002,97,EUR,European Union,M,Import,156,CHN,China,0,W00,World,H5,HS,True,8418,"Refrigerators, freezers and other refrigerating or freezing equipment, electric or other; heat pumps other than air conditioning machines of heading no. 8415",4,False,C00,TOTAL CPC,0,0,TOTAL MOT,-1,N/A,0.0,True,-1,N/A,0.0,False,42592450.0,False,0.0,False,181612001.951,,181612001.951,2,False,True
C,M,20200201,2020,2,202002,97,EUR,European Union,M,Import,156,CHN,China,0,W00,World,H5,HS,True,8450,Household or laundry-type washing machines; including machines which both wash and dry,4,False,C00,TOTAL CPC,0,0,TOTAL MOT,-1,N/A,0.0,False,-1,N/A,0.0,False,17234174.0,False,0.0,False,56972992.568,,56972992.568,0,False,True
C,M,20200201,2020,2,202002,97,EUR,European Union,M,Import,156,CHN,China,0,W00,World,H5,HS,True,8508,Vacuum cleaners,4,False,C00,TOTAL CPC,0,0,TOTAL MOT,-1,N/A,0.0,False,-1,N/A,0.0,False,15281740.0,False,0.0,False,146797968.292,,146797968.292,0,False,True
C,M,20200201,2020,2,202002,97,EUR,European Union,M,Import,156,CHN,China,0,W00,World,H5,HS,True,8509,"Electro-mechanical domestic appliances; with self-contained electric motor, other than vacuum cleaners of heading 85.08.",4,False,C00,TOTAL CPC,0,0,TOTAL MOT,-1,N/A,0.0,True,-1,N/A,0.0,False,13160451.0,False,0.0,False,131700815.848,,131700815.848,2,False,True
C,M,20200201,2020,2,202002,97,EUR,European Union,M,Import,156,CHN,China,0,W00,World,H5,HS,True,8516,"Electric water, space, soil heaters; electro-thermic hair-dressing apparatus; hand dryers, irons; electro-thermic appliances for domestic purposes; electro heating resistors, not of heading no. 8545",4,False,C00,TOTAL CPC,0,0,TOTAL MOT,-1,N/A,0.0,False,-1,N/A,0.0,False,56271225.921,True,0.0,False,346959181.134,,346959181.134,4,False,True
C,M,20200201,2020,2,202002,97,EUR,European Union,M,Import,156,CHN,China,0,W00,World,H5,HS,True,9401,"Seats (not those of heading no. 9402), whether or not convertible into beds and parts thereof",4,False,C00,TOTAL CPC,0,0,TOTAL MOT,-1,N/A,0.0,True,-1,N/A,0.0,False,133271049.974,True,0.0,False,521314174.938,,521314174.938,6,False,True
C,M,20200201,2020,2,202002,97,EUR,European Union,M,Import,156,CHN,China,0,W00,World,H5,HS,True,9403,"Furniture and parts thereof, n.e.c. in chapter 94",4,False,C00,TOTAL CPC,0,0,TOTAL MOT,-1,N/A,0.0,True,-1,N/A,0.0,False,147151382.0,False,0.0,False,399814887.354,,399814887.354,2,False,True
C,M,20200201,2020,2,202002,97,EUR,European Union,M,Import,156,CHN,China,0,W00,World,H5,HS,True,9405,"Lamps, light fittings; including searchlights, spotlights and parts thereof, n.e.c.; illuminated signs, name-plates and the like, having permanently fixed light source and parts thereof n.e.c. or included",4,False,C00,TOTAL CPC,0,0,TOTAL MOT,8,kg,52998761.0,False,8,kg,52998761.0,False,52998761.0,False,0.0,False,495525247.959,,495525247.959,0,False,True
C,M,20200201,2020,2,202002,97,EUR,European Union,M,Import,156,CHN,China,0,W00,World,H5,HS,True,9503,"Tricycles, scooters, pedal cars and similar wheeled toys; dolls' carriages; dolls; other toys; reduced-size (scale) models and similar recreational models, working or not; puzzles of all kinds",4,False,C00,TOTAL CPC,0,0,TOTAL MOT,8,kg,43907689.768,True,-1,N/A,0.0,False,43907689.768,True,0.0,False,388660495.457,,388660495.457,6,False,True
C,M,20200301,2020,3,202003,97,EUR,European Union,M,Import,156,CHN,China,0,W00,World,H5,HS,True,3923,"Plastic articles for the conveyance or packing of goods; stoppers, lids, caps and other closures of plastics",4,False,C00,TOTAL CPC,0,0,TOTAL MOT,8,kg,13362534.078,True,-1,N/A,0.0,False,13362534.078,True,0.0,False,67253535.638,,67253535.638,6,False,True
C,M,20200301,2020,3,202003,97,EUR,European Union,M,Import,156,CHN,China,0,W00,World,H5,HS,True,3924,"Tableware, kitchenware, other household articles and hygienic or toilet articles, of plastics",4,False,C00,TOTAL CPC,0,0,TOTAL MOT,8,kg,10559694.0,False,8,kg,10559694.0,False,10559694.0,False,0.0,False,57556931.393,,57556931.393,0,False,True
C,M,20200301,2020,3,202003,97,EUR,European Union,M,Import,156,CHN,China,0,W00,World,H5,HS,True,3926,"Articles of plastics and articles of other materials of heading no. 3901 to 3914, n.e.c. in chapter 39",4,False,C00,TOTAL CPC,0,0,TOTAL MOT,8,kg,41746220.976,True,-1,N/A,0.0,False,41746220.976,True,0.0,False,269578429.567,,269578429.567,6,False,True
C,M,20200301,2020,3,202003,97,EUR,European Union,M,Import,156,CHN,China,0,W00,World,H5,HS,True,8414,"Air or vacuum pumps, air or other gas compressors and fans; ventilating or recycling hoods incorporating a fan whether or not fitted with filters",4,False,C00,TOTAL CPC,0,0,TOTAL MOT,-1,N/A,0.0,False,-1,N/A,0.0,False,36483449.346,True,0.0,False,214708276.057,,214708276.057,4,False,True
C,M,20200301,2020,3,202003,97,EUR,European Union,M,Import,156,CHN,China,0,W00,World,H5,HS,True,8415,"Air conditioning machines; comprising a motor driven fan and elements for changing the temperature and humidity, including those machines in which the humidity cannot be separately regulated",4,False,C00,TOTAL CPC,0,0,TOTAL MOT,-1,N/A,0.0,True,-1,N/A,0.0,False,28439332.163,True,0.0,False,206342019.206,,206342019.206,6,False,True
C,M,20200301,2020,3,202003,97,EUR,European Union,M,Import,156,CHN,China,0,W00,World,H5,HS,True,8418,"Refrigerators, freezers and other refrigerating or freezing equipment, electric or other; heat pumps other than air conditioning machines of heading no. 8415",4,False,C00,TOTAL CPC,0,0,TOTAL MOT,-1,N/A,0.0,True,-1,N/A,0.0,False,33339514.997,True,0.0,False,142269931.958,,142269931.958,6,False,True
C,M,20200301,2020,3,202003,97,EUR,European Union,M,Import,156,CHN,China,0,W00,World,H5,HS,True,8450,Household or laundry-type washing machines; including machines which both wash and dry,4,False,C00,TOTAL CPC,0,0,TOTAL MOT,-1,N/A,0.0,False,-1,N/A,0.0,False,11038941.0,False,0.0,False,34096554.504,,34096554.504,0,False,True
C,M,20200301,2020,3,202003,97,EUR,European Union,M,Import,156,CHN,China,0,W00,World,H5,HS,True,8508,Vacuum cleaners,4,False,C00,TOTAL CPC,0,0,TOTAL MOT,-1,N/A,0.0,False,-1,N/A,0.0,False,8375483.0,False,0.0,False,86486972.998,,86486972.998,0,False,True
C,M,20200301,2020,3,202003,97,EUR,European Union,M,Import,156,CHN,China,0,W00,World,H5,HS,True,8509,"Electro-mechanical domestic appliances; with self-contained electric motor, other than vacuum cleaners of heading 85.08.",4,False,C00,TOTAL CPC,0,0,TOTAL MOT,-1,N/A,0.0,True,-1,N/A,0.0,False,8606442.0,False,0.0,False,82238613.601,,82238613.601,2,False,True
C,M,20200301,2020,3,202003,97,EUR,European Union,M,Import,156,CHN,China,0,W00,World,H5,HS,True,8516,"Electric water, space, soil heaters; electro-thermic hair-dressing apparatus; hand dryers, irons; electro-thermic appliances for domestic purposes; electro heating resistors, not of heading no. 8545",4,False,C00,TOTAL CPC,0,0,TOTAL MOT,-1,N/A,0.0,False,-1,N/A,0.0,False,31219670.129,True,0.0,False,201248384.308,,201248384.308,4,False,True
C,M,20200301,2020,3,202003,97,EUR,European Union,M,Import,156,CHN,China,0,W00,World,H5,HS,True,9401,"Seats (not those of heading no. 9402), whether or not convertible into beds and parts thereof",4,False,C00,TOTAL CPC,0,0,TOTAL MOT,-1,N/A,0.0,True,-1,N/A,0.0,False,73689950.0,False,0.0,False,297434111.171,,297434111.171,2,False,True
C,M,20200301,2020,3,202003,97,EUR,European Union,M,Import,156,CHN,China,0,W00,World,H5,HS,True,9403,"Furniture and parts thereof, n.e.c. in chapter 94",4,False,C00,TOTAL CPC,0,0,TOTAL MOT,-1,N/A,0.0,True,-1,N/A,0.0,False,81371960.773,True,0.0,False,229425674.815,,229425674.815,6,False,True
C,M,20200301,2020,3,202003,97,EUR,European Union,M,Import,156,CHN,China,0,W00,World,H5,HS,True,9405,"Lamps, light fittings; including searchlights, spotlights and parts thereof, n.e.c.; illuminated signs, name-plates and the like, having permanently fixed light source and parts thereof n.e.c. or included",4,False,C00,TOTAL CPC,0,0,TOTAL MOT,8,kg,28576668.383,True,-1,N/A,0.0,False,28576668.383,True,0.0,False,307522209.668,,307522209.668,6,False,True
C,M,20200301,2020,3,202003,97,EUR,European Union,M,Import,156,CHN,China,0,W00,World,H5,HS,True,9503,"Tricycles, scooters, pedal cars and similar wheeled toys; dolls' carriages; dolls; other toys; reduced-size (scale) models and similar recreational models, working or not; puzzles of all kinds",4,False,C00,TOTAL CPC,0,0,TOTAL MOT,8,kg,27037528.875,True,-1,N/A,0.0,False,27037528.875,True,0.0,False,235794635.451,,235794635.451,6,False,True
C,M,20200401,2020,4,202004,97,EUR,European Union,M,Import,156,CHN,China,0,W00,World,H5,HS,True,3923,"Plastic articles for the conveyance or packing of goods; stoppers, lids, caps and other closures of plastics",4,False,C00,TOTAL CPC,0,0,TOTAL MOT,8,kg,12769224.253,True,-1,N/A,0.0,False,12769224.253,True,0.0,False,70456328.047,,70456328.047,6,False,True
C,M,20200401,2020,4,202004,97,EUR,European Union,M,Import,156,CHN,China,0,W00,World,H5,HS,True,3924,"Tableware, kitchenware, other household articles and hygienic or toilet articles, of plastics",4,False,C00,TOTAL CPC,0,0,TOTAL MOT,8,kg,10972665.0,False,8,kg,10972665.0,False,10972665.0,False,0.0,False,55068942.324,,55068942.324,0,False,True
C,M,20200401,2020,4,202004,97,EUR,European Union,M,Import,156,CHN,China,0,W00,World,H5,HS,True,3926,"Articles of plastics and articles of other materials of heading no. 3901 to 3914, n.e.c. in chapter 39",4,False,C00,TOTAL CPC,0,0,TOTAL MOT,8,kg,45201689.0,False,8,kg,45201689.0,False,45201689.0,False,0.0,False,386779598.369,,386779598.369,0,False,True
C,M,20200401,2020,4,202004,97,EUR,European Union,M,Import,156,CHN,China,0,W00,World,H5,HS,True,8414,"Air or vacuum pumps, air or other gas compressors and fans; ventilating or recycling hoods incorporating a fan whether or not fitted with filters",4,False,C00,TOTAL CPC,0,0,TOTAL MOT,-1,N/A,0.0,False,-1,N/A,0.0,False,46468046.452,True,0.0,False,241254051.928,,241254051.928,4,False,True
C,M,20200401,2020,4,202004,97,EUR,European Union,M,Import,156,CHN,China,0,W00,World,H5,HS,True,8415,"Air conditioning machines; comprising a motor driven fan and elements for changing the temperature and humidity, including those machines in which the humidity cannot be separately regulated",4,False,C00,TOTAL CPC,0,0,TOTAL MOT,-1,N/A,0.0,True,-1,N/A,0.0,False,50733913.0,False,0.0,False,323335136.195,,323335136.195,2,False,True
C,M,20200401,2020,4,202004,97,EUR,European Union,M,Import,156,CHN,China,0,W00,World,H5,HS,True,8418,"Refrigerators, freezers and other refrigerating or freezing equipment, electric or other; heat pumps other than air conditioning machines of heading no. 8415",4,False,C00,TOTAL CPC,0,0,TOTAL MOT,-1,N/A,0.0,True,-1,N/A,0.0,False,42883612.038,True,0.0,False,179993926.534,,179993926.534,6,False,True
C,M,20200401,2020,4,202004,97,EUR,European Union,M,Import,156,CHN,China,0,W00,World,H5,HS,True,8450,Household or laundry-type washing machines; including machines which both wash and dry,4,False,C00,TOTAL CPC,0,0,TOTAL MOT,-1,N/A,0.0,False,-1,N/A,0.0,False,15776014.218,True,0.0,False,48273521.532,,48273521.532,4,False,True
C,M,20200401,2020,4,202004,97,EUR,European Union,M,Import,156,CHN,China,0,W00,World,H5,HS,True,8508,Vacuum cleaners,4,False,C00,TOTAL CPC,0,0,TOTAL MOT,-1,N/A,0.0,True,-1,N/A,0.0,False,10489686.709,True,0.0,False,114243417.818,,114243417.818,6,False,True
C,M,20200401,2020,4,202004,97,EUR,European Union,M,Import,156,CHN,China,0,W00,World,H5,HS,True,8509,"Electro-mechanical domestic appliances; with self-contained electric motor, other than vacuum cleaners of heading 85.08.",4,False,C00,TOTAL CPC,0,0,TOTAL MOT,-1,N/A,0.0,True,-1,N/A,0.0,False,8891377.0,False,0.0,False,84145283.001,,84145283.001,2,False,True
C,M,20200401,2020,4,202004,97,EUR,European Union,M,Import,156,CHN,China,0,W00,World,H5,HS,True,8516,"Electric water, space, soil heaters; electro-thermic hair-dressing apparatus; hand dryers, irons; electro-thermic appliances for domestic purposes; electro heating resistors, not of heading no. 8545",4,False,C00,TOTAL CPC,0,0,TOTAL MOT,-1,N/A,0.0,False,-1,N/A,0.0,False,41451426.384,True,0.0,False,253399745.958,,253399745.958,4,False,True
C,M,20200401,2020,4,202004,97,EUR,European Union,M,Import,156,CHN,China,0,W00,World,H5,HS,True,9401,"Seats (not those of heading no. 9402), whether or not convertible into beds and parts thereof",4,False,C00,TOTAL CPC,0,0,TOTAL MOT,-1,N/A,0.0,True,-1,N/A,0.0,False,86818751.856,True,0.0,False,344212549.792,,344212549.792,6,False,True
C,M,20200401,2020,4,202004,97,EUR,European Union,M,Import,156,CHN,China,0,W00,World,H5,HS,True,9403,"Furniture and parts thereof, n.e.c. in chapter 94",4,False,C00,TOTAL CPC,0,0,TOTAL MOT,-1,N/A,0.0,True,-1,N/A,0.0,False,83922219.0,False,0.0,False,230733499.084,,230733499.084,2,False,True
C,M,20200401,2020,4,202004,97,EUR,European Union,M,Import,156,CHN,China,0,W00,World,H5,HS,True,9405,"Lamps, light fittings; including searchlights, spotlights and parts thereof, n.e.c.; illuminated signs, name-plates and the like, having permanently fixed light source and parts thereof n.e.c. or included",4,False,C00,TOTAL CPC,0,0,TOTAL MOT,8,kg,26410401.72,True,-1,N/A,0.0,False,26410401.72,True,0.0,False,276405409.828,,276405409.828,6,False,True
C,M,20200401,2020,4,202004,97,EUR,European Union,M,Import,156,CHN,China,0,W00,World,H5,HS,True,9503,"Tricycles, scooters, pedal cars and similar wheeled toys; dolls' carriages; dolls; other toys; reduced-size (scale) models and similar recreational models, working or not; puzzles of all kinds",4,False,C00,TOTAL CPC,0,0,TOTAL MOT,8,kg,26127065.027,True,-1,N/A,0.0,False,26127065.027,True,0.0,False,218344008.623,,218344008.623,6,False,True
C,M,20200501,2020,5,202005,97,EUR,European Union,M,Import,156,CHN,China,0,W00,World,H5,HS,True,3923,"Plastic articles for the conveyance or packing of goods; stoppers, lids, caps and other closures of plastics",4,False,C00,TOTAL CPC,0,0,TOTAL MOT,8,kg,20523539.613,True,-1,N/A,0.0,False,20523539.613,True,0.0,False,106368137.074,,106368137.074,6,False,True
C,M,20200501,2020,5,202005,97,EUR,European Union,M,Import,156,CHN,China,0,W00,World,H5,HS,True,3924,"Tableware, kitchenware, other household articles and hygienic or toilet articles, of plastics",4,False,C00,TOTAL CPC,0,0,TOTAL MOT,8,kg,13760547.0,False,8,kg,13760547.0,False,13760547.0,False,0.0,False,72691057.809,,72691057.809,0,False,True
C,M,20200501,2020,5,202005,97,EUR,European Union,M,Import,156,CHN,China,0,W00,World,H5,HS,True,3926,"Articles of plastics and articles of other materials of heading no. 3901 to 3914, n.e.c. in chapter 39",4,False,C00,TOTAL CPC,0,0,TOTAL MOT,8,kg,56810269.845,True,-1,N/A,0.0,False,56810269.845,True,0.0,False,485907346.238,,485907346.238,6,False,True
C,M,20200501,2020,5,202005,97,EUR,European Union,M,Import,156,CHN,China,0,W00,World,H5,HS,True,8414,"Air or vacuum pumps, air or other gas compressors and fans; ventilating or recycling hoods incorporating a fan whether or not fitted with filters",4,False,C00,TOTAL CPC,0,0,TOTAL MOT,-1,N/A,0.0,False,-1,N/A,0.0,False,53915380.804,True,0.0,False,282294079.217,,282294079.217,4,False,True
C,M,20200501,2020,5,202005,97,EUR,European Union,M,Import,156,CHN,China,0,W00,World,H5,HS,True,8415,"Air conditioning machines; comprising a motor driven fan and elements for changing the temperature and humidity, including those machines in which the humidity cannot be separately regulated",4,False,C00,TOTAL CPC,0,0,TOTAL MOT,-1,N/A,0.0,False,-1,N/A,0.0,False,63304690.968,True,0.0,False,412221338.72,,412221338.72,4,False,True
C,M,20200501,2020,5,202005,97,EUR,European Union,M,Import,156,CHN,China,0,W00,World,H5,HS,True,8418,"Refrigerators, freezers and other refrigerating or freezing equipment, electric or other; heat pumps other than air conditioning machines of heading no. 8415",4,False,C00,TOTAL CPC,0,0,TOTAL MOT,-1,N/A,0.0,True,-1,N/A,0.0,False,49444305.0,False,0.0,False,201789356.99,,201789356.99,2,False,True
C,M,20200501,2020,5,202005,97,EUR,European Union,M,Import,156,CHN,China,0,W00,World,H5,HS,True,8450,Household or laundry-type washing machines; including machines which both wash and dry,4,False,C00,TOTAL CPC,0,0,TOTAL MOT,-1,N/A,0.0,False,-1,N/A,0.0,False,14932095.938,True,0.0,False,47672576.674,,47672576.674,4,False,True
C,M,20200501,2020,5,202005,97,EUR,European Union,M,Import,156,CHN,China,0,W00,World,H5,HS,True,8508,Vacuum cleaners,4,False,C00,TOTAL CPC,0,0,TOTAL MOT,-1,N/A,0.0,False,-1,N/A,0.0,False,12445493.0,False,0.0,False,130724195.639,,130724195.639,0,False,True
C,M,20200501,2020,5,202005,97,EUR,European Union,M,Import,156,CHN,China,0,W00,World,H5,HS,True,8509,"Electro-mechanical domestic appliances; with self-contained electric motor, other than vacuum cleaners of heading 85.08.",4,False,C00,TOTAL CPC,0,0,TOTAL MOT,-1,N/A,0.0,True,-1,N/A,0.0,False,13494895.484,True,0.0,False,127157162.648,,127157162.648,6,False,True
C,M,20200501,2020,5,202005,97,EUR,European Union,M,Import,156,CHN,China,0,W00,World,H5,HS,True,8516,"Electric water, space, soil heaters; electro-thermic hair-dressing apparatus; hand dryers, irons; electro-thermic appliances for domestic purposes; electro heating resistors, not of heading no. 8545",4,False,C00,TOTAL CPC,0,0,TOTAL MOT,-1,N/A,0.0,False,-1,N/A,0.0,False,50550768.0,False,0.0,False,323554617.254,,323554617.254,0,False,True
C,M,20200501,2020,5,202005,97,EUR,European Union,M,Import,156,CHN,China,0,W00,World,H5,HS,True,9401,"Seats (not those of heading no. 9402), whether or not convertible into beds and parts thereof",4,False,C00,TOTAL CPC,0,0,TOTAL MOT,-1,N/A,0.0,False,-1,N/A,0.0,False,94899753.0,False,0.0,False,375301670.971,,375301670.971,0,False,True
C,M,20200501,2020,5,202005,97,EUR,European Union,M,Import,156,CHN,China,0,W00,World,H5,HS,True,9403,"Furniture and parts thereof, n.e.c. in chapter 94",4,False,C00,TOTAL CPC,0,0,TOTAL MOT,-1,N/A,0.0,True,-1,N/A,0.0,False,98205981.0,False,0.0,False,268918107.779,,268918107.779,2,False,True
C,M,20200501,2020,5,202005,97,EUR,European Union,M,Import,156,CHN,China,0,W00,World,H5,HS,True,9405,"Lamps, light fittings; including searchlights, spotlights and parts thereof, n.e.c.; illuminated signs, name-plates and the like, having permanently fixed light source and parts thereof n.e.c. or included",4,False,C00,TOTAL CPC,0,0,TOTAL MOT,8,kg,37719644.111,True,-1,N/A,0.0,False,37719644.111,True,0.0,False,395299245.128,,395299245.128,6,False,True
C,M,20200501,2020,5,202005,97,EUR,European Union,M,Import,156,CHN,China,0,W00,World,H5,HS,True,9503,"Tricycles, scooters, pedal cars and similar wheeled toys; dolls' carriages; dolls; other toys; reduced-size (scale) models and similar recreational models, working or not; puzzles of all kinds",4,False,C00,TOTAL CPC,0,0,TOTAL MOT,8,kg,30286867.365,True,-1,N/A,0.0,False,30286867.365,True,0.0,False,250250600.748,,250250600.748,6,False,True
C,M,20200601,2020,6,202006,97,EUR,European Union,M,Import,156,CHN,China,0,W00,World,H5,HS,True,3923,"Plastic articles for the conveyance or packing of goods; stoppers, lids, caps and other closures of plastics",4,False,C00,TOTAL CPC,0,0,TOTAL MOT,8,kg,24234224.861,True,-1,N/A,0.0,False,24234224.861,True,0.0,False,132192990.494,,132192990.494,6,False,True
C,M,20200601,2020,6,202006,97,EUR,European Union,M,Import,156,CHN,China,0,W00,World,H5,HS,True,3924,"Tableware, kitchenware, other household articles and hygienic or toilet articles, of plastics",4,False,C00,TOTAL CPC,0,0,TOTAL MOT,8,kg,16913127.0,False,8,kg,16913127.0,False,16913127.0,False,0.0,False,90960799.496,,90960799.496,0,False,True
C,M,20200601,2020,6,202006,97,EUR,European Union,M,Import,156,CHN,China,0,W00,World,H5,HS,True,3926,"Articles of plastics and articles of other materials of heading no. 3901 to 3914, n.e.c. in chapter 39",4,False,C00,TOTAL CPC,0,0,TOTAL MOT,8,kg,64452165.574,True,-1,N/A,0.0,False,64452165.574,True,0.0,False,481703826.007,,481703826.007,6,False,True
C,M,20200601,2020,6,202006,97,EUR,European Union,M,Import,156,CHN,China,0,W00,World,H5,HS,True,8414,"Air or vacuum pumps, air or other gas compressors and fans; ventilating or recycling hoods incorporating a fan whether or not fitted with filters",4,False,C00,TOTAL CPC,0,0,TOTAL MOT,-1,N/A,0.0,False,-1,N/A,0.0,False,54942519.204,True,0.0,False,282589788.487,,282589788.487,4,False,True
C,M,20200601,2020,6,202006,97,EUR,European Union,M,Import,156,CHN,China,0,W00,World,H5,HS,True,8415,"Air conditioning machines; comprising a motor driven fan and elements for changing the temperature and humidity, including those machines in which the humidity cannot be separately regulated",4,False,C00,TOTAL CPC,0,0,TOTAL MOT,-1,N/A,0.0,True,-1,N/A,0.0,False,61682105.107,True,0.0,False,415454149.038,,415454149.038,6,False,True
C,M,20200601,2020,6,202006,97,EUR,European Union,M,Import,156,CHN,China,0,W00,World,H5,HS,True,8418,"Refrigerators, freezers and other refrigerating or freezing equipment, electric or other; heat pumps other than air conditioning machines of heading no. 8415",4,False,C00,TOTAL CPC,0,0,TOTAL MOT,-1,N/A,0.0,True,-1,N/A,0.0,False,56790946.0,False,0.0,False,230370146.437,,230370146.437,2,False,True
C,M,20200601,2020,6,202006,97,EUR,European Union,M,Import,156,CHN,China,0,W00,World,H5,HS,True,8450,Household or laundry-type washing machines; including machines which both wash and dry,4,False,C00,TOTAL CPC,0,0,TOTAL MOT,-1,N/A,0.0,False,-1,N/A,0.0,False,15079068.0,False,0.0,False,48674727.565,,48674727.565,0,False,True
C,M,20200601,2020,6,202006,97,EUR,European Union,M,Import,156,CHN,China,0,W00,World,H5,HS,True,8508,Vacuum cleaners,4,False,C00,TOTAL CPC,0,0,TOTAL MOT,-1,N/A,0.0,False,-1,N/A,0.0,False,12739653.0,False,0.0,False,140476118.882,,140476118.882,0,False,True
C,M,20200601,2020,6,202006,97,EUR,European Union,M,Import,156,CHN,China,0,W00,World,H5,HS,True,8509,"Electro-mechanical domestic appliances; with self-contained electric motor, other than vacuum cleaners of heading 85.08.",4,False,C00,TOTAL CPC,0,0,TOTAL MOT,-1,N/A,0.0,True,-1,N/A,0.0,False,13842841.0,False,0.0,False,150192855.819,,150192855.819,2,False,True
C,M,20200601,2020,6,202006,97,EUR,European Union,M,Import,156,CHN,China,0,W00,World,H5,HS,True,8516,"Electric water, space, soil heaters; electro-thermic hair-dressing apparatus; hand dryers, irons; electro-thermic appliances for domestic purposes; electro heating resistors, not of heading no. 8545",4,False,C00,TOTAL CPC,0,0,TOTAL MOT,-1,N/A,0.0,False,-1,N/A,0.0,False,58344212.322,True,0.0,False,340810873.127,,340810873.127,4,False,True
C,M,20200601,2020,6,202006,97,EUR,European Union,M,Import,156,CHN,China,0,W00,World,H5,HS,True,9401,"Seats (not those of heading no. 9402), whether or not convertible into beds and parts thereof",4,False,C00,TOTAL CPC,0,0,TOTAL MOT,-1,N/A,0.0,True,-1,N/A,0.0,False,98911601.0,False,0.0,False,396207995.435,,396207995.435,2,False,True
C,M,20200601,2020,6,202006,97,EUR,European Union,M,Import,156,CHN,China,0,W00,World,H5,HS,True,9403,"Furniture and parts thereof, n.e.c. in chapter 94",4,False,C00,TOTAL CPC,0,0,TOTAL MOT,-1,N/A,0.0,True,-1,N/A,0.0,False,120003588.0,False,0.0,False,323180118.963,,323180118.963,2,False,True
C,M,20200601,2020,6,202006,97,EUR,European Union,M,Import,156,CHN,China,0,W00,World,H5,HS,True,9405,"Lamps, light fittings; including searchlights, spotlights and parts thereof, n.e.c.; illuminated signs, name-plates and the like, having permanently fixed light source and parts thereof n.e.c. or included",4,False,C00,TOTAL CPC,0,0,TOTAL MOT,8,kg,46946051.668,True,-1,N/A,0.0,False,46946051.668,True,0.0,False,487804538.583,,487804538.583,6,False,True
C,M,20200601,2020,6,202006,97,EUR,European Union,M,Import,156,CHN,China,0,W00,World,H5,HS,True,9503,"Tricycles, scooters, pedal cars and similar wheeled toys; dolls' carriages; dolls; other toys; reduced-size (scale) models and similar recreational models, working or not; puzzles of all kinds",4,False,C00,TOTAL CPC,0,0,TOTAL MOT,8,kg,33121599.0,False,8,kg,33121599.0,False,33121599.0,False,0.0,False,302329124.977,,302329124.977,0,False,True
C,M,20200701,2020,7,202007,97,EUR,European Union,M,Import,156,CHN,China,0,W00,World,H5,HS,True,3923,"Plastic articles for the conveyance or packing of goods; stoppers, lids, caps and other closures of plastics",4,False,C00,TOTAL CPC,0,0,TOTAL MOT,8,kg,28042485.18,True,-1,N/A,0.0,False,28042485.18,True,0.0,False,137275693.247,,137275693.247,6,False,True
C,M,20200701,2020,7,202007,97,EUR,European Union,M,Import,156,CHN,China,0,W00,World,H5,HS,True,3924,"Tableware, kitchenware, other household articles and hygienic or toilet articles, of plastics",4,False,C00,TOTAL CPC,0,0,TOTAL MOT,8,kg,20979201.0,False,8,kg,20979201.0,False,20979201.0,False,0.0,False,106618050.03,,106618050.03,0,False,True
C,M,20200701,2020,7,202007,97,EUR,European Union,M,Import,156,CHN,China,0,W00,World,H5,HS,True,3926,"Articles of plastics and articles of other materials of heading no. 3901 to 3914, n.e.c. in chapter 39",4,False,C00,TOTAL CPC,0,0,TOTAL MOT,8,kg,74176080.968,True,-1,N/A,0.0,False,74176080.968,True,0.0,False,542143350.064,,542143350.064,6,False,True
C,M,20200701,2020,7,202007,97,EUR,European Union,M,Import,156,CHN,China,0,W00,World,H5,HS,True,8414,"Air or vacuum pumps, air or other gas compressors and fans; ventilating or recycling hoods incorporating a fan whether or not fitted with filters",4,False,C00,TOTAL CPC,0,0,TOTAL MOT,-1,N/A,0.0,False,-1,N/A,0.0,False,43085614.29,True,0.0,False,236224882.098,,236224882.098,4,False,True
C,M,20200701,2020,7,202007,97,EUR,European Union,M,Import,156,CHN,China,0,W00,World,H5,HS,True,8415,"Air conditioning machines; comprising a motor driven fan and elements for changing the temperature and humidity, including those machines in which the humidity cannot be separately regulated",4,False,C00,TOTAL CPC,0,0,TOTAL MOT,-1,N/A,0.0,True,-1,N/A,0.0,False,38622169.74,True,0.0,False,276944838.008,,276944838.008,6,False,True
C,M,20200701,2020,7,202007,97,EUR,European Union,M,Import,156,CHN,China,0,W00,World,H5,HS,True,8418,"Refrigerators, freezers and other refrigerating or freezing equipment, electric or other; heat pumps other than air conditioning machines of heading no. 8415",4,False,C00,TOTAL CPC,0,0,TOTAL MOT,-1,N/A,0.0,True,-1,N/A,0.0,False,70993048.0,False,0.0,False,272302654.545,,272302654.545,2,False,True
C,M,20200701,2020,7,202007,97,EUR,European Union,M,Import,156,CHN,China,0,W00,World,H5,HS,True,8450,Household or laundry-type washing machines; including machines which both wash and dry,4,False,C00,TOTAL CPC,0,0,TOTAL MOT,-1,N/A,0.0,False,-1,N/A,0.0,False,21092736.0,False,0.0,False,67411408.332,,67411408.332,0,False,True
C,M,20200701,2020,7,202007,97,EUR,European Union,M,Import,156,CHN,China,0,W00,World,H5,HS,True,8508,Vacuum cleaners,4,False,C00,TOTAL CPC,0,0,TOTAL MOT,-1,N/A,0.0,False,-1,N/A,0.0,False,14436501.0,False,0.0,False,176424006.924,,176424006.924,0,False,True
C,M,20200701,2020,7,202007,97,EUR,European Union,M,Import,156,CHN,China,0,W00,World,H5,HS,True,8509,"Electro-mechanical domestic appliances; with self-contained electric motor, other than vacuum cleaners of heading 85.08.",4,False,C00,TOTAL CPC,0,0,TOTAL MOT,-1,N/A,0.0,True,-1,N/A,0.0,False,17322638.0,False,0.0,False,173501725.155,,173501725.155,2,False,True
C,M,20200701,2020,7,202007,97,EUR,European Union,M,Import,156,CHN,China,0,W00,World,H5,HS,True,8516,"Electric water, space, soil heaters; electro-thermic hair-dressing apparatus; hand dryers, irons; electro-thermic appliances for domestic purposes; electro heating resistors, not of heading no. 8545",4,False,C00,TOTAL CPC,0,0,TOTAL MOT,-1,N/A,0.0,False,-1,N/A,0.0,False,76546777.0,False,0.0,False,454421901.743,,454421901.743,0,False,True
C,M,20200701,2020,7,202007,97,EUR,European Union,M,Import,156,CHN,China,0,W00,World,H5,HS,True,9401,"Seats (not those of heading no. 9402), whether or not convertible into beds and parts thereof",4,False,C00,TOTAL CPC,0,0,TOTAL MOT,-1,N/A,0.0,True,-1,N/A,0.0,False,115905241.0,False,0.0,False,464515326.077,,464515326.077,2,False,True
C,M,20200701,2020,7,202007,97,EUR,European Union,M,Import,156,CHN,China,0,W00,World,H5,HS,True,9403,"Furniture and parts thereof, n.e.c. in chapter 94",4,False,C00,TOTAL CPC,0,0,TOTAL MOT,-1,N/A,0.0,True,-1,N/A,0.0,False,153089987.0,False,0.0,False,396056891.824,,396056891.824,2,False,True
C,M,20200701,2020,7,202007,97,EUR,European Union,M,Import,156,CHN,China,0,W00,World,H5,HS,True,9405,"Lamps, light fittings; including searchlights, spotlights and parts thereof, n.e.c.; illuminated signs, name-plates and the like, having permanently fixed light source and parts thereof n.e.c. or included",4,False,C00,TOTAL CPC,0,0,TOTAL MOT,8,kg,62456968.714,True,-1,N/A,0.0,False,62456968.714,True,0.0,False,609064463.474,,609064463.474,6,False,True
C,M,20200701,2020,7,202007,97,EUR,European Union,M,Import,156,CHN,China,0,W00,World,H5,HS,True,9503,"Tricycles, scooters, pedal cars and similar wheeled toys; dolls' carriages; dolls; other toys; reduced-size (scale) models and similar recreational models, working or not; puzzles of all kinds",4,False,C00,TOTAL CPC,0,0,TOTAL MOT,8,kg,44741995.685,True,-1,N/A,0.0,False,44741995.685,True,0.0,False,416690653.361,,416690653.361,6,False,True
C,M,20200801,2020,8,202008,97,EUR,European Union,M,Import,156,CHN,China,0,W00,World,H5,HS,True,3923,"Plastic articles for the conveyance or packing of goods; stoppers, lids, caps and other closures of plastics",4,False,C00,TOTAL CPC,0,0,TOTAL MOT,8,kg,21813209.184,True,-1,N/A,0.0,False,21813209.184,True,0.0,False,101812464.592,,101812464.592,6,False,True
C,M,20200801,2020,8,202008,97,EUR,European Union,M,Import,156,CHN,China,0,W00,World,H5,HS,True,3924,"Tableware, kitchenware, other household articles and hygienic or toilet articles, of plastics",4,False,C00,TOTAL CPC,0,0,TOTAL MOT,8,kg,17517033.0,False,8,kg,17517033.0,False,17517033.0,False,0.0,False,93608006.954,,93608006.954,0,False,True
C,M,20200801,2020,8,202008,97,EUR,European Union,M,Import,156,CHN,China,0,W00,World,H5,HS,True,3926,"Articles of plastics and articles of other materials of heading no. 3901 to 3914, n.e.c. in chapter 39",4,False,C00,TOTAL CPC,0,0,TOTAL MOT,8,kg,66769474.0,False,8,kg,66769474.0,False,66769474.0,False,0.0,False,460714768.523,,460714768.523,0,False,True
C,M,20200801,2020,8,202008,97,EUR,European Union,M,Import,156,CHN,China,0,W00,World,H5,HS,True,8414,"Air or vacuum pumps, air or other gas compressors and fans; ventilating or recycling hoods incorporating a fan whether or not fitted with filters",4,False,C00,TOTAL CPC,0,0,TOTAL MOT,-1,N/A,0.0,False,-1,N/A,0.0,False,31757380.248,True,0.0,False,176677204.643,,176677204.643,4,False,True
C,M,20200801,2020,8,202008,97,EUR,European Union,M,Import,156,CHN,China,0,W00,World,H5,HS,True,8415,"Air conditioning machines; comprising a motor driven fan and elements for changing the temperature and humidity, including those machines in which the humidity cannot be separately regulated",4,False,C00,TOTAL CPC,0,0,TOTAL MOT,-1,N/A,0.0,True,-1,N/A,0.0,False,18606870.0,False,0.0,False,148901072.613,,148901072.613,2,False,True
C,M,20200801,2020,8,202008,97,EUR,European Union,M,Import,156,CHN,China,0,W00,World,H5,HS,True,8418,"Refrigerators, freezers and other refrigerating or freezing equipment, electric or other; heat pumps other than air conditioning machines of heading no. 8415",4,False,C00,TOTAL CPC,0,0,TOTAL MOT,-1,N/A,0.0,True,-1,N/A,0.0,False,61709123.81,True,0.0,False,254133363.297,,254133363.297,6,False,True
C,M,20200801,2020,8,202008,97,EUR,European Union,M,Import,156,CHN,China,0,W00,World,H5,HS,True,8450,Household or laundry-type washing machines; including machines which both wash and dry,4,False,C00,TOTAL CPC,0,0,TOTAL MOT,-1,N/A,0.0,True,-1,N/A,0.0,False,22037383.412,True,0.0,False,73767791.156,,73767791.156,6,False,True
C,M,20200801,2020,8,202008,97,EUR,European Union,M,Import,156,CHN,China,0,W00,World,H5,HS,True,8508,Vacuum cleaners,4,False,C00,TOTAL CPC,0,0,TOTAL MOT,-1,N/A,0.0,False,-1,N/A,0.0,False,16360545.0,False,0.0,False,196178556.307,,196178556.307,0,False,True
C,M,20200801,2020,8,202008,97,EUR,European Union,M,Import,156,CHN,China,0,W00,World,H5,HS,True,8509,"Electro-mechanical domestic appliances; with self-contained electric motor, other than vacuum cleaners of heading 85.08.",4,False,C00,TOTAL CPC,0,0,TOTAL MOT,-1,N/A,0.0,True,-1,N/A,0.0,False,15654145.0,False,0.0,False,165452341.319,,165452341.319,2,False,True
C,M,20200801,2020,8,202008,97,EUR,European Union,M,Import,156,CHN,China,0,W00,World,H5,HS,True,8516,"Electric water, space, soil heaters; electro-thermic hair-dressing apparatus; hand dryers, irons; electro-thermic appliances for domestic purposes; electro heating resistors, not of heading no. 8545",4,False,C00,TOTAL CPC,0,0,TOTAL MOT,-1,N/A,0.0,False,-1,N/A,0.0,False,75366358.0,False,0.0,False,454071640.056,,454071640.056,0,False,True
C,M,20200801,2020,8,202008,97,EUR,European Union,M,Import,156,CHN,China,0,W00,World,H5,HS,True,9401,"Seats (not those of heading no. 9402), whether or not convertible into beds and parts thereof",4,False,C00,TOTAL CPC,0,0,TOTAL MOT,-1,N/A,0.0,True,-1,N/A,0.0,False,100227532.0,False,0.0,False,389236194.185,,389236194.185,2,False,True
C,M,20200801,2020,8,202008,97,EUR,European Union,M,Import,156,CHN,China,0,W00,World,H5,HS,True,9403,"Furniture and parts thereof, n.e.c. in chapter 94",4,False,C00,TOTAL CPC,0,0,TOTAL MOT,-1,N/A,0.0,True,-1,N/A,0.0,False,136924648.0,False,0.0,False,355101101.185,,355101101.185,2,False,True
C,M,20200801,2020,8,202008,97,EUR,European Union,M,Import,156,CHN,China,0,W00,World,H5,HS,True,9405,"Lamps, light fittings; including searchlights, spotlights and parts thereof, n.e.c.; illuminated signs, name-plates and the like, having permanently fixed light source and parts thereof n.e.c. or included",4,False,C00,TOTAL CPC,0,0,TOTAL MOT,8,kg,62410010.165,True,-1,N/A,0.0,False,62410010.165,True,0.0,False,596404970.533,,596404970.533,6,False,True
C,M,20200801,2020,8,202008,97,EUR,European Union,M,Import,156,CHN,China,0,W00,World,H5,HS,True,9503,"Tricycles, scooters, pedal cars and similar wheeled toys; dolls' carriages; dolls; other toys; reduced-size (scale) models and similar recreational models, working or not; puzzles of all kinds",4,False,C00,TOTAL CPC,0,0,TOTAL MOT,8,kg,52360930.056,True,-1,N/A,0.0,False,52360930.056,True,0.0,False,500202354.94,,500202354.94,6,False,True
C,M,20200901,2020,9,202009,97,EUR,European Union,M,Import,156,CHN,China,0,W00,World,H5,HS,True,3923,"Plastic articles for the conveyance or packing of goods; stoppers, lids, caps and other closures of plastics",4,False,C00,TOTAL CPC,0,0,TOTAL MOT,8,kg,22714748.973,True,-1,N/A,0.0,False,22714748.973,True,0.0,False,108175745.076,,108175745.076,6,False,True
C,M,20200901,2020,9,202009,97,EUR,European Union,M,Import,156,CHN,China,0,W00,World,H5,HS,True,3924,"Tableware, kitchenware, other household articles and hygienic or toilet articles, of plastics",4,False,C00,TOTAL CPC,0,0,TOTAL MOT,8,kg,17328775.0,False,8,kg,17328775.0,False,17328775.0,False,0.0,False,91119546.411,,91119546.411,0,False,True
C,M,20200901,2020,9,202009,97,EUR,European Union,M,Import,156,CHN,China,0,W00,World,H5,HS,True,3926,"Articles of plastics and articles of other materials of heading no. 3901 to 3914, n.e.c. in chapter 39",4,False,C00,TOTAL CPC,0,0,TOTAL MOT,8,kg,68325825.737,True,-1,N/A,0.0,False,68325825.737,True,0.0,False,469055907.232,,469055907.232,6,False,True
C,M,20200901,2020,9,202009,97,EUR,European Union,M,Import,156,CHN,China,0,W00,World,H5,HS,True,8414,"Air or vacuum pumps, air or other gas compressors and fans; ventilating or recycling hoods incorporating a fan whether or not fitted with filters",4,False,C00,TOTAL CPC,0,0,TOTAL MOT,-1,N/A,0.0,False,-1,N/A,0.0,False,33719478.715,True,0.0,False,195948172.748,,195948172.748,4,False,True
C,M,20200901,2020,9,202009,97,EUR,European Union,M,Import,156,CHN,China,0,W00,World,H5,HS,True,8415,"Air conditioning machines; comprising a motor driven fan and elements for changing the temperature and humidity, including those machines in which the humidity cannot be separately regulated",4,False,C00,TOTAL CPC,0,0,TOTAL MOT,-1,N/A,0.0,True,-1,N/A,0.0,False,15441684.0,False,0.0,False,127325526.939,,127325526.939,2,False,True
C,M,20200901,2020,9,202009,97,EUR,European Union,M,Import,156,CHN,China,0,W00,World,H5,HS,True,8418,"Refrigerators, freezers and other refrigerating or freezing equipment, electric or other; heat pumps other than air conditioning machines of heading no. 8415",4,False,C00,TOTAL CPC,0,0,TOTAL MOT,-1,N/A,0.0,True,-1,N/A,0.0,False,69597465.0,False,0.0,False,270825049.379,,270825049.379,2,False,True
C,M,20200901,2020,9,202009,97,EUR,European Union,M,Import,156,CHN,China,0,W00,World,H5,HS,True,8450,Household or laundry-type washing machines; including machines which both wash and dry,4,False,C00,TOTAL CPC,0,0,TOTAL MOT,-1,N/A,0.0,False,-1,N/A,0.0,False,24120413.506,True,0.0,False,78986231.989,,78986231.989,4,False,True
C,M,20200901,2020,9,202009,97,EUR,European Union,M,Import,156,CHN,China,0,W00,World,H5,HS,True,8508,Vacuum cleaners,4,False,C00,TOTAL CPC,0,0,TOTAL MOT,-1,N/A,0.0,False,-1,N/A,0.0,False,21209908.0,False,0.0,False,240468051.145,,240468051.145,0,False,True
C,M,20200901,2020,9,202009,97,EUR,European Union,M,Import,156,CHN,China,0,W00,World,H5,HS,True,8509,"Electro-mechanical domestic appliances; with self-contained electric motor, other than vacuum cleaners of heading 85.08.",4,False,C00,TOTAL CPC,0,0,TOTAL MOT,-1,N/A,0.0,True,-1,N/A,0.0,False,18660236.0,False,0.0,False,195284015.962,,195284015.962,2,False,True
C,M,20200901,2020,9,202009,97,EUR,European Union,M,Import,156,CHN,China,0,W00,World,H5,HS,True,8516,"Electric water, space, soil heaters; electro-thermic hair-dressing apparatus; hand dryers, irons; electro-thermic appliances for domestic purposes; electro heating resistors, not of heading no. 8545",4,False,C00,TOTAL CPC,0,0,TOTAL MOT,-1,N/A,0.0,False,-1,N/A,0.0,False,91609170.0,False,0.0,False,524478938.246,,524478938.246,0,False,True
C,M,20200901,2020,9,202009,97,EUR,European Union,M,Import,156,CHN,China,0,W00,World,H5,HS,True,9401,"Seats (not those of heading no. 9402), whether or not convertible into beds and parts thereof",4,False,C00,TOTAL CPC,0,0,TOTAL MOT,-1,N/A,0.0,True,-1,N/A,0.0,False,109877733.0,False,0.0,False,424747914.857,,424747914.857,2,False,True
C,M,20200901,2020,9,202009,97,EUR,European Union,M,Import,156,CHN,China,0,W00,World,H5,HS,True,9403,"Furniture and parts thereof, n.e.c. in chapter 94",4,False,C00,TOTAL CPC,0,0,TOTAL MOT,-1,N/A,0.0,True,-1,N/A,0.0,False,144459764.0,False,0.0,False,357571183.608,,357571183.608,2,False,True
C,M,20200901,2020,9,202009,97,EUR,European Union,M,Import,156,CHN,China,0,W00,World,H5,HS,True,9405,"Lamps, light fittings; including searchlights, spotlights and parts thereof, n.e.c.; illuminated signs, name-plates and the like, having permanently fixed light source and parts thereof n.e.c. or included",4,False,C00,TOTAL CPC,0,0,TOTAL MOT,8,kg,76048230.491,True,-1,N/A,0.0,False,76048230.491,True,0.0,False,706373515.81,,706373515.81,6,False,True
C,M,20200901,2020,9,202009,97,EUR,European Union,M,Import,156,CHN,China,0,W00,World,H5,HS,True,9503,"Tricycles, scooters, pedal cars and similar wheeled toys; dolls' carriages; dolls; other toys; reduced-size (scale) models and similar recreational models, working or not; puzzles of all kinds",4,False,C00,TOTAL CPC,0,0,TOTAL MOT,8,kg,83162503.823,True,-1,N/A,0.0,False,83162503.823,True,0.0,False,716159723.191,,716159723.191,6,False,True
C,M,20201001,2020,10,202010,97,EUR,European Union,M,Import,156,CHN,China,0,W00,World,H5,HS,True,3923,"Plastic articles for the conveyance or packing of goods; stoppers, lids, caps and other closures of plastics",4,False,C00,TOTAL CPC,0,0,TOTAL MOT,8,kg,20487391.02,True,-1,N/A,0.0,False,20487391.02,True,0.0,False,98514275.125,,98514275.125,6,False,True
C,M,20201001,2020,10,202010,97,EUR,European Union,M,Import,156,CHN,China,0,W00,World,H5,HS,True,3924,"Tableware, kitchenware, other household articles and hygienic or toilet articles, of plastics",4,False,C00,TOTAL CPC,0,0,TOTAL MOT,8,kg,17703985.0,False,8,kg,17703985.0,False,17703985.0,False,0.0,False,92989087.485,,92989087.485,0,False,True
C,M,20201001,2020,10,202010,97,EUR,European Union,M,Import,156,CHN,China,0,W00,World,H5,HS,True,3926,"Articles of plastics and articles of other materials of heading no. 3901 to 3914, n.e.c. in chapter 39",4,False,C00,TOTAL CPC,0,0,TOTAL MOT,8,kg,60341671.019,True,-1,N/A,0.0,False,60341671.019,True,0.0,False,491532220.701,,491532220.701,6,False,True
C,M,20201001,2020,10,202010,97,EUR,European Union,M,Import,156,CHN,China,0,W00,World,H5,HS,True,8414,"Air or vacuum pumps, air or other gas compressors and fans; ventilating or recycling hoods incorporating a fan whether or not fitted with filters",4,False,C00,TOTAL CPC,0,0,TOTAL MOT,-1,N/A,0.0,False,-1,N/A,0.0,False,34420234.151,True,0.0,False,216552599.403,,216552599.403,4,False,True
C,M,20201001,2020,10,202010,97,EUR,European Union,M,Import,156,CHN,China,0,W00,World,H5,HS,True,8415,"Air conditioning machines; comprising a motor driven fan and elements for changing the temperature and humidity, including those machines in which the humidity cannot be separately regulated",4,False,C00,TOTAL CPC,0,0,TOTAL MOT,-1,N/A,0.0,True,-1,N/A,0.0,False,13672823.0,False,0.0,False,117353223.11,,117353223.11,2,False,True
C,M,20201001,2020,10,202010,97,EUR,European Union,M,Import,156,CHN,China,0,W00,World,H5,HS,True,8418,"Refrigerators, freezers and other refrigerating or freezing equipment, electric or other; heat pumps other than air conditioning machines of heading no. 8415",4,False,C00,TOTAL CPC,0,0,TOTAL MOT,-1,N/A,0.0,True,-1,N/A,0.0,False,75329167.0,False,0.0,False,287997818.737,,287997818.737,2,False,True
C,M,20201001,2020,10,202010,97,EUR,European Union,M,Import,156,CHN,China,0,W00,World,H5,HS,True,8450,Household or laundry-type washing machines; including machines which both wash and dry,4,False,C00,TOTAL CPC,0,0,TOTAL MOT,-1,N/A,0.0,False,-1,N/A,0.0,False,31648556.0,False,0.0,False,106116059.327,,106116059.327,0,False,True
C,M,20201001,2020,10,202010,97,EUR,European Union,M,Import,156,CHN,China,0,W00,World,H5,HS,True,8508,Vacuum cleaners,4,False,C00,TOTAL CPC,0,0,TOTAL MOT,-1,N/A,0.0,False,-1,N/A,0.0,False,20187843.0,False,0.0,False,266503749.0,,266503749.0,0,False,True
C,M,20201001,2020,10,202010,97,EUR,European Union,M,Import,156,CHN,China,0,W00,World,H5,HS,True,8509,"Electro-mechanical domestic appliances; with self-contained electric motor, other than vacuum cleaners of heading 85.08.",4,False,C00,TOTAL CPC,0,0,TOTAL MOT,-1,N/A,0.0,True,-1,N/A,0.0,False,20890416.0,False,0.0,False,208151520.693,,208151520.693,2,False,True
C,M,20201001,2020,10,202010,97,EUR,European Union,M,Import,156,CHN,China,0,W00,World,H5,HS,True,8516,"Electric water, space, soil heaters; electro-thermic hair-dressing apparatus; hand dryers, irons; electro-thermic appliances for domestic purposes; electro heating resistors, not of heading no. 8545",4,False,C00,TOTAL CPC,0,0,TOTAL MOT,-1,N/A,0.0,False,-1,N/A,0.0,False,99004583.617,True,0.0,False,607082156.242,,607082156.242,4,False,True
C,M,20201001,2020,10,202010,97,EUR,European Union,M,Import,156,CHN,China,0,W00,World,H5,HS,True,9401,"Seats (not those of heading no. 9402), whether or not convertible into beds and parts thereof",4,False,C00,TOTAL CPC,0,0,TOTAL MOT,-1,N/A,0.0,True,-1,N/A,0.0,False,107660603.0,False,0.0,False,426090958.405,,426090958.405,2,False,True
C,M,20201001,2020,10,202010,97,EUR,European Union,M,Import,156,CHN,China,0,W00,World,H5,HS,True,9403,"Furniture and parts thereof, n.e.c. in chapter 94",4,False,C00,TOTAL CPC,0,0,TOTAL MOT,-1,N/A,0.0,True,-1,N/A,0.0,False,137246383.0,False,0.0,False,354152700.509,,354152700.509,2,False,True
C,M,20201001,2020,10,202010,97,EUR,European Union,M,Import,156,CHN,China,0,W00,World,H5,HS,True,9405,"Lamps, light fittings; including searchlights, spotlights and parts thereof, n.e.c.; illuminated signs, name-plates and the like, having permanently fixed light source and parts thereof n.e.c. or included",4,False,C00,TOTAL CPC,0,0,TOTAL MOT,8,kg,65869773.0,False,8,kg,65869773.0,False,65869773.0,False,0.0,False,635363064.103,,635363064.103,0,False,True
C,M,20201001,2020,10,202010,97,EUR,European Union,M,Import,156,CHN,China,0,W00,World,H5,HS,True,9503,"Tricycles, scooters, pedal cars and similar wheeled toys; dolls' carriages; dolls; other toys; reduced-size (scale) models and similar recreational models, working or not; puzzles of all kinds",4,False,C00,TOTAL CPC,0,0,TOTAL MOT,8,kg,80018723.719,True,-1,N/A,0.0,False,80018723.719,True,0.0,False,676196892.005,,676196892.005,6,False,True
C,M,20201101,2020,11,202011,97,EUR,European Union,M,Import,156,CHN,China,0,W00,World,H5,HS,True,3923,"Plastic articles for the conveyance or packing of goods; stoppers, lids, caps and other closures of plastics",4,False,C00,TOTAL CPC,0,0,TOTAL MOT,8,kg,21264669.218,True,-1,N/A,0.0,False,21264669.218,True,0.0,False,101528689.279,,101528689.279,6,False,True
C,M,20201101,2020,11,202011,97,EUR,European Union,M,Import,156,CHN,China,0,W00,World,H5,HS,True,3924,"Tableware, kitchenware, other household articles and hygienic or toilet articles, of plastics",4,False,C00,TOTAL CPC,0,0,TOTAL MOT,8,kg,15670631.0,False,8,kg,15670631.0,False,15670631.0,False,0.0,False,86193752.873,,86193752.873,0,False,True
C,M,20201101,2020,11,202011,97,EUR,European Union,M,Import,156,CHN,China,0,W00,World,H5,HS,True,3926,"Articles of plastics and articles of other materials of heading no. 3901 to 3914, n.e.c. in chapter 39",4,False,C00,TOTAL CPC,0,0,TOTAL MOT,8,kg,61308882.0,False,8,kg,61308882.0,False,61308882.0,False,0.0,False,488846827.471,,488846827.471,0,False,True
C,M,20201101,2020,11,202011,97,EUR,European Union,M,Import,156,CHN,China,0,W00,World,H5,HS,True,8414,"Air or vacuum pumps, air or other gas compressors and fans; ventilating or recycling hoods incorporating a fan whether or not fitted with filters",4,False,C00,TOTAL CPC,0,0,TOTAL MOT,-1,N/A,0.0,False,-1,N/A,0.0,False,34284948.417,True,0.0,False,216823539.884,,216823539.884,4,False,True
C,M,20201101,2020,11,202011,97,EUR,European Union,M,Import,156,CHN,China,0,W00,World,H5,HS,True,8415,"Air conditioning machines; comprising a motor driven fan and elements for changing the temperature and humidity, including those machines in which the humidity cannot be separately regulated",4,False,C00,TOTAL CPC,0,0,TOTAL MOT,-1,N/A,0.0,True,-1,N/A,0.0,False,11325876.0,False,0.0,False,102725933.053,,102725933.053,2,False,True
C,M,20201101,2020,11,202011,97,EUR,European Union,M,Import,156,CHN,China,0,W00,World,H5,HS,True,8418,"Refrigerators, freezers and other refrigerating or freezing equipment, electric or other; heat pumps other than air conditioning machines of heading no. 8415",4,False,C00,TOTAL CPC,0,0,TOTAL MOT,-1,N/A,0.0,True,-1,N/A,0.0,False,52497088.0,False,0.0,False,228870834.578,,228870834.578,2,False,True
C,M,20201101,2020,11,202011,97,EUR,European Union,M,Import,156,CHN,China,0,W00,World,H5,HS,True,8450,Household or laundry-type washing machines; including machines which both wash and dry,4,False,C00,TOTAL CPC,0,0,TOTAL MOT,-1,N/A,0.0,False,-1,N/A,0.0,False,23102609.0,False,0.0,False,73078581.344,,73078581.344,0,False,True
C,M,20201101,2020,11,202011,97,EUR,European Union,M,Import,156,CHN,China,0,W00,World,H5,HS,True,8508,Vacuum cleaners,4,False,C00,TOTAL CPC,0,0,TOTAL MOT,-1,N/A,0.0,False,-1,N/A,0.0,False,20195226.0,False,0.0,False,286550647.191,,286550647.191,0,False,True
C,M,20201101,2020,11,202011,97,EUR,European Union,M,Import,156,CHN,China,0,W00,World,H5,HS,True,8509,"Electro-mechanical domestic appliances; with self-contained electric motor, other than vacuum cleaners of heading 85.08.",4,False,C00,TOTAL CPC,0,0,TOTAL MOT,-1,N/A,0.0,True,-1,N/A,0.0,False,19656060.0,False,0.0,False,201662632.445,,201662632.445,2,False,True
C,M,20201101,2020,11,202011,97,EUR,European Union,M,Import,156,CHN,China,0,W00,World,H5,HS,True,8516,"Electric water, space, soil heaters; electro-thermic hair-dressing apparatus; hand dryers, irons; electro-thermic appliances for domestic purposes; electro heating resistors, not of heading no. 8545",4,False,C00,TOTAL CPC,0,0,TOTAL MOT,-1,N/A,0.0,False,-1,N/A,0.0,False,88532161.567,True,0.0,False,563231789.74,,563231789.74,4,False,True
C,M,20201101,2020,11,202011,97,EUR,European Union,M,Import,156,CHN,China,0,W00,World,H5,HS,True,9401,"Seats (not those of heading no. 9402), whether or not convertible into beds and parts thereof",4,False,C00,TOTAL CPC,0,0,TOTAL MOT,-1,N/A,0.0,True,-1,N/A,0.0,False,116094081.0,False,0.0,False,464153563.518,,464153563.518,2,False,True
C,M,20201101,2020,11,202011,97,EUR,European Union,M,Import,156,CHN,China,0,W00,World,H5,HS,True,9403,"Furniture and parts thereof, n.e.c. in chapter 94",4,False,C00,TOTAL CPC,0,0,TOTAL MOT,-1,N/A,0.0,True,-1,N/A,0.0,False,144109502.872,True,0.0,False,370287816.813,,370287816.813,6,False,True
C,M,20201101,2020,11,202011,97,EUR,European Union,M,Import,156,CHN,China,0,W00,World,H5,HS,True,9405,"Lamps, light fittings; including searchlights, spotlights and parts thereof, n.e.c.; illuminated signs, name-plates and the like, having permanently fixed light source and parts thereof n.e.c. or included",4,False,C00,TOTAL CPC,0,0,TOTAL MOT,8,kg,51708013.0,False,8,kg,51708013.0,False,51708013.0,False,0.0,False,521596614.579,,521596614.579,0,False,True
C,M,20201101,2020,11,202011,97,EUR,European Union,M,Import,156,CHN,China,0,W00,World,H5,HS,True,9503,"Tricycles, scooters, pedal cars and similar wheeled toys; dolls' carriages; dolls; other toys; reduced-size (scale) models and similar recreational models, working or not; puzzles of all kinds",4,False,C00,TOTAL CPC,0,0,TOTAL MOT,8,kg,58532223.019,True,-1,N/A,0.0,False,58532223.019,True,0.0,False,519022182.666,,519022182.666,6,False,True
C,M,20201201,2020,12,202012,97,EUR,European Union,M,Import,156,CHN,China,0,W00,World,H5,HS,True,3923,"Plastic articles for the conveyance or packing of goods; stoppers, lids, caps and other closures of plastics",4,False,C00,TOTAL CPC,0,0,TOTAL MOT,8,kg,19212795.349,True,-1,N/A,0.0,False,19212795.349,True,0.0,False,100134707.086,,100134707.086,6,False,True
C,M,20201201,2020,12,202012,97,EUR,European Union,M,Import,156,CHN,China,0,W00,World,H5,HS,True,3924,"Tableware, kitchenware, other household articles and hygienic or toilet articles, of plastics",4,False,C00,TOTAL CPC,0,0,TOTAL MOT,8,kg,17655790.0,False,8,kg,17655790.0,False,17655790.0,False,0.0,False,93051385.107,,93051385.107,0,False,True
C,M,20201201,2020,12,202012,97,EUR,European Union,M,Import,156,CHN,China,0,W00,World,H5,HS,True,3926,"Articles of plastics and articles of other materials of heading no. 3901 to 3914, n.e.c. in chapter 39",4,False,C00,TOTAL CPC,0,0,TOTAL MOT,8,kg,63323005.033,True,-1,N/A,0.0,False,63323005.033,True,0.0,False,515781781.822,,515781781.822,6,False,True
C,M,20201201,2020,12,202012,97,EUR,European Union,M,Import,156,CHN,China,0,W00,World,H5,HS,True,8414,"Air or vacuum pumps, air or other gas compressors and fans; ventilating or recycling hoods incorporating a fan whether or not fitted with filters",4,False,C00,TOTAL CPC,0,0,TOTAL MOT,-1,N/A,0.0,False,-1,N/A,0.0,False,31709909.494,True,0.0,False,204633742.216,,204633742.216,4,False,True
C,M,20201201,2020,12,202012,97,EUR,European Union,M,Import,156,CHN,China,0,W00,World,H5,HS,True,8415,"Air conditioning machines; comprising a motor driven fan and elements for changing the temperature and humidity, including those machines in which the humidity cannot be separately regulated",4,False,C00,TOTAL CPC,0,0,TOTAL MOT,-1,N/A,0.0,True,-1,N/A,0.0,False,10205133.447,True,0.0,False,92487428.866,,92487428.866,6,False,True
C,M,20201201,2020,12,202012,97,EUR,European Union,M,Import,156,CHN,China,0,W00,World,H5,HS,True,8418,"Refrigerators, freezers and other refrigerating or freezing equipment, electric or other; heat pumps other than air conditioning machines of heading no. 8415",4,False,C00,TOTAL CPC,0,0,TOTAL MOT,-1,N/A,0.0,True,-1,N/A,0.0,False,56944377.576,True,0.0,False,250908277.707,,250908277.707,6,False,True
C,M,20201201,2020,12,202012,97,EUR,European Union,M,Import,156,CHN,China,0,W00,World,H5,HS,True,8450,Household or laundry-type washing machines; including machines which both wash and dry,4,False,C00,TOTAL CPC,0,0,TOTAL MOT,-1,N/A,0.0,False,-1,N/A,0.0,False,19299642.0,False,0.0,False,63925660.354,,63925660.354,0,False,True
C,M,20201201,2020,12,202012,97,EUR,European Union,M,Import,156,CHN,China,0,W00,World,H5,HS,True,8508,Vacuum cleaners,4,False,C00,TOTAL CPC,0,0,TOTAL MOT,-1,N/A,0.0,False,-1,N/A,0.0,False,17993202.0,False,0.0,False,243794403.621,,243794403.621,0,False,True
C,M,20201201,2020,12,202012,97,EUR,European Union,M,Import,156,CHN,China,0,W00,World,H5,HS,True,8509,"Electro-mechanical domestic appliances; with self-contained electric motor, other than vacuum cleaners of heading 85.08.",4,False,C00,TOTAL CPC,0,0,TOTAL MOT,-1,N/A,0.0,True,-1,N/A,0.0,False,17070478.085,True,0.0,False,195208831.535,,195208831.535,6,False,True
C,M,20201201,2020,12,202012,97,EUR,European Union,M,Import,156,CHN,China,0,W00,World,H5,HS,True,8516,"Electric water, space, soil heaters; electro-thermic hair-dressing apparatus; hand dryers, irons; electro-thermic appliances for domestic purposes; electro heating resistors, not of heading no. 8545",4,False,C00,TOTAL CPC,0,0,TOTAL MOT,-1,N/A,0.0,False,-1,N/A,0.0,False,75071942.0,False,0.0,False,484397232.267,,484397232.267,0,False,True
C,M,20201201,2020,12,202012,97,EUR,European Union,M,Import,156,CHN,China,0,W00,World,H5,HS,True,9401,"Seats (not those of heading no. 9402), whether or not convertible into beds and parts thereof",4,False,C00,TOTAL CPC,0,0,TOTAL MOT,-1,N/A,0.0,True,-1,N/A,0.0,False,123021692.0,False,0.0,False,507945230.225,,507945230.225,2,False,True
C,M,20201201,2020,12,202012,97,EUR,European Union,M,Import,156,CHN,China,0,W00,World,H5,HS,True,9403,"Furniture and parts thereof, n.e.c. in chapter 94",4,False,C00,TOTAL CPC,0,0,TOTAL MOT,-1,N/A,0.0,True,-1,N/A,0.0,False,150344050.929,True,0.0,False,399582584.507,,399582584.507,6,False,True
C,M,20201201,2020,12,202012,97,EUR,European Union,M,Import,156,CHN,China,0,W00,World,H5,HS,True,9405,"Lamps, light fittings; including searchlights, spotlights and parts thereof, n.e.c.; illuminated signs, name-plates and the like, having permanently fixed light source and parts thereof n.e.c. or included",4,False,C00,TOTAL CPC,0,0,TOTAL MOT,8,kg,49409903.693,True,-1,N/A,0.0,False,49409903.693,True,0.0,False,511416328.078,,511416328.078,6,False,True
C,M,20201201,2020,12,202012,97,EUR,European Union,M,Import,156,CHN,China,0,W00,World,H5,HS,True,9503,"Tricycles, scooters, pedal cars and similar wheeled toys; dolls' carriages; dolls; other toys; reduced-size (scale) models and similar recreational models, working or not; puzzles of all kinds",4,False,C00,TOTAL CPC,0,0,TOTAL MOT,8,kg,38443868.206,True,-1,N/A,0.0,False,38443868.206,True,0.0,False,369398482.675,,369398482.675,6,False,True
C,M,20210101,2021,1,202101,97,EUR,European Union,M,Import,156,CHN,China,0,W00,World,H5,HS,True,3923,"Plastic articles for the conveyance or packing of goods; stoppers, lids, caps and other closures of plastics",4,False,C00,TOTAL CPC,0,0,TOTAL MOT,8,kg,21893545.242,True,-1,N/A,0.0,False,21893545.242,True,0.0,False,116657357.484,,116657357.484,6,False,True
C,M,20210101,2021,1,202101,97,EUR,European Union,M,Import,156,CHN,China,0,W00,World,H5,HS,True,3924,"Tableware, kitchenware, other household articles and hygienic or toilet articles, of plastics",4,False,C00,TOTAL CPC,0,0,TOTAL MOT,8,kg,18366471.12,True,-1,N/A,0.0,False,18366471.12,True,0.0,False,99772199.328,,99772199.328,6,False,True
C,M,20210101,2021,1,202101,97,EUR,European Union,M,Import,156,CHN,China,0,W00,World,H5,HS,True,3926,"Articles of plastics and articles of other materials of heading no. 3901 to 3914, n.e.c. in chapter 39",4,False,C00,TOTAL CPC,0,0,TOTAL MOT,8,kg,74440240.15,True,-1,N/A,0.0,False,74440240.15,True,0.0,False,576074131.156,,576074131.156,6,False,True
C,M,20210101,2021,1,202101,97,EUR,European Union,M,Import,156,CHN,China,0,W00,World,H5,HS,True,8414,"Air or vacuum pumps, air or other gas compressors and fans; ventilating or recycling hoods incorporating a fan whether or not fitted with filters",4,False,C00,TOTAL CPC,0,0,TOTAL MOT,-1,N/A,0.0,True,-1,N/A,0.0,False,41971284.884,True,0.0,False,254358264.32,,254358264.32,6,False,True
C,M,20210101,2021,1,202101,97,EUR,European Union,M,Import,156,CHN,China,0,W00,World,H5,HS,True,8415,"Air conditioning machines; comprising a motor driven fan and elements for changing the temperature and humidity, including those machines in which the humidity cannot be separately regulated",4,False,C00,TOTAL CPC,0,0,TOTAL MOT,-1,N/A,0.0,True,-1,N/A,0.0,False,16742625.645,True,0.0,False,142563100.556,,142563100.556,6,False,True
C,M,20210101,2021,1,202101,97,EUR,European Union,M,Import,156,CHN,China,0,W00,World,H5,HS,True,8418,"Refrigerators, freezers and other refrigerating or freezing equipment, electric or other; heat pumps other than air conditioning machines of heading no. 8415",4,False,C00,TOTAL CPC,0,0,TOTAL MOT,-1,N/A,0.0,True,-1,N/A,0.0,False,60213358.0,False,0.0,False,279709622.74,,279709622.74,2,False,True
C,M,20210101,2021,1,202101,97,EUR,European Union,M,Import,156,CHN,China,0,W00,World,H5,HS,True,8450,Household or laundry-type washing machines; including machines which both wash and dry,4,False,C00,TOTAL CPC,0,0,TOTAL MOT,-1,N/A,0.0,False,-1,N/A,0.0,False,22688426.0,False,0.0,False,72133183.599,,72133183.599,0,False,True
C,M,20210101,2021,1,202101,97,EUR,European Union,M,Import,156,CHN,China,0,W00,World,H5,HS,True,8508,Vacuum cleaners,4,False,C00,TOTAL CPC,0,0,TOTAL MOT,-1,N/A,0.0,False,-1,N/A,0.0,False,17805309.251,True,0.0,False,212352032.396,,212352032.396,4,False,True
C,M,20210101,2021,1,202101,97,EUR,European Union,M,Import,156,CHN,China,0,W00,World,H5,HS,True,8509,"Electro-mechanical domestic appliances; with self-contained electric motor, other than vacuum cleaners of heading 85.08.",4,False,C00,TOTAL CPC,0,0,TOTAL MOT,-1,N/A,0.0,False,-1,N/A,0.0,False,17021977.0,False,0.0,False,183296384.496,,183296384.496,0,False,True
C,M,20210101,2021,1,202101,97,EUR,European Union,M,Import,156,CHN,China,0,W00,World,H5,HS,True,8516,"Electric water, space, soil heaters; electro-thermic hair-dressing apparatus; hand dryers, irons; electro-thermic appliances for domestic purposes; electro heating resistors, not of heading no. 8545",4,False,C00,TOTAL CPC,0,0,TOTAL MOT,-1,N/A,0.0,False,-1,N/A,0.0,False,76621425.0,False,0.0,False,504082921.738,,504082921.738,0,False,True
C,M,20210101,2021,1,202101,97,EUR,European Union,M,Import,156,CHN,China,0,W00,World,H5,HS,True,9401,"Seats (not those of heading no. 9402), whether or not convertible into beds and parts thereof",4,False,C00,TOTAL CPC,0,0,TOTAL MOT,-1,N/A,0.0,True,-1,N/A,0.0,False,140915987.0,False,0.0,False,604462680.161,,604462680.161,2,False,True
C,M,20210101,2021,1,202101,97,EUR,European Union,M,Import,156,CHN,China,0,W00,World,H5,HS,True,9403,"Furniture and parts thereof, n.e.c. in chapter 94",4,False,C00,TOTAL CPC,0,0,TOTAL MOT,-1,N/A,0.0,True,-1,N/A,0.0,False,172462007.954,True,0.0,False,482806878.725,,482806878.725,6,False,True
C,M,20210101,2021,1,202101,97,EUR,European Union,M,Import,156,CHN,China,0,W00,World,H5,HS,True,9405,"Lamps, light fittings; including searchlights, spotlights and parts thereof, n.e.c.; illuminated signs, name-plates and the like, having permanently fixed light source and parts thereof n.e.c. or included",4,False,C00,TOTAL CPC,0,0,TOTAL MOT,8,kg,57987548.546,True,-1,N/A,0.0,False,57987548.546,True,0.0,False,602844136.023,,602844136.023,6,False,True
C,M,20210101,2021,1,202101,97,EUR,European Union,M,Import,156,CHN,China,0,W00,World,H5,HS,True,9503,"Tricycles, scooters, pedal cars and similar wheeled toys; dolls' carriages; dolls; other toys; reduced-size (scale) models and similar recreational models, working or not; puzzles of all kinds",4,False,C00,TOTAL CPC,0,0,TOTAL MOT,8,kg,35349542.761,True,-1,N/A,0.0,False,35349542.761,True,0.0,False,350148710.433,,350148710.433,6,False,True
C,M,20210201,2021,2,202102,97,EUR,European Union,M,Import,156,CHN,China,0,W00,World,H5,HS,True,3923,"Plastic articles for the conveyance or packing of goods; stoppers, lids, caps and other closures of plastics",4,False,C00,TOTAL CPC,0,0,TOTAL MOT,8,kg,20762614.542,True,-1,N/A,0.0,False,20762614.542,True,0.0,False,113353018.567,,113353018.567,6,False,True
C,M,20210201,2021,2,202102,97,EUR,European Union,M,Import,156,CHN,China,0,W00,World,H5,HS,True,3924,"Tableware, kitchenware, other household articles and hygienic or toilet articles, of plastics",4,False,C00,TOTAL CPC,0,0,TOTAL MOT,8,kg,17004818.0,False,8,kg,17004818.0,False,17004818.0,False,0.0,False,101444868.08,,101444868.08,0,False,True
C,M,20210201,2021,2,202102,97,EUR,European Union,M,Import,156,CHN,China,0,W00,World,H5,HS,True,3926,"Articles of plastics and articles of other materials of heading no. 3901 to 3914, n.e.c. in chapter 39",4,False,C00,TOTAL CPC,0,0,TOTAL MOT,8,kg,67194956.127,True,-1,N/A,0.0,False,67194956.127,True,0.0,False,532972828.437,,532972828.437,6,False,True
C,M,20210201,2021,2,202102,97,EUR,European Union,M,Import,156,CHN,China,0,W00,World,H5,HS,True,8414,"Air or vacuum pumps, air or other gas compressors and fans; ventilating or recycling hoods incorporating a fan whether or not fitted with filters",4,False,C00,TOTAL CPC,0,0,TOTAL MOT,-1,N/A,0.0,True,-1,N/A,0.0,False,45144731.867,True,0.0,False,283614557.525,,283614557.525,6,False,True
C,M,20210201,2021,2,202102,97,EUR,European Union,M,Import,156,CHN,China,0,W00,World,H5,HS,True,8415,"Air conditioning machines; comprising a motor driven fan and elements for changing the temperature and humidity, including those machines in which the humidity cannot be separately regulated",4,False,C00,TOTAL CPC,0,0,TOTAL MOT,-1,N/A,0.0,True,-1,N/A,0.0,False,30485263.326,True,0.0,False,235747100.252,,235747100.252,6,False,True
C,M,20210201,2021,2,202102,97,EUR,European Union,M,Import,156,CHN,China,0,W00,World,H5,HS,True,8418,"Refrigerators, freezers and other refrigerating or freezing equipment, electric or other; heat pumps other than air conditioning machines of heading no. 8415",4,False,C00,TOTAL CPC,0,0,TOTAL MOT,-1,N/A,0.0,True,-1,N/A,0.0,False,53768092.16,True,0.0,False,277444726.518,,277444726.518,6,False,True
C,M,20210201,2021,2,202102,97,EUR,European Union,M,Import,156,CHN,China,0,W00,World,H5,HS,True,8450,Household or laundry-type washing machines; including machines which both wash and dry,4,False,C00,TOTAL CPC,0,0,TOTAL MOT,-1,N/A,0.0,False,-1,N/A,0.0,False,18214822.0,False,0.0,False,62601915.529,,62601915.529,0,False,True
C,M,20210201,2021,2,202102,97,EUR,European Union,M,Import,156,CHN,China,0,W00,World,H5,HS,True,8508,Vacuum cleaners,4,False,C00,TOTAL CPC,0,0,TOTAL MOT,-1,N/A,0.0,False,-1,N/A,0.0,False,16560451.0,False,0.0,False,203712150.192,,203712150.192,0,False,True
C,M,20210201,2021,2,202102,97,EUR,European Union,M,Import,156,CHN,China,0,W00,World,H5,HS,True,8509,"Electro-mechanical domestic appliances; with self-contained electric motor, other than vacuum cleaners of heading 85.08.",4,False,C00,TOTAL CPC,0,0,TOTAL MOT,-1,N/A,0.0,False,-1,N/A,0.0,False,16136741.0,False,0.0,False,188036055.518,,188036055.518,0,False,True
C,M,20210201,2021,2,202102,97,EUR,European Union,M,Import,156,CHN,China,0,W00,World,H5,HS,True,8516,"Electric water, space, soil heaters; electro-thermic hair-dressing apparatus; hand dryers, irons; electro-thermic appliances for domestic purposes; electro heating resistors, not of heading no. 8545",4,False,C00,TOTAL CPC,0,0,TOTAL MOT,-1,N/A,0.0,True,-1,N/A,0.0,False,68943263.0,False,0.0,False,490841165.813,,490841165.813,2,False,True
C,M,20210201,2021,2,202102,97,EUR,European Union,M,Import,156,CHN,China,0,W00,World,H5,HS,True,9401,"Seats (not those of heading no. 9402), whether or not convertible into beds and parts thereof",4,False,C00,TOTAL CPC,0,0,TOTAL MOT,-1,N/A,0.0,True,-1,N/A,0.0,False,144609001.462,True,0.0,False,661032273.216,,661032273.216,6,False,True
C,M,20210201,2021,2,202102,97,EUR,European Union,M,Import,156,CHN,China,0,W00,World,H5,HS,True,9403,"Furniture and parts thereof, n.e.c. in chapter 94",4,False,C00,TOTAL CPC,0,0,TOTAL MOT,-1,N/A,0.0,True,-1,N/A,0.0,False,158311826.0,False,0.0,False,485095692.844,,485095692.844,2,False,True
C,M,20210201,2021,2,202102,97,EUR,European Union,M,Import,156,CHN,China,0,W00,World,H5,HS,True,9405,"Lamps, light fittings; including searchlights, spotlights and parts thereof, n.e.c.; illuminated signs, name-plates and the like, having permanently fixed light source and parts thereof n.e.c. or included",4,False,C00,TOTAL CPC,0,0,TOTAL MOT,8,kg,57424780.459,True,-1,N/A,0.0,False,57424780.459,True,0.0,False,608475081.946,,608475081.946,6,False,True
C,M,20210201,2021,2,202102,97,EUR,European Union,M,Import,156,CHN,China,0,W00,World,H5,HS,True,9503,"Tricycles, scooters, pedal cars and similar wheeled toys; dolls' carriages; dolls; other toys; reduced-size (scale) models and similar recreational models, working or not; puzzles of all kinds",4,False,C00,TOTAL CPC,0,0,TOTAL MOT,8,kg,39093379.756,True,-1,N/A,0.0,False,39093379.756,True,0.0,False,382925043.918,,382925043.918,6,False,True
C,M,20210301,2021,3,202103,97,EUR,European Union,M,Import,156,CHN,China,0,W00,World,H5,HS,True,3923,"Plastic articles for the conveyance or packing of goods; stoppers, lids, caps and other closures of plastics",4,False,C00,TOTAL CPC,0,0,TOTAL MOT,8,kg,22161290.253,True,-1,N/A,0.0,False,22161290.253,True,0.0,False,132277862.97,,132277862.97,6,False,True
C,M,20210301,2021,3,202103,97,EUR,European Union,M,Import,156,CHN,China,0,W00,World,H5,HS,True,3924,"Tableware, kitchenware, other household articles and hygienic or toilet articles, of plastics",4,False,C00,TOTAL CPC,0,0,TOTAL MOT,8,kg,20410519.0,False,8,kg,20410519.0,False,20410519.0,False,0.0,False,119990236.744,,119990236.744,0,False,True
C,M,20210301,2021,3,202103,97,EUR,European Union,M,Import,156,CHN,China,0,W00,World,H5,HS,True,3926,"Articles of plastics and articles of other materials of heading no. 3901 to 3914, n.e.c. in chapter 39",4,False,C00,TOTAL CPC,0,0,TOTAL MOT,8,kg,78263696.283,True,-1,N/A,0.0,False,78263696.283,True,0.0,False,612820919.38,,612820919.38,6,False,True
C,M,20210301,2021,3,202103,97,EUR,European Union,M,Import,156,CHN,China,0,W00,World,H5,HS,True,8414,"Air or vacuum pumps, air or other gas compressors and fans; ventilating or recycling hoods incorporating a fan whether or not fitted with filters",4,False,C00,TOTAL CPC,0,0,TOTAL MOT,-1,N/A,0.0,False,-1,N/A,0.0,False,62459222.545,True,0.0,False,371345020.616,,371345020.616,4,False,True
C,M,20210301,2021,3,202103,97,EUR,European Union,M,Import,156,CHN,China,0,W00,World,H5,HS,True,8415,"Air conditioning machines; comprising a motor driven fan and elements for changing the temperature and humidity, including those machines in which the humidity cannot be separately regulated",4,False,C00,TOTAL CPC,0,0,TOTAL MOT,-1,N/A,0.0,True,-1,N/A,0.0,False,50531204.722,True,0.0,False,373514206.875,,373514206.875,6,False,True
C,M,20210301,2021,3,202103,97,EUR,European Union,M,Import,156,CHN,China,0,W00,World,H5,HS,True,8418,"Refrigerators, freezers and other refrigerating or freezing equipment, electric or other; heat pumps other than air conditioning machines of heading no. 8415",4,False,C00,TOTAL CPC,0,0,TOTAL MOT,-1,N/A,0.0,True,-1,N/A,0.0,False,65275407.998,True,0.0,False,323758641.573,,323758641.573,6,False,True
C,M,20210301,2021,3,202103,97,EUR,European Union,M,Import,156,CHN,China,0,W00,World,H5,HS,True,8450,Household or laundry-type washing machines; including machines which both wash and dry,4,False,C00,TOTAL CPC,0,0,TOTAL MOT,-1,N/A,0.0,False,-1,N/A,0.0,False,23467559.0,False,0.0,False,78596280.977,,78596280.977,0,False,True
C,M,20210301,2021,3,202103,97,EUR,European Union,M,Import,156,CHN,China,0,W00,World,H5,HS,True,8508,Vacuum cleaners,4,False,C00,TOTAL CPC,0,0,TOTAL MOT,-1,N/A,0.0,False,-1,N/A,0.0,False,18845701.0,False,0.0,False,235521570.33,,235521570.33,0,False,True
C,M,20210301,2021,3,202103,97,EUR,European Union,M,Import,156,CHN,China,0,W00,World,H5,HS,True,8509,"Electro-mechanical domestic appliances; with self-contained electric motor, other than vacuum cleaners of heading 85.08.",4,False,C00,TOTAL CPC,0,0,TOTAL MOT,-1,N/A,0.0,False,-1,N/A,0.0,False,18422172.0,False,0.0,False,200506310.952,,200506310.952,0,False,True
C,M,20210301,2021,3,202103,97,EUR,European Union,M,Import,156,CHN,China,0,W00,World,H5,HS,True,8516,"Electric water, space, soil heaters; electro-thermic hair-dressing apparatus; hand dryers, irons; electro-thermic appliances for domestic purposes; electro heating resistors, not of heading no. 8545",4,False,C00,TOTAL CPC,0,0,TOTAL MOT,-1,N/A,0.0,True,-1,N/A,0.0,False,72590156.743,True,0.0,False,506111202.249,,506111202.249,6,False,True
C,M,20210301,2021,3,202103,97,EUR,European Union,M,Import,156,CHN,China,0,W00,World,H5,HS,True,9401,"Seats (not those of heading no. 9402), whether or not convertible into beds and parts thereof",4,False,C00,TOTAL CPC,0,0,TOTAL MOT,-1,N/A,0.0,True,-1,N/A,0.0,False,146768635.0,False,0.0,False,685860671.59,,685860671.59,2,False,True
C,M,20210301,2021,3,202103,97,EUR,European Union,M,Import,156,CHN,China,0,W00,World,H5,HS,True,9403,"Furniture and parts thereof, n.e.c. in chapter 94",4,False,C00,TOTAL CPC,0,0,TOTAL MOT,-1,N/A,0.0,True,-1,N/A,0.0,False,174920697.0,False,0.0,False,553537676.561,,553537676.561,2,False,True
C,M,20210301,2021,3,202103,97,EUR,European Union,M,Import,156,CHN,China,0,W00,World,H5,HS,True,9405,"Lamps, light fittings; including searchlights, spotlights and parts thereof, n.e.c.; illuminated signs, name-plates and the like, having permanently fixed light source and parts thereof n.e.c. or included",4,False,C00,TOTAL CPC,0,0,TOTAL MOT,8,kg,65033172.896,True,-1,N/A,0.0,False,65033172.896,True,0.0,False,698159630.509,,698159630.509,6,False,True
C,M,20210301,2021,3,202103,97,EUR,European Union,M,Import,156,CHN,China,0,W00,World,H5,HS,True,9503,"Tricycles, scooters, pedal cars and similar wheeled toys; dolls' carriages; dolls; other toys; reduced-size (scale) models and similar recreational models, working or not; puzzles of all kinds",4,False,C00,TOTAL CPC,0,0,TOTAL MOT,8,kg,48865120.0,False,8,kg,48865120.0,False,48865120.0,False,0.0,False,483508993.835,,483508993.835,0,False,True
C,M,20210401,2021,4,202104,97,EUR,European Union,M,Import,156,CHN,China,0,W00,World,H5,HS,True,3923,"Plastic articles for the conveyance or packing of goods; stoppers, lids, caps and other closures of plastics",4,False,C00,TOTAL CPC,0,0,TOTAL MOT,8,kg,18032440.104,True,-1,N/A,0.0,False,18032440.104,True,0.0,False,108557364.185,,108557364.185,6,False,True
C,M,20210401,2021,4,202104,97,EUR,European Union,M,Import,156,CHN,China,0,W00,World,H5,HS,True,3924,"Tableware, kitchenware, other household articles and hygienic or toilet articles, of plastics",4,False,C00,TOTAL CPC,0,0,TOTAL MOT,8,kg,14528004.0,False,8,kg,14528004.0,False,14528004.0,False,0.0,False,82154338.884,,82154338.884,0,False,True
C,M,20210401,2021,4,202104,97,EUR,European Union,M,Import,156,CHN,China,0,W00,World,H5,HS,True,3926,"Articles of plastics and articles of other materials of heading no. 3901 to 3914, n.e.c. in chapter 39",4,False,C00,TOTAL CPC,0,0,TOTAL MOT,8,kg,64960468.984,True,-1,N/A,0.0,False,64960468.984,True,0.0,False,549763639.231,,549763639.231,6,False,True
C,M,20210401,2021,4,202104,97,EUR,European Union,M,Import,156,CHN,China,0,W00,World,H5,HS,True,8414,"Air or vacuum pumps, air or other gas compressors and fans; ventilating or recycling hoods incorporating a fan whether or not fitted with filters",4,False,C00,TOTAL CPC,0,0,TOTAL MOT,-1,N/A,0.0,True,-1,N/A,0.0,False,56392539.445,True,0.0,False,353579178.911,,353579178.911,6,False,True
C,M,20210401,2021,4,202104,97,EUR,European Union,M,Import,156,CHN,China,0,W00,World,H5,HS,True,8415,"Air conditioning machines; comprising a motor driven fan and elements for changing the temperature and humidity, including those machines in which the humidity cannot be separately regulated",4,False,C00,TOTAL CPC,0,0,TOTAL MOT,-1,N/A,0.0,True,-1,N/A,0.0,False,58922443.0,False,0.0,False,438780897.815,,438780897.815,2,False,True
C,M,20210401,2021,4,202104,97,EUR,European Union,M,Import,156,CHN,China,0,W00,World,H5,HS,True,8418,"Refrigerators, freezers and other refrigerating or freezing equipment, electric or other; heat pumps other than air conditioning machines of heading no. 8415",4,False,C00,TOTAL CPC,0,0,TOTAL MOT,-1,N/A,0.0,True,-1,N/A,0.0,False,65558049.382,True,0.0,False,331925827.229,,331925827.229,6,False,True
C,M,20210401,2021,4,202104,97,EUR,European Union,M,Import,156,CHN,China,0,W00,World,H5,HS,True,8450,Household or laundry-type washing machines; including machines which both wash and dry,4,False,C00,TOTAL CPC,0,0,TOTAL MOT,-1,N/A,0.0,True,-1,N/A,0.0,False,28840045.282,True,0.0,False,97909017.612,,97909017.612,6,False,True
C,M,20210401,2021,4,202104,97,EUR,European Union,M,Import,156,CHN,China,0,W00,World,H5,HS,True,8508,Vacuum cleaners,4,False,C00,TOTAL CPC,0,0,TOTAL MOT,-1,N/A,0.0,False,-1,N/A,0.0,False,18814836.0,False,0.0,False,242249902.496,,242249902.496,0,False,True
C,M,20210401,2021,4,202104,97,EUR,European Union,M,Import,156,CHN,China,0,W00,World,H5,HS,True,8509,"Electro-mechanical domestic appliances; with self-contained electric motor, other than vacuum cleaners of heading 85.08.",4,False,C00,TOTAL CPC,0,0,TOTAL MOT,-1,N/A,0.0,True,-1,N/A,0.0,False,16859028.379,True,0.0,False,183805978.324,,183805978.324,6,False,True
C,M,20210401,2021,4,202104,97,EUR,European Union,M,Import,156,CHN,China,0,W00,World,H5,HS,True,8516,"Electric water, space, soil heaters; electro-thermic hair-dressing apparatus; hand dryers, irons; electro-thermic appliances for domestic purposes; electro heating resistors, not of heading no. 8545",4,False,C00,TOTAL CPC,0,0,TOTAL MOT,-1,N/A,0.0,False,-1,N/A,0.0,False,59966989.037,True,0.0,False,420725122.623,,420725122.623,4,False,True
C,M,20210401,2021,4,202104,97,EUR,European Union,M,Import,156,CHN,China,0,W00,World,H5,HS,True,9401,"Seats (not those of heading no. 9402), whether or not convertible into beds and parts thereof",4,False,C00,TOTAL CPC,0,0,TOTAL MOT,-1,N/A,0.0,True,-1,N/A,0.0,False,125412901.0,False,0.0,False,588084719.037,,588084719.037,2,False,True
C,M,20210401,2021,4,202104,97,EUR,European Union,M,Import,156,CHN,China,0,W00,World,H5,HS,True,9403,"Furniture and parts thereof, n.e.c. in chapter 94",4,False,C00,TOTAL CPC,0,0,TOTAL MOT,-1,N/A,0.0,True,-1,N/A,0.0,False,139887718.0,False,0.0,False,441576177.675,,441576177.675,2,False,True
C,M,20210401,2021,4,202104,97,EUR,European Union,M,Import,156,CHN,China,0,W00,World,H5,HS,True,9405,"Lamps, light fittings; including searchlights, spotlights and parts thereof, n.e.c.; illuminated signs, name-plates and the like, having permanently fixed light source and parts thereof n.e.c. or included",4,False,C00,TOTAL CPC,0,0,TOTAL MOT,8,kg,43144494.705,True,-1,N/A,0.0,False,43144494.705,True,0.0,False,483249904.501,,483249904.501,6,False,True
C,M,20210401,2021,4,202104,97,EUR,European Union,M,Import,156,CHN,China,0,W00,World,H5,HS,True,9503,"Tricycles, scooters, pedal cars and similar wheeled toys; dolls' carriages; dolls; other toys; reduced-size (scale) models and similar recreational models, working or not; puzzles of all kinds",4,False,C00,TOTAL CPC,0,0,TOTAL MOT,8,kg,37313681.274,True,-1,N/A,0.0,False,37313681.274,True,0.0,False,355654631.058,,355654631.058,6,False,True
C,M,20210501,2021,5,202105,97,EUR,European Union,M,Import,156,CHN,China,0,W00,World,H5,HS,True,3923,"Plastic articles for the conveyance or packing of goods; stoppers, lids, caps and other closures of plastics",4,False,C00,TOTAL CPC,0,0,TOTAL MOT,8,kg,20659400.422,True,-1,N/A,0.0,False,20659400.422,True,0.0,False,128906126.278,,128906126.278,6,False,True
C,M,20210501,2021,5,202105,97,EUR,European Union,M,Import,156,CHN,China,0,W00,World,H5,HS,True,3924,"Tableware, kitchenware, other household articles and hygienic or toilet articles, of plastics",4,False,C00,TOTAL CPC,0,0,TOTAL MOT,8,kg,17272347.0,False,8,kg,17272347.0,False,17272347.0,False,0.0,False,97678659.136,,97678659.136,0,False,True
C,M,20210501,2021,5,202105,97,EUR,European Union,M,Import,156,CHN,China,0,W00,World,H5,HS,True,3926,"Articles of plastics and articles of other materials of heading no. 3901 to 3914, n.e.c. in chapter 39",4,False,C00,TOTAL CPC,0,0,TOTAL MOT,8,kg,69803104.459,True,-1,N/A,0.0,False,69803104.459,True,0.0,False,532285251.499,,532285251.499,6,False,True
C,M,20210501,2021,5,202105,97,EUR,European Union,M,Import,156,CHN,China,0,W00,World,H5,HS,True,8414,"Air or vacuum pumps, air or other gas compressors and fans; ventilating or recycling hoods incorporating a fan whether or not fitted with filters",4,False,C00,TOTAL CPC,0,0,TOTAL MOT,-1,N/A,0.0,False,-1,N/A,0.0,False,57304016.033,True,0.0,False,359358478.684,,359358478.684,4,False,True
C,M,20210501,2021,5,202105,97,EUR,European Union,M,Import,156,CHN,China,0,W00,World,H5,HS,True,8415,"Air conditioning machines; comprising a motor driven fan and elements for changing the temperature and humidity, including those machines in which the humidity cannot be separately regulated",4,False,C00,TOTAL CPC,0,0,TOTAL MOT,-1,N/A,0.0,True,-1,N/A,0.0,False,62016947.0,False,0.0,False,452767336.118,,452767336.118,2,False,True
C,M,20210501,2021,5,202105,97,EUR,European Union,M,Import,156,CHN,China,0,W00,World,H5,HS,True,8418,"Refrigerators, freezers and other refrigerating or freezing equipment, electric or other; heat pumps other than air conditioning machines of heading no. 8415",4,False,C00,TOTAL CPC,0,0,TOTAL MOT,-1,N/A,0.0,True,-1,N/A,0.0,False,71763686.88,True,0.0,False,363914811.996,,363914811.996,6,False,True
C,M,20210501,2021,5,202105,97,EUR,European Union,M,Import,156,CHN,China,0,W00,World,H5,HS,True,8450,Household or laundry-type washing machines; including machines which both wash and dry,4,False,C00,TOTAL CPC,0,0,TOTAL MOT,-1,N/A,0.0,False,-1,N/A,0.0,False,24347349.0,False,0.0,False,86732243.903,,86732243.903,0,False,True
C,M,20210501,2021,5,202105,97,EUR,European Union,M,Import,156,CHN,China,0,W00,World,H5,HS,True,8508,Vacuum cleaners,4,False,C00,TOTAL CPC,0,0,TOTAL MOT,-1,N/A,0.0,True,-1,N/A,0.0,False,18227869.517,True,0.0,False,253363558.682,,253363558.682,6,False,True
C,M,20210501,2021,5,202105,97,EUR,European Union,M,Import,156,CHN,China,0,W00,World,H5,HS,True,8509,"Electro-mechanical domestic appliances; with self-contained electric motor, other than vacuum cleaners of heading 85.08.",4,False,C00,TOTAL CPC,0,0,TOTAL MOT,-1,N/A,0.0,False,-1,N/A,0.0,False,18468306.0,False,0.0,False,193949825.329,,193949825.329,0,False,True
C,M,20210501,2021,5,202105,97,EUR,European Union,M,Import,156,CHN,China,0,W00,World,H5,HS,True,8516,"Electric water, space, soil heaters; electro-thermic hair-dressing apparatus; hand dryers, irons; electro-thermic appliances for domestic purposes; electro heating resistors, not of heading no. 8545",4,False,C00,TOTAL CPC,0,0,TOTAL MOT,-1,N/A,0.0,False,-1,N/A,0.0,False,69326958.518,True,0.0,False,462249701.003,,462249701.003,4,False,True
C,M,20210501,2021,5,202105,97,EUR,European Union,M,Import,156,CHN,China,0,W00,World,H5,HS,True,9401,"Seats (not those of heading no. 9402), whether or not convertible into beds and parts thereof",4,False,C00,TOTAL CPC,0,0,TOTAL MOT,-1,N/A,0.0,True,-1,N/A,0.0,False,150023798.0,False,0.0,False,714084435.226,,714084435.226,2,False,True
C,M,20210501,2021,5,202105,97,EUR,European Union,M,Import,156,CHN,China,0,W00,World,H5,HS,True,9403,"Furniture and parts thereof, n.e.c. in chapter 94",4,False,C00,TOTAL CPC,0,0,TOTAL MOT,-1,N/A,0.0,True,-1,N/A,0.0,False,157939295.925,True,0.0,False,493605215.13,,493605215.13,6,False,True
C,M,20210501,2021,5,202105,97,EUR,European Union,M,Import,156,CHN,China,0,W00,World,H5,HS,True,9405,"Lamps, light fittings; including searchlights, spotlights and parts thereof, n.e.c.; illuminated signs, name-plates and the like, having permanently fixed light source and parts thereof n.e.c. or included",4,False,C00,TOTAL CPC,0,0,TOTAL MOT,8,kg,48160720.959,True,-1,N/A,0.0,False,48160720.959,True,0.0,False,544455491.734,,544455491.734,6,False,True
C,M,20210501,2021,5,202105,97,EUR,European Union,M,Import,156,CHN,China,0,W00,World,H5,HS,True,9503,"Tricycles, scooters, pedal cars and similar wheeled toys; dolls' carriages; dolls; other toys; reduced-size (scale) models and similar recreational models, working or not; puzzles of all kinds",4,False,C00,TOTAL CPC,0,0,TOTAL MOT,8,kg,41587095.756,True,-1,N/A,0.0,False,41587095.756,True,0.0,False,377286815.411,,377286815.411,6,False,True
C,M,20210601,2021,6,202106,97,EUR,European Union,M,Import,156,CHN,China,0,W00,World,H5,HS,True,3923,"Plastic articles for the conveyance or packing of goods; stoppers, lids, caps and other closures of plastics",4,False,C00,TOTAL CPC,0,0,TOTAL MOT,8,kg,24976020.266,True,-1,N/A,0.0,False,24976020.266,True,0.0,False,141950284.177,,141950284.177,6,False,True
C,M,20210601,2021,6,202106,97,EUR,European Union,M,Import,156,CHN,China,0,W00,World,H5,HS,True,3924,"Tableware, kitchenware, other household articles and hygienic or toilet articles, of plastics",4,False,C00,TOTAL CPC,0,0,TOTAL MOT,8,kg,21074383.0,False,8,kg,21074383.0,False,21074383.0,False,0.0,False,118565862.761,,118565862.761,0,False,True
C,M,20210601,2021,6,202106,97,EUR,European Union,M,Import,156,CHN,China,0,W00,World,H5,HS,True,3926,"Articles of plastics and articles of other materials of heading no. 3901 to 3914, n.e.c. in chapter 39",4,False,C00,TOTAL CPC,0,0,TOTAL MOT,8,kg,71297141.977,True,-1,N/A,0.0,False,71297141.977,True,0.0,False,531336145.422,,531336145.422,6,False,True
C,M,20210601,2021,6,202106,97,EUR,European Union,M,Import,156,CHN,China,0,W00,World,H5,HS,True,8414,"Air or vacuum pumps, air or other gas compressors and fans; ventilating or recycling hoods incorporating a fan whether or not fitted with filters",4,False,C00,TOTAL CPC,0,0,TOTAL MOT,-1,N/A,0.0,True,-1,N/A,0.0,False,54994577.005,True,0.0,False,351586065.542,,351586065.542,6,False,True
C,M,20210601,2021,6,202106,97,EUR,European Union,M,Import,156,CHN,China,0,W00,World,H5,HS,True,8415,"Air conditioning machines; comprising a motor driven fan and elements for changing the temperature and humidity, including those machines in which the humidity cannot be separately regulated",4,False,C00,TOTAL CPC,0,0,TOTAL MOT,-1,N/A,0.0,True,-1,N/A,0.0,False,58596114.0,False,0.0,False,435332423.865,,435332423.865,2,False,True
C,M,20210601,2021,6,202106,97,EUR,European Union,M,Import,156,CHN,China,0,W00,World,H5,HS,True,8418,"Refrigerators, freezers and other refrigerating or freezing equipment, electric or other; heat pumps other than air conditioning machines of heading no. 8415",4,False,C00,TOTAL CPC,0,0,TOTAL MOT,-1,N/A,0.0,True,-1,N/A,0.0,False,75782061.277,True,0.0,False,392670494.556,,392670494.556,6,False,True
C,M,20210601,2021,6,202106,97,EUR,European Union,M,Import,156,CHN,China,0,W00,World,H5,HS,True,8450,Household or laundry-type washing machines; including machines which both wash and dry,4,False,C00,TOTAL CPC,0,0,TOTAL MOT,-1,N/A,0.0,True,-1,N/A,0.0,False,21850855.744,True,0.0,False,74711328.074,,74711328.074,6,False,True
C,M,20210601,2021,6,202106,97,EUR,European Union,M,Import,156,CHN,China,0,W00,World,H5,HS,True,8508,Vacuum cleaners,4,False,C00,TOTAL CPC,0,0,TOTAL MOT,-1,N/A,0.0,False,-1,N/A,0.0,False,19733724.0,False,0.0,False,249032518.959,,249032518.959,0,False,True
C,M,20210601,2021,6,202106,97,EUR,European Union,M,Import,156,CHN,China,0,W00,World,H5,HS,True,8509,"Electro-mechanical domestic appliances; with self-contained electric motor, other than vacuum cleaners of heading 85.08.",4,False,C00,TOTAL CPC,0,0,TOTAL MOT,-1,N/A,0.0,False,-1,N/A,0.0,False,17998642.0,False,0.0,False,203691803.336,,203691803.336,0,False,True
C,M,20210601,2021,6,202106,97,EUR,European Union,M,Import,156,CHN,China,0,W00,World,H5,HS,True,8516,"Electric water, space, soil heaters; electro-thermic hair-dressing apparatus; hand dryers, irons; electro-thermic appliances for domestic purposes; electro heating resistors, not of heading no. 8545",4,False,C00,TOTAL CPC,0,0,TOTAL MOT,-1,N/A,0.0,False,-1,N/A,0.0,False,71307950.0,False,0.0,False,476031762.8,,476031762.8,0,False,True
C,M,20210601,2021,6,202106,97,EUR,European Union,M,Import,156,CHN,China,0,W00,World,H5,HS,True,9401,"Seats (not those of heading no. 9402), whether or not convertible into beds and parts thereof",4,False,C00,TOTAL CPC,0,0,TOTAL MOT,-1,N/A,0.0,True,-1,N/A,0.0,False,149954497.678,True,0.0,False,697138717.861,,697138717.861,6,False,True
C,M,20210601,2021,6,202106,97,EUR,European Union,M,Import,156,CHN,China,0,W00,World,H5,HS,True,9403,"Furniture and parts thereof, n.e.c. in chapter 94",4,False,C00,TOTAL CPC,0,0,TOTAL MOT,-1,N/A,0.0,True,-1,N/A,0.0,False,167499452.0,False,0.0,False,512370871.622,,512370871.622,2,False,True
C,M,20210601,2021,6,202106,97,EUR,European Union,M,Import,156,CHN,China,0,W00,World,H5,HS,True,9405,"Lamps, light fittings; including searchlights, spotlights and parts thereof, n.e.c.; illuminated signs, name-plates and the like, having permanently fixed light source and parts thereof n.e.c. or included",4,False,C00,TOTAL CPC,0,0,TOTAL MOT,8,kg,53040481.067,True,-1,N/A,0.0,False,53040481.067,True,0.0,False,597550889.179,,597550889.179,6,False,True
C,M,20210601,2021,6,202106,97,EUR,European Union,M,Import,156,CHN,China,0,W00,World,H5,HS,True,9503,"Tricycles, scooters, pedal cars and similar wheeled toys; dolls' carriages; dolls; other toys; reduced-size (scale) models and similar recreational models, working or not; puzzles of all kinds",4,False,C00,TOTAL CPC,0,0,TOTAL MOT,8,kg,43093250.117,True,-1,N/A,0.0,False,43093250.117,True,0.0,False,407481819.376,,407481819.376,6,False,True
C,M,20210701,2021,7,202107,97,EUR,European Union,M,Import,156,CHN,China,0,W00,World,H5,HS,True,3923,"Plastic articles for the conveyance or packing of goods; stoppers, lids, caps and other closures of plastics",4,False,C00,TOTAL CPC,0,0,TOTAL MOT,8,kg,22307898.534,True,-1,N/A,0.0,False,22307898.534,True,0.0,False,140874221.514,,140874221.514,6,False,True
C,M,20210701,2021,7,202107,97,EUR,European Union,M,Import,156,CHN,China,0,W00,World,H5,HS,True,3924,"Tableware, kitchenware, other household articles and hygienic or toilet articles, of plastics",4,False,C00,TOTAL CPC,0,0,TOTAL MOT,8,kg,17646626.0,False,8,kg,17646626.0,False,17646626.0,False,0.0,False,107776519.558,,107776519.558,0,False,True
C,M,20210701,2021,7,202107,97,EUR,European Union,M,Import,156,CHN,China,0,W00,World,H5,HS,True,3926,"Articles of plastics and articles of other materials of heading no. 3901 to 3914, n.e.c. in chapter 39",4,False,C00,TOTAL CPC,0,0,TOTAL MOT,8,kg,68000252.841,True,-1,N/A,0.0,False,68000252.841,True,0.0,False,503688510.033,,503688510.033,6,False,True
C,M,20210701,2021,7,202107,97,EUR,European Union,M,Import,156,CHN,China,0,W00,World,H5,HS,True,8414,"Air or vacuum pumps, air or other gas compressors and fans; ventilating or recycling hoods incorporating a fan whether or not fitted with filters",4,False,C00,TOTAL CPC,0,0,TOTAL MOT,-1,N/A,0.0,True,-1,N/A,0.0,False,46258704.227,True,0.0,False,299304955.796,,299304955.796,6,False,True
C,M,20210701,2021,7,202107,97,EUR,European Union,M,Import,156,CHN,China,0,W00,World,H5,HS,True,8415,"Air conditioning machines; comprising a motor driven fan and elements for changing the temperature and humidity, including those machines in which the humidity cannot be separately regulated",4,False,C00,TOTAL CPC,0,0,TOTAL MOT,-1,N/A,0.0,True,-1,N/A,0.0,False,45124212.0,False,0.0,False,351425210.969,,351425210.969,2,False,True
C,M,20210701,2021,7,202107,97,EUR,European Union,M,Import,156,CHN,China,0,W00,World,H5,HS,True,8418,"Refrigerators, freezers and other refrigerating or freezing equipment, electric or other; heat pumps other than air conditioning machines of heading no. 8415",4,False,C00,TOTAL CPC,0,0,TOTAL MOT,-1,N/A,0.0,True,-1,N/A,0.0,False,77248283.0,False,0.0,False,386507161.671,,386507161.671,2,False,True
C,M,20210701,2021,7,202107,97,EUR,European Union,M,Import,156,CHN,China,0,W00,World,H5,HS,True,8450,Household or laundry-type washing machines; including machines which both wash and dry,4,False,C00,TOTAL CPC,0,0,TOTAL MOT,-1,N/A,0.0,True,-1,N/A,0.0,False,26049587.772,True,0.0,False,85641322.511,,85641322.511,6,False,True
C,M,20210701,2021,7,202107,97,EUR,European Union,M,Import,156,CHN,China,0,W00,World,H5,HS,True,8508,Vacuum cleaners,4,False,C00,TOTAL CPC,0,0,TOTAL MOT,-1,N/A,0.0,True,-1,N/A,0.0,False,19910723.121,True,0.0,False,228246126.068,,228246126.068,6,False,True
C,M,20210701,2021,7,202107,97,EUR,European Union,M,Import,156,CHN,China,0,W00,World,H5,HS,True,8509,"Electro-mechanical domestic appliances; with self-contained electric motor, other than vacuum cleaners of heading 85.08.",4,False,C00,TOTAL CPC,0,0,TOTAL MOT,-1,N/A,0.0,False,-1,N/A,0.0,False,20306711.0,False,0.0,False,211145960.377,,211145960.377,0,False,True
C,M,20210701,2021,7,202107,97,EUR,European Union,M,Import,156,CHN,China,0,W00,World,H5,HS,True,8516,"Electric water, space, soil heaters; electro-thermic hair-dressing apparatus; hand dryers, irons; electro-thermic appliances for domestic purposes; electro heating resistors, not of heading no. 8545",4,False,C00,TOTAL CPC,0,0,TOTAL MOT,-1,N/A,0.0,False,-1,N/A,0.0,False,79429248.0,False,0.0,False,523917835.818,,523917835.818,0,False,True
C,M,20210701,2021,7,202107,97,EUR,European Union,M,Import,156,CHN,China,0,W00,World,H5,HS,True,9401,"Seats (not those of heading no. 9402), whether or not convertible into beds and parts thereof",4,False,C00,TOTAL CPC,0,0,TOTAL MOT,-1,N/A,0.0,True,-1,N/A,0.0,False,135037725.36,True,0.0,False,658153378.36,,658153378.36,6,False,True
C,M,20210701,2021,7,202107,97,EUR,European Union,M,Import,156,CHN,China,0,W00,World,H5,HS,True,9403,"Furniture and parts thereof, n.e.c. in chapter 94",4,False,C00,TOTAL CPC,0,0,TOTAL MOT,-1,N/A,0.0,True,-1,N/A,0.0,False,159247814.0,False,0.0,False,497304736.69,,497304736.69,2,False,True
C,M,20210701,2021,7,202107,97,EUR,European Union,M,Import,156,CHN,China,0,W00,World,H5,HS,True,9405,"Lamps, light fittings; including searchlights, spotlights and parts thereof, n.e.c.; illuminated signs, name-plates and the like, having permanently fixed light source and parts thereof n.e.c. or included",4,False,C00,TOTAL CPC,0,0,TOTAL MOT,8,kg,54190739.081,True,-1,N/A,0.0,False,54190739.081,True,0.0,False,608331668.022,,608331668.022,6,False,True
C,M,20210701,2021,7,202107,97,EUR,European Union,M,Import,156,CHN,China,0,W00,World,H5,HS,True,9503,"Tricycles, scooters, pedal cars and similar wheeled toys; dolls' carriages; dolls; other toys; reduced-size (scale) models and similar recreational models, working or not; puzzles of all kinds",4,False,C00,TOTAL CPC,0,0,TOTAL MOT,8,kg,40464631.436,True,-1,N/A,0.0,False,40464631.436,True,0.0,False,382047871.864,,382047871.864,6,False,True
C,M,20210801,2021,8,202108,97,EUR,European Union,M,Import,156,CHN,China,0,W00,World,H5,HS,True,3923,"Plastic articles for the conveyance or packing of goods; stoppers, lids, caps and other closures of plastics",4,False,C00,TOTAL CPC,0,0,TOTAL MOT,8,kg,25504000.0,False,-1,N/A,0.0,False,25504000.0,False,0.0,False,152457638.949,,152457638.949,0,False,True
C,M,20210801,2021,8,202108,97,EUR,European Union,M,Import,156,CHN,China,0,W00,World,H5,HS,True,3924,"Tableware, kitchenware, other household articles and hygienic or toilet articles, of plastics",4,False,C00,TOTAL CPC,0,0,TOTAL MOT,8,kg,19549836.0,False,8,kg,19549836.0,False,19549836.0,False,0.0,False,121586164.604,,121586164.604,0,False,True
C,M,20210801,2021,8,202108,97,EUR,European Union,M,Import,156,CHN,China,0,W00,World,H5,HS,True,3926,"Articles of plastics and articles of other materials of heading no. 3901 to 3914, n.e.c. in chapter 39",4,False,C00,TOTAL CPC,0,0,TOTAL MOT,8,kg,65810017.842,True,-1,N/A,0.0,False,65810017.842,True,0.0,False,513696000.717,,513696000.717,6,False,True
C,M,20210801,2021,8,202108,97,EUR,European Union,M,Import,156,CHN,China,0,W00,World,H5,HS,True,8414,"Air or vacuum pumps, air or other gas compressors and fans; ventilating or recycling hoods incorporating a fan whether or not fitted with filters",4,False,C00,TOTAL CPC,0,0,TOTAL MOT,-1,N/A,0.0,False,-1,N/A,0.0,False,47146524.555,True,0.0,False,297132346.169,,297132346.169,4,False,True
C,M,20210801,2021,8,202108,97,EUR,European Union,M,Import,156,CHN,China,0,W00,World,H5,HS,True,8415,"Air conditioning machines; comprising a motor driven fan and elements for changing the temperature and humidity, including those machines in which the humidity cannot be separately regulated",4,False,C00,TOTAL CPC,0,0,TOTAL MOT,-1,N/A,0.0,True,-1,N/A,0.0,False,27983394.0,False,0.0,False,242040785.376,,242040785.376,2,False,True
C,M,20210801,2021,8,202108,97,EUR,European Union,M,Import,156,CHN,China,0,W00,World,H5,HS,True,8418,"Refrigerators, freezers and other refrigerating or freezing equipment, electric or other; heat pumps other than air conditioning machines of heading no. 8415",4,False,C00,TOTAL CPC,0,0,TOTAL MOT,-1,N/A,0.0,True,-1,N/A,0.0,False,77844670.0,False,0.0,False,412199100.279,,412199100.279,2,False,True
C,M,20210801,2021,8,202108,97,EUR,European Union,M,Import,156,CHN,China,0,W00,World,H5,HS,True,8450,Household or laundry-type washing machines; including machines which both wash and dry,4,False,C00,TOTAL CPC,0,0,TOTAL MOT,-1,N/A,0.0,False,-1,N/A,0.0,False,25864184.0,False,0.0,False,88758450.387,,88758450.387,0,False,True
C,M,20210801,2021,8,202108,97,EUR,European Union,M,Import,156,CHN,China,0,W00,World,H5,HS,True,8508,Vacuum cleaners,4,False,C00,TOTAL CPC,0,0,TOTAL MOT,-1,N/A,0.0,False,-1,N/A,0.0,False,22284214.0,False,0.0,False,271189701.073,,271189701.073,0,False,True
C,M,20210801,2021,8,202108,97,EUR,European Union,M,Import,156,CHN,China,0,W00,World,H5,HS,True,8509,"Electro-mechanical domestic appliances; with self-contained electric motor, other than vacuum cleaners of heading 85.08.",4,False,C00,TOTAL CPC,0,0,TOTAL MOT,-1,N/A,0.0,False,-1,N/A,0.0,False,20641020.952,True,0.0,False,233288529.026,,233288529.026,4,False,True
C,M,20210801,2021,8,202108,97,EUR,European Union,M,Import,156,CHN,China,0,W00,World,H5,HS,True,8516,"Electric water, space, soil heaters; electro-thermic hair-dressing apparatus; hand dryers, irons; electro-thermic appliances for domestic purposes; electro heating resistors, not of heading no. 8545",4,False,C00,TOTAL CPC,0,0,TOTAL MOT,-1,N/A,0.0,False,-1,N/A,0.0,False,95308885.289,True,0.0,False,643059536.042,,643059536.042,4,False,True
C,M,20210801,2021,8,202108,97,EUR,European Union,M,Import,156,CHN,China,0,W00,World,H5,HS,True,9401,"Seats (not those of heading no. 9402), whether or not convertible into beds and parts thereof",4,False,C00,TOTAL CPC,0,0,TOTAL MOT,-1,N/A,0.0,True,-1,N/A,0.0,False,137989523.439,True,0.0,False,706991864.322,,706991864.322,6,False,True
C,M,20210801,2021,8,202108,97,EUR,European Union,M,Import,156,CHN,China,0,W00,World,H5,HS,True,9403,"Furniture and parts thereof, n.e.c. in chapter 94",4,False,C00,TOTAL CPC,0,0,TOTAL MOT,-1,N/A,0.0,True,-1,N/A,0.0,False,183719819.225,True,0.0,False,579980535.222,,579980535.222,6,False,True
C,M,20210801,2021,8,202108,97,EUR,European Union,M,Import,156,CHN,China,0,W00,World,H5,HS,True,9405,"Lamps, light fittings; including searchlights, spotlights and parts thereof, n.e.c.; illuminated signs, name-plates and the like, having permanently fixed light source and parts thereof n.e.c. or included",4,False,C00,TOTAL CPC,0,0,TOTAL MOT,8,kg,72824206.503,True,-1,N/A,0.0,False,72824206.503,True,0.0,False,837662806.23,,837662806.23,6,False,True
C,M,20210801,2021,8,202108,97,EUR,European Union,M,Import,156,CHN,China,0,W00,World,H5,HS,True,9503,"Tricycles, scooters, pedal cars and similar wheeled toys; dolls' carriages; dolls; other toys; reduced-size (scale) models and similar recreational models, working or not; puzzles of all kinds",4,False,C00,TOTAL CPC,0,0,TOTAL MOT,8,kg,55320899.212,True,-1,N/A,0.0,False,55320899.212,True,0.0,False,589538838.694,,589538838.694,6,False,True
C,M,20210901,2021,9,202109,97,EUR,European Union,M,Import,156,CHN,China,0,W00,World,H5,HS,True,3923,"Plastic articles for the conveyance or packing of goods; stoppers, lids, caps and other closures of plastics",4,False,C00,TOTAL CPC,0,0,TOTAL MOT,8,kg,22842397.539,True,-1,N/A,0.0,False,22842397.539,True,0.0,False,153648592.018,,153648592.018,6,False,True
C,M,20210901,2021,9,202109,97,EUR,European Union,M,Import,156,CHN,China,0,W00,World,H5,HS,True,3924,"Tableware, kitchenware, other household articles and hygienic or toilet articles, of plastics",4,False,C00,TOTAL CPC,0,0,TOTAL MOT,8,kg,19757563.0,False,8,kg,19757563.0,False,19757563.0,False,0.0,False,131030541.48,,131030541.48,0,False,True
C,M,20210901,2021,9,202109,97,EUR,European Union,M,Import,156,CHN,China,0,W00,World,H5,HS,True,3926,"Articles of plastics and articles of other materials of heading no. 3901 to 3914, n.e.c. in chapter 39",4,False,C00,TOTAL CPC,0,0,TOTAL MOT,8,kg,63518935.52,True,-1,N/A,0.0,False,63518935.52,True,0.0,False,556459704.15,,556459704.15,6,False,True
C,M,20210901,2021,9,202109,97,EUR,European Union,M,Import,156,CHN,China,0,W00,World,H5,HS,True,8414,"Air or vacuum pumps, air or other gas compressors and fans; ventilating or recycling hoods incorporating a fan whether or not fitted with filters",4,False,C00,TOTAL CPC,0,0,TOTAL MOT,-1,N/A,0.0,False,-1,N/A,0.0,False,50459068.919,True,0.0,False,315909400.061,,315909400.061,4,False,True
C,M,20210901,2021,9,202109,97,EUR,European Union,M,Import,156,CHN,China,0,W00,World,H5,HS,True,8415,"Air conditioning machines; comprising a motor driven fan and elements for changing the temperature and humidity, including those machines in which the humidity cannot be separately regulated",4,False,C00,TOTAL CPC,0,0,TOTAL MOT,-1,N/A,0.0,True,-1,N/A,0.0,False,21595514.0,False,0.0,False,204034070.383,,204034070.383,2,False,True
C,M,20210901,2021,9,202109,97,EUR,European Union,M,Import,156,CHN,China,0,W00,World,H5,HS,True,8418,"Refrigerators, freezers and other refrigerating or freezing equipment, electric or other; heat pumps other than air conditioning machines of heading no. 8415",4,False,C00,TOTAL CPC,0,0,TOTAL MOT,-1,N/A,0.0,True,-1,N/A,0.0,False,73592343.0,False,0.0,False,411583718.775,,411583718.775,2,False,True
C,M,20210901,2021,9,202109,97,EUR,European Union,M,Import,156,CHN,China,0,W00,World,H5,HS,True,8450,Household or laundry-type washing machines; including machines which both wash and dry,4,False,C00,TOTAL CPC,0,0,TOTAL MOT,-1,N/A,0.0,False,-1,N/A,0.0,False,24722536.0,False,0.0,False,88421121.492,,88421121.492,0,False,True
C,M,20210901,2021,9,202109,97,EUR,European Union,M,Import,156,CHN,China,0,W00,World,H5,HS,True,8508,Vacuum cleaners,4,False,C00,TOTAL CPC,0,0,TOTAL MOT,-1,N/A,0.0,False,-1,N/A,0.0,False,20423522.0,False,0.0,False,283820261.487,,283820261.487,0,False,True
C,M,20210901,2021,9,202109,97,EUR,European Union,M,Import,156,CHN,China,0,W00,World,H5,HS,True,8509,"Electro-mechanical domestic appliances; with self-contained electric motor, other than vacuum cleaners of heading 85.08.",4,False,C00,TOTAL CPC,0,0,TOTAL MOT,-1,N/A,0.0,True,-1,N/A,0.0,False,22813799.0,False,0.0,False,255261224.321,,255261224.321,2,False,True
C,M,20210901,2021,9,202109,97,EUR,European Union,M,Import,156,CHN,China,0,W00,World,H5,HS,True,8516,"Electric water, space, soil heaters; electro-thermic hair-dressing apparatus; hand dryers, irons; electro-thermic appliances for domestic purposes; electro heating resistors, not of heading no. 8545",4,False,C00,TOTAL CPC,0,0,TOTAL MOT,-1,N/A,0.0,True,-1,N/A,0.0,False,110028933.0,False,0.0,False,738418554.674,,738418554.674,2,False,True
C,M,20210901,2021,9,202109,97,EUR,European Union,M,Import,156,CHN,China,0,W00,World,H5,HS,True,9401,"Seats (not those of heading no. 9402), whether or not convertible into beds and parts thereof",4,False,C00,TOTAL CPC,0,0,TOTAL MOT,-1,N/A,0.0,True,-1,N/A,0.0,False,123714866.89,True,0.0,False,673453164.447,,673453164.447,6,False,True
C,M,20210901,2021,9,202109,97,EUR,European Union,M,Import,156,CHN,China,0,W00,World,H5,HS,True,9403,"Furniture and parts thereof, n.e.c. in chapter 94",4,False,C00,TOTAL CPC,0,0,TOTAL MOT,-1,N/A,0.0,True,-1,N/A,0.0,False,165399928.503,True,0.0,False,550720735.055,,550720735.055,6,False,True
C,M,20210901,2021,9,202109,97,EUR,European Union,M,Import,156,CHN,China,0,W00,World,H5,HS,True,9405,"Lamps, light fittings; including searchlights, spotlights and parts thereof, n.e.c.; illuminated signs, name-plates and the like, having permanently fixed light source and parts thereof n.e.c. or included",4,False,C00,TOTAL CPC,0,0,TOTAL MOT,8,kg,81642804.645,True,-1,N/A,0.0,False,81642804.645,True,0.0,False,965078953.661,,965078953.661,6,False,True
C,M,20210901,2021,9,202109,97,EUR,European Union,M,Import,156,CHN,China,0,W00,World,H5,HS,True,9503,"Tricycles, scooters, pedal cars and similar wheeled toys; dolls' carriages; dolls; other toys; reduced-size (scale) models and similar recreational models, working or not; puzzles of all kinds",4,False,C00,TOTAL CPC,0,0,TOTAL MOT,8,kg,78297675.117,True,-1,N/A,0.0,False,78297675.117,True,0.0,False,872587272.977,,872587272.977,6,False,True
C,M,20211001,2021,10,202110,97,EUR,European Union,M,Import,156,CHN,China,0,W00,World,H5,HS,True,3923,"Plastic articles for the conveyance or packing of goods; stoppers, lids, caps and other closures of plastics",4,False,C00,TOTAL CPC,0,0,TOTAL MOT,8,kg,21926203.501,True,-1,N/A,0.0,False,21926203.501,True,0.0,False,139928146.464,,139928146.464,6,False,True
C,M,20211001,2021,10,202110,97,EUR,European Union,M,Import,156,CHN,China,0,W00,World,H5,HS,True,3924,"Tableware, kitchenware, other household articles and hygienic or toilet articles, of plastics",4,False,C00,TOTAL CPC,0,0,TOTAL MOT,8,kg,17294157.0,False,8,kg,17294157.0,False,17294157.0,False,0.0,False,116265994.085,,116265994.085,0,False,True
C,M,20211001,2021,10,202110,97,EUR,European Union,M,Import,156,CHN,China,0,W00,World,H5,HS,True,3926,"Articles of plastics and articles of other materials of heading no. 3901 to 3914, n.e.c. in chapter 39",4,False,C00,TOTAL CPC,0,0,TOTAL MOT,8,kg,56047854.979,True,-1,N/A,0.0,False,56047854.979,True,0.0,False,505389211.467,,505389211.467,6,False,True
C,M,20211001,2021,10,202110,97,EUR,European Union,M,Import,156,CHN,China,0,W00,World,H5,HS,True,8414,"Air or vacuum pumps, air or other gas compressors and fans; ventilating or recycling hoods incorporating a fan whether or not fitted with filters",4,False,C00,TOTAL CPC,0,0,TOTAL MOT,-1,N/A,0.0,False,-1,N/A,0.0,False,40886157.734,True,0.0,False,280882425.272,,280882425.272,4,False,True
C,M,20211001,2021,10,202110,97,EUR,European Union,M,Import,156,CHN,China,0,W00,World,H5,HS,True,8415,"Air conditioning machines; comprising a motor driven fan and elements for changing the temperature and humidity, including those machines in which the humidity cannot be separately regulated",4,False,C00,TOTAL CPC,0,0,TOTAL MOT,-1,N/A,0.0,True,-1,N/A,0.0,False,17660727.0,False,0.0,False,164624919.99,,164624919.99,2,False,True
C,M,20211001,2021,10,202110,97,EUR,European Union,M,Import,156,CHN,China,0,W00,World,H5,HS,True,8418,"Refrigerators, freezers and other refrigerating or freezing equipment, electric or other; heat pumps other than air conditioning machines of heading no. 8415",4,False,C00,TOTAL CPC,0,0,TOTAL MOT,-1,N/A,0.0,True,-1,N/A,0.0,False,59339180.187,True,0.0,False,329987315.899,,329987315.899,6,False,True
C,M,20211001,2021,10,202110,97,EUR,European Union,M,Import,156,CHN,China,0,W00,World,H5,HS,True,8450,Household or laundry-type washing machines; including machines which both wash and dry,4,False,C00,TOTAL CPC,0,0,TOTAL MOT,-1,N/A,0.0,False,-1,N/A,0.0,False,25127595.0,False,0.0,False,88012003.765,,88012003.765,0,False,True
C,M,20211001,2021,10,202110,97,EUR,European Union,M,Import,156,CHN,China,0,W00,World,H5,HS,True,8508,Vacuum cleaners,4,False,C00,TOTAL CPC,0,0,TOTAL MOT,-1,N/A,0.0,True,-1,N/A,0.0,False,19677189.468,True,0.0,False,283078474.061,,283078474.061,6,False,True
C,M,20211001,2021,10,202110,97,EUR,European Union,M,Import,156,CHN,China,0,W00,World,H5,HS,True,8509,"Electro-mechanical domestic appliances; with self-contained electric motor, other than vacuum cleaners of heading 85.08.",4,False,C00,TOTAL CPC,0,0,TOTAL MOT,-1,N/A,0.0,True,-1,N/A,0.0,False,21001903.0,False,0.0,False,255358586.877,,255358586.877,2,False,True
C,M,20211001,2021,10,202110,97,EUR,European Union,M,Import,156,CHN,China,0,W00,World,H5,HS,True,8516,"Electric water, space, soil heaters; electro-thermic hair-dressing apparatus; hand dryers, irons; electro-thermic appliances for domestic purposes; electro heating resistors, not of heading no. 8545",4,False,C00,TOTAL CPC,0,0,TOTAL MOT,-1,N/A,0.0,True,-1,N/A,0.0,False,100556653.0,False,0.0,False,724774766.787,,724774766.787,2,False,True
C,M,20211001,2021,10,202110,97,EUR,European Union,M,Import,156,CHN,China,0,W00,World,H5,HS,True,9401,"Seats (not those of heading no. 9402), whether or not convertible into beds and parts thereof",4,False,C00,TOTAL CPC,0,0,TOTAL MOT,-1,N/A,0.0,True,-1,N/A,0.0,False,107196577.332,True,0.0,False,591274608.261,,591274608.261,6,False,True
C,M,20211001,2021,10,202110,97,EUR,European Union,M,Import,156,CHN,China,0,W00,World,H5,HS,True,9403,"Furniture and parts thereof, n.e.c. in chapter 94",4,False,C00,TOTAL CPC,0,0,TOTAL MOT,-1,N/A,0.0,True,-1,N/A,0.0,False,143731500.042,True,0.0,False,492046292.471,,492046292.471,6,False,True
C,M,20211001,2021,10,202110,97,EUR,European Union,M,Import,156,CHN,China,0,W00,World,H5,HS,True,9405,"Lamps, light fittings; including searchlights, spotlights and parts thereof, n.e.c.; illuminated signs, name-plates and the like, having permanently fixed light source and parts thereof n.e.c. or included",4,False,C00,TOTAL CPC,0,0,TOTAL MOT,8,kg,74626570.268,True,-1,N/A,0.0,False,74626570.268,True,0.0,False,891553485.296,,891553485.296,6,False,True
C,M,20211001,2021,10,202110,97,EUR,European Union,M,Import,156,CHN,China,0,W00,World,H5,HS,True,9503,"Tricycles, scooters, pedal cars and similar wheeled toys; dolls' carriages; dolls; other toys; reduced-size (scale) models and similar recreational models, working or not; puzzles of all kinds",4,False,C00,TOTAL CPC,0,0,TOTAL MOT,8,kg,87447037.0,False,8,kg,87447037.0,False,87447037.0,False,0.0,False,931735595.285,,931735595.285,0,False,True
C,M,20211101,2021,11,202111,97,EUR,European Union,M,Import,156,CHN,China,0,W00,World,H5,HS,True,3923,"Plastic articles for the conveyance or packing of goods; stoppers, lids, caps and other closures of plastics",4,False,C00,TOTAL CPC,0,0,TOTAL MOT,8,kg,24055735.022,True,-1,N/A,0.0,False,24055735.022,True,0.0,False,149166396.122,,149166396.122,6,False,True
C,M,20211101,2021,11,202111,97,EUR,European Union,M,Import,156,CHN,China,0,W00,World,H5,HS,True,3924,"Tableware, kitchenware, other household articles and hygienic or toilet articles, of plastics",4,False,C00,TOTAL CPC,0,0,TOTAL MOT,8,kg,19432124.0,False,8,kg,19432124.0,False,19432124.0,False,0.0,False,129086402.256,,129086402.256,0,False,True
C,M,20211101,2021,11,202111,97,EUR,European Union,M,Import,156,CHN,China,0,W00,World,H5,HS,True,3926,"Articles of plastics and articles of other materials of heading no. 3901 to 3914, n.e.c. in chapter 39",4,False,C00,TOTAL CPC,0,0,TOTAL MOT,8,kg,65460293.61,True,-1,N/A,0.0,False,65460293.61,True,0.0,False,576684908.796,,576684908.796,6,False,True
C,M,20211101,2021,11,202111,97,EUR,European Union,M,Import,156,CHN,China,0,W00,World,H5,HS,True,8414,"Air or vacuum pumps, air or other gas compressors and fans; ventilating or recycling hoods incorporating a fan whether or not fitted with filters",4,False,C00,TOTAL CPC,0,0,TOTAL MOT,-1,N/A,0.0,False,-1,N/A,0.0,False,47972417.526,True,0.0,False,299913265.434,,299913265.434,4,False,True
C,M,20211101,2021,11,202111,97,EUR,European Union,M,Import,156,CHN,China,0,W00,World,H5,HS,True,8415,"Air conditioning machines; comprising a motor driven fan and elements for changing the temperature and humidity, including those machines in which the humidity cannot be separately regulated",4,False,C00,TOTAL CPC,0,0,TOTAL MOT,-1,N/A,0.0,True,-1,N/A,0.0,False,16637964.0,False,0.0,False,163372372.955,,163372372.955,2,False,True
C,M,20211101,2021,11,202111,97,EUR,European Union,M,Import,156,CHN,China,0,W00,World,H5,HS,True,8418,"Refrigerators, freezers and other refrigerating or freezing equipment, electric or other; heat pumps other than air conditioning machines of heading no. 8415",4,False,C00,TOTAL CPC,0,0,TOTAL MOT,-1,N/A,0.0,True,-1,N/A,0.0,False,63500334.956,True,0.0,False,344534010.491,,344534010.491,6,False,True
C,M,20211101,2021,11,202111,97,EUR,European Union,M,Import,156,CHN,China,0,W00,World,H5,HS,True,8450,Household or laundry-type washing machines; including machines which both wash and dry,4,False,C00,TOTAL CPC,0,0,TOTAL MOT,-1,N/A,0.0,True,-1,N/A,0.0,False,30723060.687,True,0.0,False,103552653.084,,103552653.084,6,False,True
C,M,20211101,2021,11,202111,97,EUR,European Union,M,Import,156,CHN,China,0,W00,World,H5,HS,True,8508,Vacuum cleaners,4,False,C00,TOTAL CPC,0,0,TOTAL MOT,-1,N/A,0.0,False,-1,N/A,0.0,False,23009348.0,False,0.0,False,340033511.743,,340033511.743,0,False,True
C,M,20211101,2021,11,202111,97,EUR,European Union,M,Import,156,CHN,China,0,W00,World,H5,HS,True,8509,"Electro-mechanical domestic appliances; with self-contained electric motor, other than vacuum cleaners of heading 85.08.",4,False,C00,TOTAL CPC,0,0,TOTAL MOT,-1,N/A,0.0,False,-1,N/A,0.0,False,23638355.0,False,0.0,False,259502840.99,,259502840.99,0,False,True
C,M,20211101,2021,11,202111,97,EUR,European Union,M,Import,156,CHN,China,0,W00,World,H5,HS,True,8516,"Electric water, space, soil heaters; electro-thermic hair-dressing apparatus; hand dryers, irons; electro-thermic appliances for domestic purposes; electro heating resistors, not of heading no. 8545",4,False,C00,TOTAL CPC,0,0,TOTAL MOT,-1,N/A,0.0,True,-1,N/A,0.0,False,107318528.0,False,0.0,False,792004235.716,,792004235.716,2,False,True
C,M,20211101,2021,11,202111,97,EUR,European Union,M,Import,156,CHN,China,0,W00,World,H5,HS,True,9401,"Seats (not those of heading no. 9402), whether or not convertible into beds and parts thereof",4,False,C00,TOTAL CPC,0,0,TOTAL MOT,-1,N/A,0.0,True,-1,N/A,0.0,False,130909417.443,True,0.0,False,722443861.954,,722443861.954,6,False,True
C,M,20211101,2021,11,202111,97,EUR,European Union,M,Import,156,CHN,China,0,W00,World,H5,HS,True,9403,"Furniture and parts thereof, n.e.c. in chapter 94",4,False,C00,TOTAL CPC,0,0,TOTAL MOT,-1,N/A,0.0,True,-1,N/A,0.0,False,169583028.038,True,0.0,False,586564444.225,,586564444.225,6,False,True
C,M,20211101,2021,11,202111,97,EUR,European Union,M,Import,156,CHN,China,0,W00,World,H5,HS,True,9405,"Lamps, light fittings; including searchlights, spotlights and parts thereof, n.e.c.; illuminated signs, name-plates and the like, having permanently fixed light source and parts thereof n.e.c. or included",4,False,C00,TOTAL CPC,0,0,TOTAL MOT,8,kg,78906590.14,True,-1,N/A,0.0,False,78906590.14,True,0.0,False,947548243.402,,947548243.402,6,False,True
C,M,20211101,2021,11,202111,97,EUR,European Union,M,Import,156,CHN,China,0,W00,World,H5,HS,True,9503,"Tricycles, scooters, pedal cars and similar wheeled toys; dolls' carriages; dolls; other toys; reduced-size (scale) models and similar recreational models, working or not; puzzles of all kinds",4,False,C00,TOTAL CPC,0,0,TOTAL MOT,8,kg,101149592.0,False,8,kg,101149592.0,False,101149592.0,False,0.0,False,990138924.011,,990138924.011,0,False,True
C,M,20211201,2021,12,202112,97,EUR,European Union,M,Import,156,CHN,China,0,W00,World,H5,HS,True,3923,"Plastic articles for the conveyance or packing of goods; stoppers, lids, caps and other closures of plastics",4,False,C00,TOTAL CPC,0,0,TOTAL MOT,8,kg,23814032.322,True,-1,N/A,0.0,False,23814032.322,True,0.0,False,167090241.203,,167090241.203,6,False,True
C,M,20211201,2021,12,202112,97,EUR,European Union,M,Import,156,CHN,China,0,W00,World,H5,HS,True,3924,"Tableware, kitchenware, other household articles and hygienic or toilet articles, of plastics",4,False,C00,TOTAL CPC,0,0,TOTAL MOT,8,kg,21246829.0,False,8,kg,21246829.0,False,21246829.0,False,0.0,False,140158423.012,,140158423.012,0,False,True
C,M,20211201,2021,12,202112,97,EUR,European Union,M,Import,156,CHN,China,0,W00,World,H5,HS,True,3926,"Articles of plastics and articles of other materials of heading no. 3901 to 3914, n.e.c. in chapter 39",4,False,C00,TOTAL CPC,0,0,TOTAL MOT,8,kg,67555014.0,False,-1,N/A,0.0,False,67555014.0,False,0.0,False,547487458.446,,547487458.446,0,False,True
C,M,20211201,2021,12,202112,97,EUR,European Union,M,Import,156,CHN,China,0,W00,World,H5,HS,True,8414,"Air or vacuum pumps, air or other gas compressors and fans; ventilating or recycling hoods incorporating a fan whether or not fitted with filters",4,False,C00,TOTAL CPC,0,0,TOTAL MOT,-1,N/A,0.0,False,-1,N/A,0.0,False,37705264.814,True,0.0,False,270928177.401,,270928177.401,4,False,True
C,M,20211201,2021,12,202112,97,EUR,European Union,M,Import,156,CHN,China,0,W00,World,H5,HS,True,8415,"Air conditioning machines; comprising a motor driven fan and elements for changing the temperature and humidity, including those machines in which the humidity cannot be separately regulated",4,False,C00,TOTAL CPC,0,0,TOTAL MOT,-1,N/A,0.0,True,-1,N/A,0.0,False,16609113.0,False,0.0,False,158448838.518,,158448838.518,2,False,True
C,M,20211201,2021,12,202112,97,EUR,European Union,M,Import,156,CHN,China,0,W00,World,H5,HS,True,8418,"Refrigerators, freezers and other refrigerating or freezing equipment, electric or other; heat pumps other than air conditioning machines of heading no. 8415",4,False,C00,TOTAL CPC,0,0,TOTAL MOT,-1,N/A,0.0,True,-1,N/A,0.0,False,67708635.0,False,0.0,False,368146695.375,,368146695.375,2,False,True
C,M,20211201,2021,12,202112,97,EUR,European Union,M,Import,156,CHN,China,0,W00,World,H5,HS,True,8450,Household or laundry-type washing machines; including machines which both wash and dry,4,False,C00,TOTAL CPC,0,0,TOTAL MOT,-1,N/A,0.0,True,-1,N/A,0.0,False,28919103.495,True,0.0,False,96956397.95,,96956397.95,6,False,True
C,M,20211201,2021,12,202112,97,EUR,European Union,M,Import,156,CHN,China,0,W00,World,H5,HS,True,8508,Vacuum cleaners,4,False,C00,TOTAL CPC,0,0,TOTAL MOT,-1,N/A,0.0,False,-1,N/A,0.0,False,19282771.0,False,0.0,False,272730208.337,,272730208.337,0,False,True
C,M,20211201,2021,12,202112,97,EUR,European Union,M,Import,156,CHN,China,0,W00,World,H5,HS,True,8509,"Electro-mechanical domestic appliances; with self-contained electric motor, other than vacuum cleaners of heading 85.08.",4,False,C00,TOTAL CPC,0,0,TOTAL MOT,-1,N/A,0.0,False,-1,N/A,0.0,False,26394102.0,False,0.0,False,294340769.738,,294340769.738,0,False,True
C,M,20211201,2021,12,202112,97,EUR,European Union,M,Import,156,CHN,China,0,W00,World,H5,HS,True,8516,"Electric water, space, soil heaters; electro-thermic hair-dressing apparatus; hand dryers, irons; electro-thermic appliances for domestic purposes; electro heating resistors, not of heading no. 8545",4,False,C00,TOTAL CPC,0,0,TOTAL MOT,-1,N/A,0.0,False,-1,N/A,0.0,False,100923006.119,True,0.0,False,768365408.522,,768365408.522,4,False,True
C,M,20211201,2021,12,202112,97,EUR,European Union,M,Import,156,CHN,China,0,W00,World,H5,HS,True,9401,"Seats (not those of heading no. 9402), whether or not convertible into beds and parts thereof",4,False,C00,TOTAL CPC,0,0,TOTAL MOT,-1,N/A,0.0,False,-1,N/A,0.0,False,144682997.0,False,0.0,False,826463844.28,,826463844.28,0,False,True
C,M,20211201,2021,12,202112,97,EUR,European Union,M,Import,156,CHN,China,0,W00,World,H5,HS,True,9403,"Furniture and parts thereof, n.e.c. in chapter 94",4,False,C00,TOTAL CPC,0,0,TOTAL MOT,-1,N/A,0.0,True,-1,N/A,0.0,False,183618484.744,True,0.0,False,647609140.469,,647609140.469,6,False,True
C,M,20211201,2021,12,202112,97,EUR,European Union,M,Import,156,CHN,China,0,W00,World,H5,HS,True,9405,"Lamps, light fittings; including searchlights, spotlights and parts thereof, n.e.c.; illuminated signs, name-plates and the like, having permanently fixed light source and parts thereof n.e.c. or included",4,False,C00,TOTAL CPC,0,0,TOTAL MOT,8,kg,69410235.813,True,-1,N/A,0.0,False,69410235.813,True,0.0,False,838749368.311,,838749368.311,6,False,True
C,M,20211201,2021,12,202112,97,EUR,European Union,M,Import,156,CHN,China,0,W00,World,H5,HS,True,9503,"Tricycles, scooters, pedal cars and similar wheeled toys; dolls' carriages; dolls; other toys; reduced-size (scale) models and similar recreational models, working or not; puzzles of all kinds",4,False,C00,TOTAL CPC,0,0,TOTAL MOT,8,kg,64908330.093,True,-1,N/A,0.0,False,64908330.093,True,0.0,False,747604603.326,,747604603.326,6,False,True
C,M,20220101,2022,1,202201,97,EUR,European Union,M,Import,156,CHN,China,0,W00,World,H6,HS,True,3923,"Plastic articles for the conveyance or packing of goods; stoppers, lids, caps and other closures of plastics",4,False,C00,TOTAL CPC,0,0,TOTAL MOT,8,kg,26420405.316,True,-1,N/A,0.0,False,26420405.316,True,0.0,False,177008557.619,,177008557.619,6,False,True
C,M,20220101,2022,1,202201,97,EUR,European Union,M,Import,156,CHN,China,0,W00,World,H6,HS,True,3924,"Tableware, kitchenware, other household articles and hygienic or toilet articles, of plastics",4,False,C00,TOTAL CPC,0,0,TOTAL MOT,8,kg,21432195.0,False,8,kg,21432195.0,False,21432195.0,False,0.0,False,141854577.681,,141854577.681,0,False,True
C,M,20220101,2022,1,202201,97,EUR,European Union,M,Import,156,CHN,China,0,W00,World,H6,HS,True,3926,"Articles of plastics and articles of other materials of heading no. 3901 to 3914, n.e.c. in chapter 39",4,False,C00,TOTAL CPC,0,0,TOTAL MOT,8,kg,75652061.523,True,-1,N/A,0.0,False,75652061.523,True,0.0,False,618910751.688,,618910751.688,6,False,True
C,M,20220101,2022,1,202201,97,EUR,European Union,M,Import,156,CHN,China,0,W00,World,H6,HS,True,8414,"Air or vacuum pumps, air or other gas compressors and fans; ventilating or recycling hoods incorporating a fan; gas-tight biological safety cabinets whether or not fitted with filters",4,False,C00,TOTAL CPC,0,0,TOTAL MOT,-1,N/A,0.0,False,-1,N/A,0.0,False,43694866.833,True,0.0,False,345820531.98,,345820531.98,4,False,True
C,M,20220101,2022,1,202201,97,EUR,European Union,M,Import,156,CHN,China,0,W00,World,H6,HS,True,8415,"Air conditioning machines; comprising a motor driven fan and elements for changing the temperature and humidity, including those machines in which the humidity cannot be separately regulated",4,False,C00,TOTAL CPC,0,0,TOTAL MOT,-1,N/A,0.0,True,-1,N/A,0.0,False,24996214.0,False,0.0,False,232612211.91,,232612211.91,2,False,True
C,M,20220101,2022,1,202201,97,EUR,European Union,M,Import,156,CHN,China,0,W00,World,H6,HS,True,8418,"Refrigerators, freezers and other refrigerating or freezing equipment, electric or other; heat pumps other than air conditioning machines of heading no. 8415",4,False,C00,TOTAL CPC,0,0,TOTAL MOT,-1,N/A,0.0,True,-1,N/A,0.0,False,63239116.949,True,0.0,False,393945516.703,,393945516.703,6,False,True
C,M,20220101,2022,1,202201,97,EUR,European Union,M,Import,156,CHN,China,0,W00,World,H6,HS,True,8450,Household or laundry-type washing machines; including machines which both wash and dry,4,False,C00,TOTAL CPC,0,0,TOTAL MOT,-1,N/A,0.0,True,-1,N/A,0.0,False,24742747.388,True,0.0,False,86752452.252,,86752452.252,6,False,True
C,M,20220101,2022,1,202201,97,EUR,European Union,M,Import,156,CHN,China,0,W00,World,H6,HS,True,8508,Vacuum cleaners,4,False,C00,TOTAL CPC,0,0,TOTAL MOT,-1,N/A,0.0,False,-1,N/A,0.0,False,18777499.0,False,0.0,False,284203018.667,,284203018.667,0,False,True
C,M,20220101,2022,1,202201,97,EUR,European Union,M,Import,156,CHN,China,0,W00,World,H6,HS,True,8509,"Electro-mechanical domestic appliances; with self-contained electric motor, other than vacuum cleaners of heading 85.08.",4,False,C00,TOTAL CPC,0,0,TOTAL MOT,-1,N/A,0.0,True,-1,N/A,0.0,False,18969880.0,False,0.0,False,219137699.361,,219137699.361,2,False,True
C,M,20220101,2022,1,202201,97,EUR,European Union,M,Import,156,CHN,China,0,W00,World,H6,HS,True,8516,"Electric water, space, soil heaters; electro-thermic hair-dressing apparatus; hand dryers, irons; electro-thermic appliances for domestic purposes; electro heating resistors, not of heading no. 8545",4,False,C00,TOTAL CPC,0,0,TOTAL MOT,-1,N/A,0.0,True,-1,N/A,0.0,False,75984571.346,True,0.0,False,642059857.51,,642059857.51,6,False,True
C,M,20220101,2022,1,202201,97,EUR,European Union,M,Import,156,CHN,China,0,W00,World,H6,HS,True,9401,"Seats (not those of heading no. 9402), whether or not convertible into beds and parts thereof",4,False,C00,TOTAL CPC,0,0,TOTAL MOT,-1,N/A,0.0,True,-1,N/A,0.0,False,163392430.374,True,0.0,False,942388740.459,,942388740.459,6,False,True
C,M,20220101,2022,1,202201,97,EUR,European Union,M,Import,156,CHN,China,0,W00,World,H6,HS,True,9403,"Furniture and parts thereof, n.e.c. in chapter 94",4,False,C00,TOTAL CPC,0,0,TOTAL MOT,-1,N/A,0.0,True,-1,N/A,0.0,False,197916130.0,False,0.0,False,730260766.363,,730260766.363,2,False,True
C,M,20220101,2022,1,202201,97,EUR,European Union,M,Import,156,CHN,China,0,W00,World,H6,HS,True,9405,"Luminaires and light fittings; including searchlights, spotlights and parts thereof, n.e.c.; illuminated signs, name-plates and the like, having permanently fixed light source and parts thereof n.e.c. or included",4,False,C00,TOTAL CPC,0,0,TOTAL MOT,8,kg,68059694.0,False,8,kg,68059694.0,False,68059694.0,False,0.0,False,841735658.91,,841735658.91,0,False,True
C,M,20220101,2022,1,202201,97,EUR,European Union,M,Import,156,CHN,China,0,W00,World,H6,HS,True,9503,"Tricycles, scooters, pedal cars and similar wheeled toys; dolls' carriages; dolls; other toys; reduced-size (scale) models and similar recreational models, working or not; puzzles of all kinds",4,False,C00,TOTAL CPC,0,0,TOTAL MOT,8,kg,50669197.091,True,-1,N/A,0.0,False,50669197.091,True,0.0,False,602254831.355,,602254831.355,6,False,True
C,M,20220201,2022,2,202202,97,EUR,European Union,M,Import,156,CHN,China,0,W00,World,H6,HS,True,3923,"Plastic articles for the conveyance or packing of goods; stoppers, lids, caps and other closures of plastics",4,False,C00,TOTAL CPC,0,0,TOTAL MOT,8,kg,21687468.656,True,-1,N/A,0.0,False,21687468.656,True,0.0,False,151496557.481,,151496557.481,6,False,True
C,M,20220201,2022,2,202202,97,EUR,European Union,M,Import,156,CHN,China,0,W00,World,H6,HS,True,3924,"Tableware, kitchenware, other household articles and hygienic or toilet articles, of plastics",4,False,C00,TOTAL CPC,0,0,TOTAL MOT,8,kg,19199711.0,False,8,kg,19199711.0,False,19199711.0,False,0.0,False,125416762.38,,125416762.38,0,False,True
C,M,20220201,2022,2,202202,97,EUR,European Union,M,Import,156,CHN,China,0,W00,World,H6,HS,True,3926,"Articles of plastics and articles of other materials of heading no. 3901 to 3914, n.e.c. in chapter 39",4,False,C00,TOTAL CPC,0,0,TOTAL MOT,8,kg,70593349.7,True,-1,N/A,0.0,False,70593349.7,True,0.0,False,527815889.572,,527815889.572,6,False,True
C,M,20220201,2022,2,202202,97,EUR,European Union,M,Import,156,CHN,China,0,W00,World,H6,HS,True,8414,"Air or vacuum pumps, air or other gas compressors and fans; ventilating or recycling hoods incorporating a fan; gas-tight biological safety cabinets whether or not fitted with filters",4,False,C00,TOTAL CPC,0,0,TOTAL MOT,-1,N/A,0.0,False,-1,N/A,0.0,False,42685927.547,True,0.0,False,330002990.096,,330002990.096,4,False,True
C,M,20220201,2022,2,202202,97,EUR,European Union,M,Import,156,CHN,China,0,W00,World,H6,HS,True,8415,"Air conditioning machines; comprising a motor driven fan and elements for changing the temperature and humidity, including those machines in which the humidity cannot be separately regulated",4,False,C00,TOTAL CPC,0,0,TOTAL MOT,-1,N/A,0.0,True,-1,N/A,0.0,False,28573384.17,True,0.0,False,257200726.781,,257200726.781,6,False,True
C,M,20220201,2022,2,202202,97,EUR,European Union,M,Import,156,CHN,China,0,W00,World,H6,HS,True,8418,"Refrigerators, freezers and other refrigerating or freezing equipment, electric or other; heat pumps other than air conditioning machines of heading no. 8415",4,False,C00,TOTAL CPC,0,0,TOTAL MOT,-1,N/A,0.0,True,-1,N/A,0.0,False,54453819.255,True,0.0,False,353565642.169,,353565642.169,6,False,True
C,M,20220201,2022,2,202202,97,EUR,European Union,M,Import,156,CHN,China,0,W00,World,H6,HS,True,8450,Household or laundry-type washing machines; including machines which both wash and dry,4,False,C00,TOTAL CPC,0,0,TOTAL MOT,-1,N/A,0.0,True,-1,N/A,0.0,False,23831584.78,True,0.0,False,83598851.568,,83598851.568,6,False,True
C,M,20220201,2022,2,202202,97,EUR,European Union,M,Import,156,CHN,China,0,W00,World,H6,HS,True,8508,Vacuum cleaners,4,False,C00,TOTAL CPC,0,0,TOTAL MOT,-1,N/A,0.0,False,-1,N/A,0.0,False,15011227.0,False,0.0,False,203816543.698,,203816543.698,0,False,True
C,M,20220201,2022,2,202202,97,EUR,European Union,M,Import,156,CHN,China,0,W00,World,H6,HS,True,8509,"Electro-mechanical domestic appliances; with self-contained electric motor, other than vacuum cleaners of heading 85.08.",4,False,C00,TOTAL CPC,0,0,TOTAL MOT,-1,N/A,0.0,False,-1,N/A,0.0,False,17149513.461,True,0.0,False,216320244.419,,216320244.419,4,False,True
C,M,20220201,2022,2,202202,97,EUR,European Union,M,Import,156,CHN,China,0,W00,World,H6,HS,True,8516,"Electric water, space, soil heaters; electro-thermic hair-dressing apparatus; hand dryers, irons; electro-thermic appliances for domestic purposes; electro heating resistors, not of heading no. 8545",4,False,C00,TOTAL CPC,0,0,TOTAL MOT,-1,N/A,0.0,True,-1,N/A,0.0,False,61652842.782,True,0.0,False,554350190.9,,554350190.9,6,False,True
C,M,20220201,2022,2,202202,97,EUR,European Union,M,Import,156,CHN,China,0,W00,World,H6,HS,True,9401,"Seats (not those of heading no. 9402), whether or not convertible into beds and parts thereof",4,False,C00,TOTAL CPC,0,0,TOTAL MOT,-1,N/A,0.0,True,-1,N/A,0.0,False,137474409.283,True,0.0,False,791577095.692,,791577095.692,6,False,True
C,M,20220201,2022,2,202202,97,EUR,European Union,M,Import,156,CHN,China,0,W00,World,H6,HS,True,9403,"Furniture and parts thereof, n.e.c. in chapter 94",4,False,C00,TOTAL CPC,0,0,TOTAL MOT,-1,N/A,0.0,True,-1,N/A,0.0,False,170234507.043,True,0.0,False,635023469.683,,635023469.683,6,False,True
C,M,20220201,2022,2,202202,97,EUR,European Union,M,Import,156,CHN,China,0,W00,World,H6,HS,True,9405,"Luminaires and light fittings; including searchlights, spotlights and parts thereof, n.e.c.; illuminated signs, name-plates and the like, having permanently fixed light source and parts thereof n.e.c. or included",4,False,C00,TOTAL CPC,0,0,TOTAL MOT,8,kg,58500774.363,True,-1,N/A,0.0,False,58500774.363,True,0.0,False,733444977.772,,733444977.772,6,False,True
C,M,20220201,2022,2,202202,97,EUR,European Union,M,Import,156,CHN,China,0,W00,World,H6,HS,True,9503,"Tricycles, scooters, pedal cars and similar wheeled toys; dolls' carriages; dolls; other toys; reduced-size (scale) models and similar recreational models, working or not; puzzles of all kinds",4,False,C00,TOTAL CPC,0,0,TOTAL MOT,8,kg,44471652.0,False,8,kg,44471652.0,False,44471652.0,False,0.0,False,498899463.732,,498899463.732,0,False,True
C,M,20220301,2022,3,202203,97,EUR,European Union,M,Import,156,CHN,China,0,W00,World,H6,HS,True,3923,"Plastic articles for the conveyance or packing of goods; stoppers, lids, caps and other closures of plastics",4,False,C00,TOTAL CPC,0,0,TOTAL MOT,8,kg,25041880.443,True,-1,N/A,0.0,False,25041880.443,True,0.0,False,167354293.739,,167354293.739,6,False,True
C,M,20220301,2022,3,202203,97,EUR,European Union,M,Import,156,CHN,China,0,W00,World,H6,HS,True,3924,"Tableware, kitchenware, other household articles and hygienic or toilet articles, of plastics",4,False,C00,TOTAL CPC,0,0,TOTAL MOT,8,kg,21932966.0,False,8,kg,21932966.0,False,21932966.0,False,0.0,False,144929325.567,,144929325.567,0,False,True
C,M,20220301,2022,3,202203,97,EUR,European Union,M,Import,156,CHN,China,0,W00,World,H6,HS,True,3926,"Articles of plastics and articles of other materials of heading no. 3901 to 3914, n.e.c. in chapter 39",4,False,C00,TOTAL CPC,0,0,TOTAL MOT,8,kg,74447288.433,True,-1,N/A,0.0,False,74447288.433,True,0.0,False,578608854.748,,578608854.748,6,False,True
C,M,20220301,2022,3,202203,97,EUR,European Union,M,Import,156,CHN,China,0,W00,World,H6,HS,True,8414,"Air or vacuum pumps, air or other gas compressors and fans; ventilating or recycling hoods incorporating a fan; gas-tight biological safety cabinets whether or not fitted with filters",4,False,C00,TOTAL CPC,0,0,TOTAL MOT,-1,N/A,0.0,False,-1,N/A,0.0,False,46411610.362,True,0.0,False,366074292.878,,366074292.878,4,False,True
C,M,20220301,2022,3,202203,97,EUR,European Union,M,Import,156,CHN,China,0,W00,World,H6,HS,True,8415,"Air conditioning machines; comprising a motor driven fan and elements for changing the temperature and humidity, including those machines in which the humidity cannot be separately regulated",4,False,C00,TOTAL CPC,0,0,TOTAL MOT,-1,N/A,0.0,True,-1,N/A,0.0,False,52180563.0,False,0.0,False,432378157.361,,432378157.361,2,False,True
C,M,20220301,2022,3,202203,97,EUR,European Union,M,Import,156,CHN,China,0,W00,World,H6,HS,True,8418,"Refrigerators, freezers and other refrigerating or freezing equipment, electric or other; heat pumps other than air conditioning machines of heading no. 8415",4,False,C00,TOTAL CPC,0,0,TOTAL MOT,-1,N/A,0.0,True,-1,N/A,0.0,False,55143978.176,True,0.0,False,370826249.824,,370826249.824,6,False,True
C,M,20220301,2022,3,202203,97,EUR,European Union,M,Import,156,CHN,China,0,W00,World,H6,HS,True,8450,Household or laundry-type washing machines; including machines which both wash and dry,4,False,C00,TOTAL CPC,0,0,TOTAL MOT,-1,N/A,0.0,True,-1,N/A,0.0,False,24691330.513,True,0.0,False,85581419.792,,85581419.792,6,False,True
C,M,20220301,2022,3,202203,97,EUR,European Union,M,Import,156,CHN,China,0,W00,World,H6,HS,True,8508,Vacuum cleaners,4,False,C00,TOTAL CPC,0,0,TOTAL MOT,-1,N/A,0.0,False,-1,N/A,0.0,False,16196084.0,False,0.0,False,232795995.397,,232795995.397,0,False,True
C,M,20220301,2022,3,202203,97,EUR,European Union,M,Import,156,CHN,China,0,W00,World,H6,HS,True,8509,"Electro-mechanical domestic appliances; with self-contained electric motor, other than vacuum cleaners of heading 85.08.",4,False,C00,TOTAL CPC,0,0,TOTAL MOT,-1,N/A,0.0,True,-1,N/A,0.0,False,23462677.0,False,0.0,False,209491076.499,,209491076.499,2,False,True
C,M,20220301,2022,3,202203,97,EUR,European Union,M,Import,156,CHN,China,0,W00,World,H6,HS,True,8516,"Electric water, space, soil heaters; electro-thermic hair-dressing apparatus; hand dryers, irons; electro-thermic appliances for domestic purposes; electro heating resistors, not of heading no. 8545",4,False,C00,TOTAL CPC,0,0,TOTAL MOT,-1,N/A,0.0,True,-1,N/A,0.0,False,59568338.383,True,0.0,False,553101422.749,,553101422.749,6,False,True
C,M,20220301,2022,3,202203,97,EUR,European Union,M,Import,156,CHN,China,0,W00,World,H6,HS,True,9401,"Seats (not those of heading no. 9402), whether or not convertible into beds and parts thereof",4,False,C00,TOTAL CPC,0,0,TOTAL MOT,-1,N/A,0.0,True,-1,N/A,0.0,False,144906250.301,True,0.0,False,838216380.054,,838216380.054,6,False,True
C,M,20220301,2022,3,202203,97,EUR,European Union,M,Import,156,CHN,China,0,W00,World,H6,HS,True,9403,"Furniture and parts thereof, n.e.c. in chapter 94",4,False,C00,TOTAL CPC,0,0,TOTAL MOT,-1,N/A,0.0,True,-1,N/A,0.0,False,175737402.047,True,0.0,False,660295628.773,,660295628.773,6,False,True
C,M,20220301,2022,3,202203,97,EUR,European Union,M,Import,156,CHN,China,0,W00,World,H6,HS,True,9405,"Luminaires and light fittings; including searchlights, spotlights and parts thereof, n.e.c.; illuminated signs, name-plates and the like, having permanently fixed light source and parts thereof n.e.c. or included",4,False,C00,TOTAL CPC,0,0,TOTAL MOT,8,kg,61214277.187,True,-1,N/A,0.0,False,61214277.187,True,0.0,False,775457967.301,,775457967.301,6,False,True
C,M,20220301,2022,3,202203,97,EUR,European Union,M,Import,156,CHN,China,0,W00,World,H6,HS,True,9503,"Tricycles, scooters, pedal cars and similar wheeled toys; dolls' carriages; dolls; other toys; reduced-size (scale) models and similar recreational models, working or not; puzzles of all kinds",4,False,C00,TOTAL CPC,0,0,TOTAL MOT,8,kg,52554672.721,True,-1,N/A,0.0,False,52554672.721,True,0.0,False,559322220.921,,559322220.921,6,False,True
C,M,20220401,2022,4,202204,97,EUR,European Union,M,Import,156,CHN,China,0,W00,World,H6,HS,True,3923,"Plastic articles for the conveyance or packing of goods; stoppers, lids, caps and other closures of plastics",4,False,C00,TOTAL CPC,0,0,TOTAL MOT,8,kg,20233242.582,True,-1,N/A,0.0,False,20233242.582,True,0.0,False,132558670.395,,132558670.395,6,False,True
C,M,20220401,2022,4,202204,97,EUR,European Union,M,Import,156,CHN,China,0,W00,World,H6,HS,True,3924,"Tableware, kitchenware, other household articles and hygienic or toilet articles, of plastics",4,False,C00,TOTAL CPC,0,0,TOTAL MOT,8,kg,16815057.0,False,8,kg,16815057.0,False,16815057.0,False,0.0,False,109913751.697,,109913751.697,0,False,True
C,M,20220401,2022,4,202204,97,EUR,European Union,M,Import,156,CHN,China,0,W00,World,H6,HS,True,3926,"Articles of plastics and articles of other materials of heading no. 3901 to 3914, n.e.c. in chapter 39",4,False,C00,TOTAL CPC,0,0,TOTAL MOT,8,kg,60425375.492,True,-1,N/A,0.0,False,60425375.492,True,0.0,False,457707227.825,,457707227.825,6,False,True
C,M,20220401,2022,4,202204,97,EUR,European Union,M,Import,156,CHN,China,0,W00,World,H6,HS,True,8414,"Air or vacuum pumps, air or other gas compressors and fans; ventilating or recycling hoods incorporating a fan; gas-tight biological safety cabinets whether or not fitted with filters",4,False,C00,TOTAL CPC,0,0,TOTAL MOT,-1,N/A,0.0,False,-1,N/A,0.0,False,43947701.335,True,0.0,False,331557238.483,,331557238.483,4,False,True
C,M,20220401,2022,4,202204,97,EUR,European Union,M,Import,156,CHN,China,0,W00,World,H6,HS,True,8415,"Air conditioning machines; comprising a motor driven fan and elements for changing the temperature and humidity, including those machines in which the humidity cannot be separately regulated",4,False,C00,TOTAL CPC,0,0,TOTAL MOT,-1,N/A,0.0,True,-1,N/A,0.0,False,55797978.825,True,0.0,False,460170776.446,,460170776.446,6,False,True
C,M,20220401,2022,4,202204,97,EUR,European Union,M,Import,156,CHN,China,0,W00,World,H6,HS,True,8418,"Refrigerators, freezers and other refrigerating or freezing equipment, electric or other; heat pumps other than air conditioning machines of heading no. 8415",4,False,C00,TOTAL CPC,0,0,TOTAL MOT,-1,N/A,0.0,True,-1,N/A,0.0,False,57393648.0,False,0.0,False,387756604.601,,387756604.601,2,False,True
C,M,20220401,2022,4,202204,97,EUR,European Union,M,Import,156,CHN,China,0,W00,World,H6,HS,True,8450,Household or laundry-type washing machines; including machines which both wash and dry,4,False,C00,TOTAL CPC,0,0,TOTAL MOT,-1,N/A,0.0,True,-1,N/A,0.0,False,24666631.546,True,0.0,False,87447930.695,,87447930.695,6,False,True
C,M,20220401,2022,4,202204,97,EUR,European Union,M,Import,156,CHN,China,0,W00,World,H6,HS,True,8508,Vacuum cleaners,4,False,C00,TOTAL CPC,0,0,TOTAL MOT,-1,N/A,0.0,False,-1,N/A,0.0,False,14380354.0,False,0.0,False,213812361.464,,213812361.464,0,False,True
C,M,20220401,2022,4,202204,97,EUR,European Union,M,Import,156,CHN,China,0,W00,World,H6,HS,True,8509,"Electro-mechanical domestic appliances; with self-contained electric motor, other than vacuum cleaners of heading 85.08.",4,False,C00,TOTAL CPC,0,0,TOTAL MOT,-1,N/A,0.0,True,-1,N/A,0.0,False,11801188.45,True,0.0,False,154739256.483,,154739256.483,6,False,True
C,M,20220401,2022,4,202204,97,EUR,European Union,M,Import,156,CHN,China,0,W00,World,H6,HS,True,8516,"Electric water, space, soil heaters; electro-thermic hair-dressing apparatus; hand dryers, irons; electro-thermic appliances for domestic purposes; electro heating resistors, not of heading no. 8545",4,False,C00,TOTAL CPC,0,0,TOTAL MOT,-1,N/A,0.0,True,-1,N/A,0.0,False,51528030.668,True,0.0,False,449521663.374,,449521663.374,6,False,True
C,M,20220401,2022,4,202204,97,EUR,European Union,M,Import,156,CHN,China,0,W00,World,H6,HS,True,9401,"Seats (not those of heading no. 9402), whether or not convertible into beds and parts thereof",4,False,C00,TOTAL CPC,0,0,TOTAL MOT,-1,N/A,0.0,True,-1,N/A,0.0,False,118776523.943,True,0.0,False,699373236.422,,699373236.422,6,False,True
C,M,20220401,2022,4,202204,97,EUR,European Union,M,Import,156,CHN,China,0,W00,World,H6,HS,True,9403,"Furniture and parts thereof, n.e.c. in chapter 94",4,False,C00,TOTAL CPC,0,0,TOTAL MOT,-1,N/A,0.0,True,-1,N/A,0.0,False,140195885.105,True,0.0,False,539464702.027,,539464702.027,6,False,True
C,M,20220401,2022,4,202204,97,EUR,European Union,M,Import,156,CHN,China,0,W00,World,H6,HS,True,9405,"Luminaires and light fittings; including searchlights, spotlights and parts thereof, n.e.c.; illuminated signs, name-plates and the like, having permanently fixed light source and parts thereof n.e.c. or included",4,False,C00,TOTAL CPC,0,0,TOTAL MOT,8,kg,42593654.477,True,-1,N/A,0.0,False,42593654.477,True,0.0,False,547585004.612,,547585004.612,6,False,True
C,M,20220401,2022,4,202204,97,EUR,European Union,M,Import,156,CHN,China,0,W00,World,H6,HS,True,9503,"Tricycles, scooters, pedal cars and similar wheeled toys; dolls' carriages; dolls; other toys; reduced-size (scale) models and similar recreational models, working or not; puzzles of all kinds",4,False,C00,TOTAL CPC,0,0,TOTAL MOT,8,kg,39435807.498,True,-1,N/A,0.0,False,39435807.498,True,0.0,False,426818884.99,,426818884.99,6,False,True
C,M,20220501,2022,5,202205,97,EUR,European Union,M,Import,156,CHN,China,0,W00,World,H6,HS,True,3923,"Plastic articles for the conveyance or packing of goods; stoppers, lids, caps and other closures of plastics",4,False,C00,TOTAL CPC,0,0,TOTAL MOT,8,kg,23899094.381,True,-1,N/A,0.0,False,23899094.381,True,0.0,False,157308961.571,,157308961.571,6,False,True
C,M,20220501,2022,5,202205,97,EUR,European Union,M,Import,156,CHN,China,0,W00,World,H6,HS,True,3924,"Tableware, kitchenware, other household articles and hygienic or toilet articles, of plastics",4,False,C00,TOTAL CPC,0,0,TOTAL MOT,8,kg,22270800.0,False,8,kg,22270800.0,False,22270800.0,False,0.0,False,137929172.843,,137929172.843,0,False,True
C,M,20220501,2022,5,202205,97,EUR,European Union,M,Import,156,CHN,China,0,W00,World,H6,HS,True,3926,"Articles of plastics and articles of other materials of heading no. 3901 to 3914, n.e.c. in chapter 39",4,False,C00,TOTAL CPC,0,0,TOTAL MOT,8,kg,71656962.801,True,-1,N/A,0.0,False,71656962.801,True,0.0,False,516861241.575,,516861241.575,6,False,True
C,M,20220501,2022,5,202205,97,EUR,European Union,M,Import,156,CHN,China,0,W00,World,H6,HS,True,8414,"Air or vacuum pumps, air or other gas compressors and fans; ventilating or recycling hoods incorporating a fan; gas-tight biological safety cabinets whether or not fitted with filters",4,False,C00,TOTAL CPC,0,0,TOTAL MOT,-1,N/A,0.0,True,-1,N/A,0.0,False,50236580.936,True,0.0,False,382437303.368,,382437303.368,6,False,True
C,M,20220501,2022,5,202205,97,EUR,European Union,M,Import,156,CHN,China,0,W00,World,H6,HS,True,8415,"Air conditioning machines; comprising a motor driven fan and elements for changing the temperature and humidity, including those machines in which the humidity cannot be separately regulated",4,False,C00,TOTAL CPC,0,0,TOTAL MOT,-1,N/A,0.0,True,-1,N/A,0.0,False,65919251.0,False,0.0,False,538433341.915,,538433341.915,2,False,True
C,M,20220501,2022,5,202205,97,EUR,European Union,M,Import,156,CHN,China,0,W00,World,H6,HS,True,8418,"Refrigerators, freezers and other refrigerating or freezing equipment, electric or other; heat pumps other than air conditioning machines of heading no. 8415",4,False,C00,TOTAL CPC,0,0,TOTAL MOT,-1,N/A,0.0,True,-1,N/A,0.0,False,63080458.39,True,0.0,False,412851186.933,,412851186.933,6,False,True
C,M,20220501,2022,5,202205,97,EUR,European Union,M,Import,156,CHN,China,0,W00,World,H6,HS,True,8450,Household or laundry-type washing machines; including machines which both wash and dry,4,False,C00,TOTAL CPC,0,0,TOTAL MOT,-1,N/A,0.0,False,-1,N/A,0.0,False,28768555.905,True,0.0,False,100658290.768,,100658290.768,4,False,True
C,M,20220501,2022,5,202205,97,EUR,European Union,M,Import,156,CHN,China,0,W00,World,H6,HS,True,8508,Vacuum cleaners,4,False,C00,TOTAL CPC,0,0,TOTAL MOT,-1,N/A,0.0,False,-1,N/A,0.0,False,14885787.0,False,0.0,False,235209477.752,,235209477.752,0,False,True
C,M,20220501,2022,5,202205,97,EUR,European Union,M,Import,156,CHN,China,0,W00,World,H6,HS,True,8509,"Electro-mechanical domestic appliances; with self-contained electric motor, other than vacuum cleaners of heading 85.08.",4,False,C00,TOTAL CPC,0,0,TOTAL MOT,-1,N/A,0.0,True,-1,N/A,0.0,False,18715330.0,False,0.0,False,215359753.972,,215359753.972,2,False,True
C,M,20220501,2022,5,202205,97,EUR,European Union,M,Import,156,CHN,China,0,W00,World,H6,HS,True,8516,"Electric water, space, soil heaters; electro-thermic hair-dressing apparatus; hand dryers, irons; electro-thermic appliances for domestic purposes; electro heating resistors, not of heading no. 8545",4,False,C00,TOTAL CPC,0,0,TOTAL MOT,-1,N/A,0.0,True,-1,N/A,0.0,False,66195328.939,True,0.0,False,580524484.656,,580524484.656,6,False,True
C,M,20220501,2022,5,202205,97,EUR,European Union,M,Import,156,CHN,China,0,W00,World,H6,HS,True,9401,"Seats (not those of heading no. 9402), whether or not convertible into beds and parts thereof",4,False,C00,TOTAL CPC,0,0,TOTAL MOT,-1,N/A,0.0,True,-1,N/A,0.0,False,134019232.342,True,0.0,False,768376633.971,,768376633.971,6,False,True
C,M,20220501,2022,5,202205,97,EUR,European Union,M,Import,156,CHN,China,0,W00,World,H6,HS,True,9403,"Furniture and parts thereof, n.e.c. in chapter 94",4,False,C00,TOTAL CPC,0,0,TOTAL MOT,-1,N/A,0.0,True,-1,N/A,0.0,False,168740891.0,False,0.0,False,632239462.201,,632239462.201,2,False,True
C,M,20220501,2022,5,202205,97,EUR,European Union,M,Import,156,CHN,China,0,W00,World,H6,HS,True,9405,"Luminaires and light fittings; including searchlights, spotlights and parts thereof, n.e.c.; illuminated signs, name-plates and the like, having permanently fixed light source and parts thereof n.e.c. or included",4,False,C00,TOTAL CPC,0,0,TOTAL MOT,8,kg,50831831.909,True,-1,N/A,0.0,False,50831831.909,True,0.0,False,650059516.69,,650059516.69,6,False,True
C,M,20220501,2022,5,202205,97,EUR,European Union,M,Import,156,CHN,China,0,W00,World,H6,HS,True,9503,"Tricycles, scooters, pedal cars and similar wheeled toys; dolls' carriages; dolls; other toys; reduced-size (scale) models and similar recreational models, working or not; puzzles of all kinds",4,False,C00,TOTAL CPC,0,0,TOTAL MOT,8,kg,49862974.535,True,-1,N/A,0.0,False,49862974.535,True,0.0,False,522778351.996,,522778351.996,6,False,True
C,M,20220601,2022,6,202206,97,EUR,European Union,M,Import,156,CHN,China,0,W00,World,H6,HS,True,3923,"Plastic articles for the conveyance or packing of goods; stoppers, lids, caps and other closures of plastics",4,False,C00,TOTAL CPC,0,0,TOTAL MOT,8,kg,24766311.305,True,-1,N/A,0.0,False,24766311.305,True,0.0,False,165508927.5,,165508927.5,6,False,True
C,M,20220601,2022,6,202206,97,EUR,European Union,M,Import,156,CHN,China,0,W00,World,H6,HS,True,3924,"Tableware, kitchenware, other household articles and hygienic or toilet articles, of plastics",4,False,C00,TOTAL CPC,0,0,TOTAL MOT,8,kg,22007953.0,False,8,kg,22007953.0,False,22007953.0,False,0.0,False,140233368.989,,140233368.989,0,False,True
C,M,20220601,2022,6,202206,97,EUR,European Union,M,Import,156,CHN,China,0,W00,World,H6,HS,True,3926,"Articles of plastics and articles of other materials of heading no. 3901 to 3914, n.e.c. in chapter 39",4,False,C00,TOTAL CPC,0,0,TOTAL MOT,8,kg,65410901.753,True,-1,N/A,0.0,False,65410901.753,True,0.0,False,501013720.927,,501013720.927,6,False,True
C,M,20220601,2022,6,202206,97,EUR,European Union,M,Import,156,CHN,China,0,W00,World,H6,HS,True,8414,"Air or vacuum pumps, air or other gas compressors and fans; ventilating or recycling hoods incorporating a fan; gas-tight biological safety cabinets whether or not fitted with filters",4,False,C00,TOTAL CPC,0,0,TOTAL MOT,-1,N/A,0.0,True,-1,N/A,0.0,False,45361666.136,True,0.0,False,349813201.804,,349813201.804,6,False,True
C,M,20220601,2022,6,202206,97,EUR,European Union,M,Import,156,CHN,China,0,W00,World,H6,HS,True,8415,"Air conditioning machines; comprising a motor driven fan and elements for changing the temperature and humidity, including those machines in which the humidity cannot be separately regulated",4,False,C00,TOTAL CPC,0,0,TOTAL MOT,-1,N/A,0.0,True,-1,N/A,0.0,False,54176242.0,False,0.0,False,452645966.82,,452645966.82,2,False,True
C,M,20220601,2022,6,202206,97,EUR,European Union,M,Import,156,CHN,China,0,W00,World,H6,HS,True,8418,"Refrigerators, freezers and other refrigerating or freezing equipment, electric or other; heat pumps other than air conditioning machines of heading no. 8415",4,False,C00,TOTAL CPC,0,0,TOTAL MOT,-1,N/A,0.0,True,-1,N/A,0.0,False,55904104.417,True,0.0,False,355225884.458,,355225884.458,6,False,True
C,M,20220601,2022,6,202206,97,EUR,European Union,M,Import,156,CHN,China,0,W00,World,H6,HS,True,8450,Household or laundry-type washing machines; including machines which both wash and dry,4,False,C00,TOTAL CPC,0,0,TOTAL MOT,-1,N/A,0.0,False,-1,N/A,0.0,False,23199063.0,False,0.0,False,83480236.135,,83480236.135,0,False,True
C,M,20220601,2022,6,202206,97,EUR,European Union,M,Import,156,CHN,China,0,W00,World,H6,HS,True,8508,Vacuum cleaners,4,False,C00,TOTAL CPC,0,0,TOTAL MOT,-1,N/A,0.0,False,-1,N/A,0.0,False,14674651.0,False,0.0,False,220040340.349,,220040340.349,0,False,True
C,M,20220601,2022,6,202206,97,EUR,European Union,M,Import,156,CHN,China,0,W00,World,H6,HS,True,8509,"Electro-mechanical domestic appliances; with self-contained electric motor, other than vacuum cleaners of heading 85.08.",4,False,C00,TOTAL CPC,0,0,TOTAL MOT,-1,N/A,0.0,True,-1,N/A,0.0,False,13951433.0,False,0.0,False,176836317.09,,176836317.09,2,False,True
C,M,20220601,2022,6,202206,97,EUR,European Union,M,Import,156,CHN,China,0,W00,World,H6,HS,True,8516,"Electric water, space, soil heaters; electro-thermic hair-dressing apparatus; hand dryers, irons; electro-thermic appliances for domestic purposes; electro heating resistors, not of heading no. 8545",4,False,C00,TOTAL CPC,0,0,TOTAL MOT,-1,N/A,0.0,True,-1,N/A,0.0,False,62816100.42,True,0.0,False,572365864.419,,572365864.419,6,False,True
C,M,20220601,2022,6,202206,97,EUR,European Union,M,Import,156,CHN,China,0,W00,World,H6,HS,True,9401,"Seats (not those of heading no. 9402), whether or not convertible into beds and parts thereof",4,False,C00,TOTAL CPC,0,0,TOTAL MOT,-1,N/A,0.0,True,-1,N/A,0.0,False,108728138.642,True,0.0,False,632597727.374,,632597727.374,6,False,True
C,M,20220601,2022,6,202206,97,EUR,European Union,M,Import,156,CHN,China,0,W00,World,H6,HS,True,9403,"Furniture and parts thereof, n.e.c. in chapter 94",4,False,C00,TOTAL CPC,0,0,TOTAL MOT,-1,N/A,0.0,True,-1,N/A,0.0,False,151599546.0,False,0.0,False,575110180.353,,575110180.353,2,False,True
C,M,20220601,2022,6,202206,97,EUR,European Union,M,Import,156,CHN,China,0,W00,World,H6,HS,True,9405,"Luminaires and light fittings; including searchlights, spotlights and parts thereof, n.e.c.; illuminated signs, name-plates and the like, having permanently fixed light source and parts thereof n.e.c. or included",4,False,C00,TOTAL CPC,0,0,TOTAL MOT,8,kg,55190275.509,True,-1,N/A,0.0,False,55190275.509,True,0.0,False,716770376.436,,716770376.436,6,False,True
C,M,20220601,2022,6,202206,97,EUR,European Union,M,Import,156,CHN,China,0,W00,World,H6,HS,True,9503,"Tricycles, scooters, pedal cars and similar wheeled toys; dolls' carriages; dolls; other toys; reduced-size (scale) models and similar recreational models, working or not; puzzles of all kinds",4,False,C00,TOTAL CPC,0,0,TOTAL MOT,8,kg,48488511.123,True,-1,N/A,0.0,False,48488511.123,True,0.0,False,554353114.027,,554353114.027,6,False,True
C,M,20220701,2022,7,202207,97,EUR,European Union,M,Import,156,CHN,China,0,W00,World,H6,HS,True,3923,"Plastic articles for the conveyance or packing of goods; stoppers, lids, caps and other closures of plastics",4,False,C00,TOTAL CPC,0,0,TOTAL MOT,8,kg,24661823.0,True,-1,N/A,0.0,False,24661823.0,True,0.0,False,161152157.613,,161152157.613,6,False,True
C,M,20220701,2022,7,202207,97,EUR,European Union,M,Import,156,CHN,China,0,W00,World,H6,HS,True,3924,"Tableware, kitchenware, other household articles and hygienic or toilet articles, of plastics",4,False,C00,TOTAL CPC,0,0,TOTAL MOT,8,kg,20498126.0,False,8,kg,20498126.0,False,20498126.0,False,0.0,False,127555491.718,,127555491.718,0,False,True
C,M,20220701,2022,7,202207,97,EUR,European Union,M,Import,156,CHN,China,0,W00,World,H6,HS,True,3926,"Articles of plastics and articles of other materials of heading no. 3901 to 3914, n.e.c. in chapter 39",4,False,C00,TOTAL CPC,0,0,TOTAL MOT,8,kg,60779248.92,True,-1,N/A,0.0,False,60779248.92,True,0.0,False,472793148.974,,472793148.974,6,False,True
C,M,20220701,2022,7,202207,97,EUR,European Union,M,Import,156,CHN,China,0,W00,World,H6,HS,True,8414,"Air or vacuum pumps, air or other gas compressors and fans; ventilating or recycling hoods incorporating a fan; gas-tight biological safety cabinets whether or not fitted with filters",4,False,C00,TOTAL CPC,0,0,TOTAL MOT,-1,N/A,0.0,False,-1,N/A,0.0,False,37624084.979,True,0.0,False,304256793.503,,304256793.503,4,False,True
C,M,20220701,2022,7,202207,97,EUR,European Union,M,Import,156,CHN,China,0,W00,World,H6,HS,True,8415,"Air conditioning machines; comprising a motor driven fan and elements for changing the temperature and humidity, including those machines in which the humidity cannot be separately regulated",4,False,C00,TOTAL CPC,0,0,TOTAL MOT,-1,N/A,0.0,True,-1,N/A,0.0,False,43687286.803,True,0.0,False,364933745.222,,364933745.222,6,False,True
C,M,20220701,2022,7,202207,97,EUR,European Union,M,Import,156,CHN,China,0,W00,World,H6,HS,True,8418,"Refrigerators, freezers and other refrigerating or freezing equipment, electric or other; heat pumps other than air conditioning machines of heading no. 8415",4,False,C00,TOTAL CPC,0,0,TOTAL MOT,-1,N/A,0.0,True,-1,N/A,0.0,False,46112651.4,True,0.0,False,298549462.298,,298549462.298,6,False,True
C,M,20220701,2022,7,202207,97,EUR,European Union,M,Import,156,CHN,China,0,W00,World,H6,HS,True,8450,Household or laundry-type washing machines; including machines which both wash and dry,4,False,C00,TOTAL CPC,0,0,TOTAL MOT,-1,N/A,0.0,True,-1,N/A,0.0,False,20026799.855,True,0.0,False,70571060.844,,70571060.844,6,False,True
C,M,20220701,2022,7,202207,97,EUR,European Union,M,Import,156,CHN,China,0,W00,World,H6,HS,True,8508,Vacuum cleaners,4,False,C00,TOTAL CPC,0,0,TOTAL MOT,-1,N/A,0.0,False,-1,N/A,0.0,False,12949101.0,False,0.0,False,172139362.01,,172139362.01,0,False,True
C,M,20220701,2022,7,202207,97,EUR,European Union,M,Import,156,CHN,China,0,W00,World,H6,HS,True,8509,"Electro-mechanical domestic appliances; with self-contained electric motor, other than vacuum cleaners of heading 85.08.",4,False,C00,TOTAL CPC,0,0,TOTAL MOT,-1,N/A,0.0,True,-1,N/A,0.0,False,12056269.0,False,0.0,False,138820993.477,,138820993.477,2,False,True
C,M,20220701,2022,7,202207,97,EUR,European Union,M,Import,156,CHN,China,0,W00,World,H6,HS,True,8516,"Electric water, space, soil heaters; electro-thermic hair-dressing apparatus; hand dryers, irons; electro-thermic appliances for domestic purposes; electro heating resistors, not of heading no. 8545",4,False,C00,TOTAL CPC,0,0,TOTAL MOT,-1,N/A,0.0,True,-1,N/A,0.0,False,60943764.422,True,0.0,False,502116008.33,,502116008.33,6,False,True
C,M,20220701,2022,7,202207,97,EUR,European Union,M,Import,156,CHN,China,0,W00,World,H6,HS,True,9401,"Seats (not those of heading no. 9402), whether or not convertible into beds and parts thereof",4,False,C00,TOTAL CPC,0,0,TOTAL MOT,-1,N/A,0.0,True,-1,N/A,0.0,False,93388056.55,True,0.0,False,512604629.617,,512604629.617,6,False,True
C,M,20220701,2022,7,202207,97,EUR,European Union,M,Import,156,CHN,China,0,W00,World,H6,HS,True,9403,"Furniture and parts thereof, n.e.c. in chapter 94",4,False,C00,TOTAL CPC,0,0,TOTAL MOT,-1,N/A,0.0,True,-1,N/A,0.0,False,146999874.292,True,0.0,False,493336460.769,,493336460.769,6,False,True
C,M,20220701,2022,7,202207,97,EUR,European Union,M,Import,156,CHN,China,0,W00,World,H6,HS,True,9405,"Luminaires and light fittings; including searchlights, spotlights and parts thereof, n.e.c.; illuminated signs, name-plates and the like, having permanently fixed light source and parts thereof n.e.c. or included",4,False,C00,TOTAL CPC,0,0,TOTAL MOT,8,kg,54799915.534,True,-1,N/A,0.0,False,54799915.534,True,0.0,False,682185152.4,,682185152.4,6,False,True
C,M,20220701,2022,7,202207,97,EUR,European Union,M,Import,156,CHN,China,0,W00,World,H6,HS,True,9503,"Tricycles, scooters, pedal cars and similar wheeled toys; dolls' carriages; dolls; other toys; reduced-size (scale) models and similar recreational models, working or not; puzzles of all kinds",4,False,C00,TOTAL CPC,0,0,TOTAL MOT,8,kg,48961148.882,True,-1,N/A,0.0,False,48961148.882,True,0.0,False,552983953.692,,552983953.692,6,False,True
C,M,20220801,2022,8,202208,97,EUR,European Union,M,Import,156,CHN,China,0,W00,World,H6,HS,True,3923,"Plastic articles for the conveyance or packing of goods; stoppers, lids, caps and other closures of plastics",4,False,C00,TOTAL CPC,0,0,TOTAL MOT,8,kg,28632249.521,True,-1,N/A,0.0,False,28632249.521,True,0.0,False,179887349.788,,179887349.788,6,False,True
C,M,20220801,2022,8,202208,97,EUR,European Union,M,Import,156,CHN,China,0,W00,World,H6,HS,True,3924,"Tableware, kitchenware, other household articles and hygienic or toilet articles, of plastics",4,False,C00,TOTAL CPC,0,0,TOTAL MOT,8,kg,23069449.0,False,8,kg,23069449.0,False,23069449.0,False,0.0,False,142459815.94,,142459815.94,0,False,True
C,M,20220801,2022,8,202208,97,EUR,European Union,M,Import,156,CHN,China,0,W00,World,H6,HS,True,3926,"Articles of plastics and articles of other materials of heading no. 3901 to 3914, n.e.c. in chapter 39",4,False,C00,TOTAL CPC,0,0,TOTAL MOT,8,kg,68727843.839,True,-1,N/A,0.0,False,68727843.839,True,0.0,False,554695626.243,,554695626.243,6,False,True
C,M,20220801,2022,8,202208,97,EUR,European Union,M,Import,156,CHN,China,0,W00,World,H6,HS,True,8414,"Air or vacuum pumps, air or other gas compressors and fans; ventilating or recycling hoods incorporating a fan; gas-tight biological safety cabinets whether or not fitted with filters",4,False,C00,TOTAL CPC,0,0,TOTAL MOT,-1,N/A,0.0,True,-1,N/A,0.0,False,35312298.808,True,0.0,False,309033294.762,,309033294.762,6,False,True
C,M,20220801,2022,8,202208,97,EUR,European Union,M,Import,156,CHN,China,0,W00,World,H6,HS,True,8415,"Air conditioning machines; comprising a motor driven fan and elements for changing the temperature and humidity, including those machines in which the humidity cannot be separately regulated",4,False,C00,TOTAL CPC,0,0,TOTAL MOT,-1,N/A,0.0,True,-1,N/A,0.0,False,34048750.0,False,0.0,False,301845245.94,,301845245.94,2,False,True
C,M,20220801,2022,8,202208,97,EUR,European Union,M,Import,156,CHN,China,0,W00,World,H6,HS,True,8418,"Refrigerators, freezers and other refrigerating or freezing equipment, electric or other; heat pumps other than air conditioning machines of heading no. 8415",4,False,C00,TOTAL CPC,0,0,TOTAL MOT,-1,N/A,0.0,True,-1,N/A,0.0,False,42258977.745,True,0.0,False,294425601.343,,294425601.343,6,False,True
C,M,20220801,2022,8,202208,97,EUR,European Union,M,Import,156,CHN,China,0,W00,World,H6,HS,True,8450,Household or laundry-type washing machines; including machines which both wash and dry,4,False,C00,TOTAL CPC,0,0,TOTAL MOT,-1,N/A,0.0,False,-1,N/A,0.0,False,22509989.313,True,0.0,False,83025339.704,,83025339.704,4,False,True
C,M,20220801,2022,8,202208,97,EUR,European Union,M,Import,156,CHN,China,0,W00,World,H6,HS,True,8508,Vacuum cleaners,4,False,C00,TOTAL CPC,0,0,TOTAL MOT,-1,N/A,0.0,False,-1,N/A,0.0,False,17191245.0,False,0.0,False,239275978.651,,239275978.651,0,False,True
C,M,20220801,2022,8,202208,97,EUR,European Union,M,Import,156,CHN,China,0,W00,World,H6,HS,True,8509,"Electro-mechanical domestic appliances; with self-contained electric motor, other than vacuum cleaners of heading 85.08.",4,False,C00,TOTAL CPC,0,0,TOTAL MOT,-1,N/A,0.0,False,-1,N/A,0.0,False,13019568.0,False,0.0,False,158529221.76,,158529221.76,0,False,True
C,M,20220801,2022,8,202208,97,EUR,European Union,M,Import,156,CHN,China,0,W00,World,H6,HS,True,8516,"Electric water, space, soil heaters; electro-thermic hair-dressing apparatus; hand dryers, irons; electro-thermic appliances for domestic purposes; electro heating resistors, not of heading no. 8545",4,False,C00,TOTAL CPC,0,0,TOTAL MOT,-1,N/A,0.0,True,-1,N/A,0.0,False,75995169.547,True,0.0,False,636736741.383,,636736741.383,6,False,True
C,M,20220801,2022,8,202208,97,EUR,European Union,M,Import,156,CHN,China,0,W00,World,H6,HS,True,9401,"Seats (not those of heading no. 9402), whether or not convertible into beds and parts thereof",4,False,C00,TOTAL CPC,0,0,TOTAL MOT,-1,N/A,0.0,True,-1,N/A,0.0,False,101970921.0,False,0.0,False,566520892.801,,566520892.801,2,False,True
C,M,20220801,2022,8,202208,97,EUR,European Union,M,Import,156,CHN,China,0,W00,World,H6,HS,True,9403,"Furniture and parts thereof, n.e.c. in chapter 94",4,False,C00,TOTAL CPC,0,0,TOTAL MOT,-1,N/A,0.0,True,-1,N/A,0.0,False,157134805.349,True,0.0,False,536192944.001,,536192944.001,6,False,True
C,M,20220801,2022,8,202208,97,EUR,European Union,M,Import,156,CHN,China,0,W00,World,H6,HS,True,9405,"Luminaires and light fittings; including searchlights, spotlights and parts thereof, n.e.c.; illuminated signs, name-plates and the like, having permanently fixed light source and parts thereof n.e.c. or included",4,False,C00,TOTAL CPC,0,0,TOTAL MOT,8,kg,73085075.355,True,-1,N/A,0.0,False,73085075.355,True,0.0,False,922991115.606,,922991115.606,6,False,True
C,M,20220801,2022,8,202208,97,EUR,European Union,M,Import,156,CHN,China,0,W00,World,H6,HS,True,9503,"Tricycles, scooters, pedal cars and similar wheeled toys; dolls' carriages; dolls; other toys; reduced-size (scale) models and similar recreational models, working or not; puzzles of all kinds",4,False,C00,TOTAL CPC,0,0,TOTAL MOT,8,kg,69382331.815,True,-1,N/A,0.0,False,69382331.815,True,0.0,False,819187787.395,,819187787.395,6,False,True
C,M,20220901,2022,9,202209,97,EUR,European Union,M,Import,156,CHN,China,0,W00,World,H6,HS,True,3923,"Plastic articles for the conveyance or packing of goods; stoppers, lids, caps and other closures of plastics",4,False,C00,TOTAL CPC,0,0,TOTAL MOT,8,kg,25310960.695,True,-1,N/A,0.0,False,25310960.695,True,0.0,False,172649061.591,,172649061.591,6,False,True
C,M,20220901,2022,9,202209,97,EUR,European Union,M,Import,156,CHN,China,0,W00,World,H6,HS,True,3924,"Tableware, kitchenware, other household articles and hygienic or toilet articles, of plastics",4,False,C00,TOTAL CPC,0,0,TOTAL MOT,8,kg,20785318.0,False,8,kg,20785318.0,False,20785318.0,False,0.0,False,135885213.471,,135885213.471,0,False,True
C,M,20220901,2022,9,202209,97,EUR,European Union,M,Import,156,CHN,China,0,W00,World,H6,HS,True,3926,"Articles of plastics and articles of other materials of heading no. 3901 to 3914, n.e.c. in chapter 39",4,False,C00,TOTAL CPC,0,0,TOTAL MOT,8,kg,65683546.337,True,-1,N/A,0.0,False,65683546.337,True,0.0,False,595526960.094,,595526960.094,6,False,True
C,M,20220901,2022,9,202209,97,EUR,European Union,M,Import,156,CHN,China,0,W00,World,H6,HS,True,8414,"Air or vacuum pumps, air or other gas compressors and fans; ventilating or recycling hoods incorporating a fan; gas-tight biological safety cabinets whether or not fitted with filters",4,False,C00,TOTAL CPC,0,0,TOTAL MOT,-1,N/A,0.0,True,-1,N/A,0.0,False,32079702.46,True,0.0,False,294988046.29,,294988046.29,6,False,True
C,M,20220901,2022,9,202209,97,EUR,European Union,M,Import,156,CHN,China,0,W00,World,H6,HS,True,8415,"Air conditioning machines; comprising a motor driven fan and elements for changing the temperature and humidity, including those machines in which the humidity cannot be separately regulated",4,False,C00,TOTAL CPC,0,0,TOTAL MOT,-1,N/A,0.0,True,-1,N/A,0.0,False,26203092.955,True,0.0,False,262691741.507,,262691741.507,6,False,True
C,M,20220901,2022,9,202209,97,EUR,European Union,M,Import,156,CHN,China,0,W00,World,H6,HS,True,8418,"Refrigerators, freezers and other refrigerating or freezing equipment, electric or other; heat pumps other than air conditioning machines of heading no. 8415",4,False,C00,TOTAL CPC,0,0,TOTAL MOT,-1,N/A,0.0,True,-1,N/A,0.0,False,38855892.0,False,0.0,False,282582545.943,,282582545.943,2,False,True
C,M,20220901,2022,9,202209,97,EUR,European Union,M,Import,156,CHN,China,0,W00,World,H6,HS,True,8450,Household or laundry-type washing machines; including machines which both wash and dry,4,False,C00,TOTAL CPC,0,0,TOTAL MOT,-1,N/A,0.0,True,-1,N/A,0.0,False,22032153.306,True,0.0,False,76435866.796,,76435866.796,6,False,True
C,M,20220901,2022,9,202209,97,EUR,European Union,M,Import,156,CHN,China,0,W00,World,H6,HS,True,8508,Vacuum cleaners,4,False,C00,TOTAL CPC,0,0,TOTAL MOT,-1,N/A,0.0,False,-1,N/A,0.0,False,16154128.0,False,0.0,False,226922992.776,,226922992.776,0,False,True
C,M,20220901,2022,9,202209,97,EUR,European Union,M,Import,156,CHN,China,0,W00,World,H6,HS,True,8509,"Electro-mechanical domestic appliances; with self-contained electric motor, other than vacuum cleaners of heading 85.08.",4,False,C00,TOTAL CPC,0,0,TOTAL MOT,-1,N/A,0.0,True,-1,N/A,0.0,False,13409107.781,True,0.0,False,153923681.626,,153923681.626,6,False,True
C,M,20220901,2022,9,202209,97,EUR,European Union,M,Import,156,CHN,China,0,W00,World,H6,HS,True,8516,"Electric water, space, soil heaters; electro-thermic hair-dressing apparatus; hand dryers, irons; electro-thermic appliances for domestic purposes; electro heating resistors, not of heading no. 8545",4,False,C00,TOTAL CPC,0,0,TOTAL MOT,-1,N/A,0.0,True,-1,N/A,0.0,False,78171028.186,True,0.0,False,666148697.291,,666148697.291,6,False,True
C,M,20220901,2022,9,202209,97,EUR,European Union,M,Import,156,CHN,China,0,W00,World,H6,HS,True,9401,"Seats (not those of heading no. 9402), whether or not convertible into beds and parts thereof",4,False,C00,TOTAL CPC,0,0,TOTAL MOT,-1,N/A,0.0,False,-1,N/A,0.0,False,86426275.0,False,0.0,False,486095992.178,,486095992.178,0,False,True
C,M,20220901,2022,9,202209,97,EUR,European Union,M,Import,156,CHN,China,0,W00,World,H6,HS,True,9403,"Furniture and parts thereof, n.e.c. in chapter 94",4,False,C00,TOTAL CPC,0,0,TOTAL MOT,-1,N/A,0.0,False,-1,N/A,0.0,False,137267165.0,False,0.0,False,461896774.264,,461896774.264,0,False,True
C,M,20220901,2022,9,202209,97,EUR,European Union,M,Import,156,CHN,China,0,W00,World,H6,HS,True,9405,"Luminaires and light fittings; including searchlights, spotlights and parts thereof, n.e.c.; illuminated signs, name-plates and the like, having permanently fixed light source and parts thereof n.e.c. or included",4,False,C00,TOTAL CPC,0,0,TOTAL MOT,8,kg,71173195.206,True,-1,N/A,0.0,False,71173195.206,True,0.0,False,898181607.946,,898181607.946,6,False,True
C,M,20220901,2022,9,202209,97,EUR,European Union,M,Import,156,CHN,China,0,W00,World,H6,HS,True,9503,"Tricycles, scooters, pedal cars and similar wheeled toys; dolls' carriages; dolls; other toys; reduced-size (scale) models and similar recreational models, working or not; puzzles of all kinds",4,False,C00,TOTAL CPC,0,0,TOTAL MOT,8,kg,85595838.165,True,-1,N/A,0.0,False,85595838.165,True,0.0,False,971733714.015,,971733714.015,6,False,True
C,M,20221001,2022,10,202210,97,EUR,European Union,M,Import,156,CHN,China,0,W00,World,H6,HS,True,3923,"Plastic articles for the conveyance or packing of goods; stoppers, lids, caps and other closures of plastics",4,False,C00,TOTAL CPC,0,0,TOTAL MOT,8,kg,25277047.263,True,-1,N/A,0.0,False,25277047.263,True,0.0,False,159958745.372,,159958745.372,6,False,True
C,M,20221001,2022,10,202210,97,EUR,European Union,M,Import,156,CHN,China,0,W00,World,H6,HS,True,3924,"Tableware, kitchenware, other household articles and hygienic or toilet articles, of plastics",4,False,C00,TOTAL CPC,0,0,TOTAL MOT,8,kg,18845078.0,False,8,kg,18845078.0,False,18845078.0,False,0.0,False,115685269.326,,115685269.326,0,False,True
C,M,20221001,2022,10,202210,97,EUR,European Union,M,Import,156,CHN,China,0,W00,World,H6,HS,True,3926,"Articles of plastics and articles of other materials of heading no. 3901 to 3914, n.e.c. in chapter 39",4,False,C00,TOTAL CPC,0,0,TOTAL MOT,8,kg,55534394.631,True,-1,N/A,0.0,False,55534394.631,True,0.0,False,472306726.308,,472306726.308,6,False,True
C,M,20221001,2022,10,202210,97,EUR,European Union,M,Import,156,CHN,China,0,W00,World,H6,HS,True,8414,"Air or vacuum pumps, air or other gas compressors and fans; ventilating or recycling hoods incorporating a fan; gas-tight biological safety cabinets whether or not fitted with filters",4,False,C00,TOTAL CPC,0,0,TOTAL MOT,-1,N/A,0.0,True,-1,N/A,0.0,False,26799744.0,False,0.0,False,256900036.611,,256900036.611,2,False,True
C,M,20221001,2022,10,202210,97,EUR,European Union,M,Import,156,CHN,China,0,W00,World,H6,HS,True,8415,"Air conditioning machines; comprising a motor driven fan and elements for changing the temperature and humidity, including those machines in which the humidity cannot be separately regulated",4,False,C00,TOTAL CPC,0,0,TOTAL MOT,-1,N/A,0.0,True,-1,N/A,0.0,False,20697871.0,False,0.0,False,223118144.033,,223118144.033,2,False,True
C,M,20221001,2022,10,202210,97,EUR,European Union,M,Import,156,CHN,China,0,W00,World,H6,HS,True,8418,"Refrigerators, freezers and other refrigerating or freezing equipment, electric or other; heat pumps other than air conditioning machines of heading no. 8415",4,False,C00,TOTAL CPC,0,0,TOTAL MOT,-1,N/A,0.0,True,-1,N/A,0.0,False,37576440.151,True,0.0,False,262845462.97,,262845462.97,6,False,True
C,M,20221001,2022,10,202210,97,EUR,European Union,M,Import,156,CHN,China,0,W00,World,H6,HS,True,8450,Household or laundry-type washing machines; including machines which both wash and dry,4,False,C00,TOTAL CPC,0,0,TOTAL MOT,-1,N/A,0.0,True,-1,N/A,0.0,False,20902284.99,True,0.0,False,72057948.768,,72057948.768,6,False,True
C,M,20221001,2022,10,202210,97,EUR,European Union,M,Import,156,CHN,China,0,W00,World,H6,HS,True,8508,Vacuum cleaners,4,False,C00,TOTAL CPC,0,0,TOTAL MOT,-1,N/A,0.0,False,-1,N/A,0.0,False,19487358.0,False,0.0,False,260067945.501,,260067945.501,0,False,True
C,M,20221001,2022,10,202210,97,EUR,European Union,M,Import,156,CHN,China,0,W00,World,H6,HS,True,8509,"Electro-mechanical domestic appliances; with self-contained electric motor, other than vacuum cleaners of heading 85.08.",4,False,C00,TOTAL CPC,0,0,TOTAL MOT,-1,N/A,0.0,False,-1,N/A,0.0,False,10776718.0,False,0.0,False,132526673.131,,132526673.131,0,False,True
C,M,20221001,2022,10,202210,97,EUR,European Union,M,Import,156,CHN,China,0,W00,World,H6,HS,True,8516,"Electric water, space, soil heaters; electro-thermic hair-dressing apparatus; hand dryers, irons; electro-thermic appliances for domestic purposes; electro heating resistors, not of heading no. 8545",4,False,C00,TOTAL CPC,0,0,TOTAL MOT,-1,N/A,0.0,True,-1,N/A,0.0,False,77678812.964,True,0.0,False,663581725.238,,663581725.238,6,False,True
C,M,20221001,2022,10,202210,97,EUR,European Union,M,Import,156,CHN,China,0,W00,World,H6,HS,True,9401,"Seats (not those of heading no. 9402), whether or not convertible into beds and parts thereof",4,False,C00,TOTAL CPC,0,0,TOTAL MOT,-1,N/A,0.0,True,-1,N/A,0.0,False,77290230.0,False,0.0,False,435615170.87,,435615170.87,2,False,True
C,M,20221001,2022,10,202210,97,EUR,European Union,M,Import,156,CHN,China,0,W00,World,H6,HS,True,9403,"Furniture and parts thereof, n.e.c. in chapter 94",4,False,C00,TOTAL CPC,0,0,TOTAL MOT,-1,N/A,0.0,True,-1,N/A,0.0,False,130787091.368,True,0.0,False,435808496.756,,435808496.756,6,False,True
C,M,20221001,2022,10,202210,97,EUR,European Union,M,Import,156,CHN,China,0,W00,World,H6,HS,True,9405,"Luminaires and light fittings; including searchlights, spotlights and parts thereof, n.e.c.; illuminated signs, name-plates and the like, having permanently fixed light source and parts thereof n.e.c. or included",4,False,C00,TOTAL CPC,0,0,TOTAL MOT,8,kg,59810675.484,True,-1,N/A,0.0,False,59810675.484,True,0.0,False,749822787.926,,749822787.926,6,False,True
C,M,20221001,2022,10,202210,97,EUR,European Union,M,Import,156,CHN,China,0,W00,World,H6,HS,True,9503,"Tricycles, scooters, pedal cars and similar wheeled toys; dolls' carriages; dolls; other toys; reduced-size (scale) models and similar recreational models, working or not; puzzles of all kinds",4,False,C00,TOTAL CPC,0,0,TOTAL MOT,8,kg,68310262.154,True,-1,N/A,0.0,False,68310262.154,True,0.0,False,778052258.211,,778052258.211,6,False,True
C,M,20221101,2022,11,202211,97,EUR,European Union,M,Import,156,CHN,China,0,W00,World,H6,HS,True,3923,"Plastic articles for the conveyance or packing of goods; stoppers, lids, caps and other closures of plastics",4,False,C00,TOTAL CPC,0,0,TOTAL MOT,8,kg,23447099.561,True,-1,N/A,0.0,False,23447099.561,True,0.0,False,157584383.441,,157584383.441,6,False,True
C,M,20221101,2022,11,202211,97,EUR,European Union,M,Import,156,CHN,China,0,W00,World,H6,HS,True,3924,"Tableware, kitchenware, other household articles and hygienic or toilet articles, of plastics",4,False,C00,TOTAL CPC,0,0,TOTAL MOT,8,kg,17683056.0,False,8,kg,17683056.0,False,17683056.0,False,0.0,False,114148131.42,,114148131.42,0,False,True
C,M,20221101,2022,11,202211,97,EUR,European Union,M,Import,156,CHN,China,0,W00,World,H6,HS,True,3926,"Articles of plastics and articles of other materials of heading no. 3901 to 3914, n.e.c. in chapter 39",4,False,C00,TOTAL CPC,0,0,TOTAL MOT,8,kg,55984779.631,True,-1,N/A,0.0,False,55984779.631,True,0.0,False,473127239.154,,473127239.154,6,False,True
C,M,20221101,2022,11,202211,97,EUR,European Union,M,Import,156,CHN,China,0,W00,World,H6,HS,True,8414,"Air or vacuum pumps, air or other gas compressors and fans; ventilating or recycling hoods incorporating a fan; gas-tight biological safety cabinets whether or not fitted with filters",4,False,C00,TOTAL CPC,0,0,TOTAL MOT,-1,N/A,0.0,False,-1,N/A,0.0,False,28447909.0,False,0.0,False,279835368.425,,279835368.425,0,False,True
C,M,20221101,2022,11,202211,97,EUR,European Union,M,Import,156,CHN,China,0,W00,World,H6,HS,True,8415,"Air conditioning machines; comprising a motor driven fan and elements for changing the temperature and humidity, including those machines in which the humidity cannot be separately regulated",4,False,C00,TOTAL CPC,0,0,TOTAL MOT,-1,N/A,0.0,True,-1,N/A,0.0,False,20767729.0,False,0.0,False,223363331.333,,223363331.333,2,False,True
C,M,20221101,2022,11,202211,97,EUR,European Union,M,Import,156,CHN,China,0,W00,World,H6,HS,True,8418,"Refrigerators, freezers and other refrigerating or freezing equipment, electric or other; heat pumps other than air conditioning machines of heading no. 8415",4,False,C00,TOTAL CPC,0,0,TOTAL MOT,-1,N/A,0.0,True,-1,N/A,0.0,False,36923310.954,True,0.0,False,259406232.387,,259406232.387,6,False,True
C,M,20221101,2022,11,202211,97,EUR,European Union,M,Import,156,CHN,China,0,W00,World,H6,HS,True,8450,Household or laundry-type washing machines; including machines which both wash and dry,4,False,C00,TOTAL CPC,0,0,TOTAL MOT,-1,N/A,0.0,True,-1,N/A,0.0,False,23236446.516,True,0.0,False,82729082.693,,82729082.693,6,False,True
C,M,20221101,2022,11,202211,97,EUR,European Union,M,Import,156,CHN,China,0,W00,World,H6,HS,True,8508,Vacuum cleaners,4,False,C00,TOTAL CPC,0,0,TOTAL MOT,-1,N/A,0.0,False,-1,N/A,0.0,False,13851000.0,False,0.0,False,237412175.212,,237412175.212,0,False,True
C,M,20221101,2022,11,202211,97,EUR,European Union,M,Import,156,CHN,China,0,W00,World,H6,HS,True,8509,"Electro-mechanical domestic appliances; with self-contained electric motor, other than vacuum cleaners of heading 85.08.",4,False,C00,TOTAL CPC,0,0,TOTAL MOT,-1,N/A,0.0,True,-1,N/A,0.0,False,11131896.33,True,0.0,False,139949081.179,,139949081.179,6,False,True
C,M,20221101,2022,11,202211,97,EUR,European Union,M,Import,156,CHN,China,0,W00,World,H6,HS,True,8516,"Electric water, space, soil heaters; electro-thermic hair-dressing apparatus; hand dryers, irons; electro-thermic appliances for domestic purposes; electro heating resistors, not of heading no. 8545",4,False,C00,TOTAL CPC,0,0,TOTAL MOT,-1,N/A,0.0,True,-1,N/A,0.0,False,72105849.018,True,0.0,False,621078912.729,,621078912.729,6,False,True
C,M,20221101,2022,11,202211,97,EUR,European Union,M,Import,156,CHN,China,0,W00,World,H6,HS,True,9401,"Seats (not those of heading no. 9402), whether or not convertible into beds and parts thereof",4,False,C00,TOTAL CPC,0,0,TOTAL MOT,-1,N/A,0.0,True,-1,N/A,0.0,False,84123291.889,True,0.0,False,475054310.574,,475054310.574,6,False,True
C,M,20221101,2022,11,202211,97,EUR,European Union,M,Import,156,CHN,China,0,W00,World,H6,HS,True,9403,"Furniture and parts thereof, n.e.c. in chapter 94",4,False,C00,TOTAL CPC,0,0,TOTAL MOT,-1,N/A,0.0,True,-1,N/A,0.0,False,134179800.24,True,0.0,False,454397462.747,,454397462.747,6,False,True
C,M,20221101,2022,11,202211,97,EUR,European Union,M,Import,156,CHN,China,0,W00,World,H6,HS,True,9405,"Luminaires and light fittings; including searchlights, spotlights and parts thereof, n.e.c.; illuminated signs, name-plates and the like, having permanently fixed light source and parts thereof n.e.c. or included",4,False,C00,TOTAL CPC,0,0,TOTAL MOT,8,kg,48729735.758,True,-1,N/A,0.0,False,48729735.758,True,0.0,False,625993118.78,,625993118.78,6,False,True
C,M,20221101,2022,11,202211,97,EUR,European Union,M,Import,156,CHN,China,0,W00,World,H6,HS,True,9503,"Tricycles, scooters, pedal cars and similar wheeled toys; dolls' carriages; dolls; other toys; reduced-size (scale) models and similar recreational models, working or not; puzzles of all kinds",4,False,C00,TOTAL CPC,0,0,TOTAL MOT,8,kg,50125708.531,True,-1,N/A,0.0,False,50125708.531,True,0.0,False,604295479.985,,604295479.985,6,False,True
C,M,20221201,2022,12,202212,97,EUR,European Union,M,Import,156,CHN,China,0,W00,World,H6,HS,True,3923,"Plastic articles for the conveyance or packing of goods; stoppers, lids, caps and other closures of plastics",4,False,C00,TOTAL CPC,0,0,TOTAL MOT,8,kg,24904074.915,True,-1,N/A,0.0,False,24904074.915,True,0.0,False,157449077.735,,157449077.735,6,False,True
C,M,20221201,2022,12,202212,97,EUR,European Union,M,Import,156,CHN,China,0,W00,World,H6,HS,True,3924,"Tableware, kitchenware, other household articles and hygienic or toilet articles, of plastics",4,False,C00,TOTAL CPC,0,0,TOTAL MOT,8,kg,19335016.0,False,8,kg,19335016.0,False,19335016.0,False,0.0,False,109893730.451,,109893730.451,0,False,True
C,M,20221201,2022,12,202212,97,EUR,European Union,M,Import,156,CHN,China,0,W00,World,H6,HS,True,3926,"Articles of plastics and articles of other materials of heading no. 3901 to 3914, n.e.c. in chapter 39",4,False,C00,TOTAL CPC,0,0,TOTAL MOT,8,kg,52371077.317,True,-1,N/A,0.0,False,52371077.317,True,0.0,False,408130347.582,,408130347.582,6,False,True
C,M,20221201,2022,12,202212,97,EUR,European Union,M,Import,156,CHN,China,0,W00,World,H6,HS,True,8414,"Air or vacuum pumps, air or other gas compressors and fans; ventilating or recycling hoods incorporating a fan; gas-tight biological safety cabinets whether or not fitted with filters",4,False,C00,TOTAL CPC,0,0,TOTAL MOT,-1,N/A,0.0,False,-1,N/A,0.0,False,22692320.862,True,0.0,False,217010160.179,,217010160.179,4,False,True
C,M,20221201,2022,12,202212,97,EUR,European Union,M,Import,156,CHN,China,0,W00,World,H6,HS,True,8415,"Air conditioning machines; comprising a motor driven fan and elements for changing the temperature and humidity, including those machines in which the humidity cannot be separately regulated",4,False,C00,TOTAL CPC,0,0,TOTAL MOT,-1,N/A,0.0,True,-1,N/A,0.0,False,21954610.0,False,0.0,False,223323261.347,,223323261.347,2,False,True
C,M,20221201,2022,12,202212,97,EUR,European Union,M,Import,156,CHN,China,0,W00,World,H6,HS,True,8418,"Refrigerators, freezers and other refrigerating or freezing equipment, electric or other; heat pumps other than air conditioning machines of heading no. 8415",4,False,C00,TOTAL CPC,0,0,TOTAL MOT,-1,N/A,0.0,True,-1,N/A,0.0,False,32583688.122,True,0.0,False,225940475.154,,225940475.154,6,False,True
C,M,20221201,2022,12,202212,97,EUR,European Union,M,Import,156,CHN,China,0,W00,World,H6,HS,True,8450,Household or laundry-type washing machines; including machines which both wash and dry,4,False,C00,TOTAL CPC,0,0,TOTAL MOT,-1,N/A,0.0,True,-1,N/A,0.0,False,18225792.43,True,0.0,False,67012845.947,,67012845.947,6,False,True
C,M,20221201,2022,12,202212,97,EUR,European Union,M,Import,156,CHN,China,0,W00,World,H6,HS,True,8508,Vacuum cleaners,4,False,C00,TOTAL CPC,0,0,TOTAL MOT,-1,N/A,0.0,False,-1,N/A,0.0,False,10814580.0,False,0.0,False,171785182.207,,171785182.207,0,False,True
C,M,20221201,2022,12,202212,97,EUR,European Union,M,Import,156,CHN,China,0,W00,World,H6,HS,True,8509,"Electro-mechanical domestic appliances; with self-contained electric motor, other than vacuum cleaners of heading 85.08.",4,False,C00,TOTAL CPC,0,0,TOTAL MOT,-1,N/A,0.0,True,-1,N/A,0.0,False,8448726.759,True,0.0,False,111485449.825,,111485449.825,6,False,True
C,M,20221201,2022,12,202212,97,EUR,European Union,M,Import,156,CHN,China,0,W00,World,H6,HS,True,8516,"Electric water, space, soil heaters; electro-thermic hair-dressing apparatus; hand dryers, irons; electro-thermic appliances for domestic purposes; electro heating resistors, not of heading no. 8545",4,False,C00,TOTAL CPC,0,0,TOTAL MOT,-1,N/A,0.0,True,-1,N/A,0.0,False,54498079.45,True,0.0,False,468037191.717,,468037191.717,6,False,True
C,M,20221201,2022,12,202212,97,EUR,European Union,M,Import,156,CHN,China,0,W00,World,H6,HS,True,9401,"Seats (not those of heading no. 9402), whether or not convertible into beds and parts thereof",4,False,C00,TOTAL CPC,0,0,TOTAL MOT,-1,N/A,0.0,True,-1,N/A,0.0,False,82738903.884,True,0.0,False,446877763.233,,446877763.233,6,False,True
C,M,20221201,2022,12,202212,97,EUR,European Union,M,Import,156,CHN,China,0,W00,World,H6,HS,True,9403,"Furniture and parts thereof, n.e.c. in chapter 94",4,False,C00,TOTAL CPC,0,0,TOTAL MOT,-1,N/A,0.0,True,-1,N/A,0.0,False,124631876.298,True,0.0,False,406521331.388,,406521331.388,6,False,True
C,M,20221201,2022,12,202212,97,EUR,European Union,M,Import,156,CHN,China,0,W00,World,H6,HS,True,9405,"Luminaires and light fittings; including searchlights, spotlights and parts thereof, n.e.c.; illuminated signs, name-plates and the like, having permanently fixed light source and parts thereof n.e.c. or included",4,False,C00,TOTAL CPC,0,0,TOTAL MOT,8,kg,40089441.262,True,-1,N/A,0.0,False,40089441.262,True,0.0,False,499589205.296,,499589205.296,6,False,True
C,M,20221201,2022,12,202212,97,EUR,European Union,M,Import,156,CHN,China,0,W00,World,H6,HS,True,9503,"Tricycles, scooters, pedal cars and similar wheeled toys; dolls' carriages; dolls; other toys; reduced-size (scale) models and similar recreational models, working or not; puzzles of all kinds",4,False,C00,TOTAL CPC,0,0,TOTAL MOT,8,kg,33555689.537,True,-1,N/A,0.0,False,33555689.537,True,0.0,False,406347057.585,,406347057.585,6,False,True
C,M,20230101,2023,1,202301,97,EUR,European Union,M,Import,156,CHN,China,0,W00,World,H6,HS,True,3923,"Plastic articles for the conveyance or packing of goods; stoppers, lids, caps and other closures of plastics",4,False,C00,TOTAL CPC,0,0,TOTAL MOT,8,kg,23395245.152,True,-1,N/A,0.0,False,23395245.152,True,0.0,False,148629100.869,,148629100.869,6,False,True
C,M,20230101,2023,1,202301,97,EUR,European Union,M,Import,156,CHN,China,0,W00,World,H6,HS,True,3924,"Tableware, kitchenware, other household articles and hygienic or toilet articles, of plastics",4,False,C00,TOTAL CPC,0,0,TOTAL MOT,8,kg,19023761.0,False,8,kg,19023761.0,False,19023761.0,False,0.0,False,110043535.874,,110043535.874,0,False,True
C,M,20230101,2023,1,202301,97,EUR,European Union,M,Import,156,CHN,China,0,W00,World,H6,HS,True,3926,"Articles of plastics and articles of other materials of heading no. 3901 to 3914, n.e.c. in chapter 39",4,False,C00,TOTAL CPC,0,0,TOTAL MOT,8,kg,54968126.779,True,-1,N/A,0.0,False,54968126.779,True,0.0,False,439386905.903,,439386905.903,6,False,True
C,M,20230101,2023,1,202301,97,EUR,European Union,M,Import,156,CHN,China,0,W00,World,H6,HS,True,8414,"Air or vacuum pumps, air or other gas compressors and fans; ventilating or recycling hoods incorporating a fan; gas-tight biological safety cabinets whether or not fitted with filters",4,False,C00,TOTAL CPC,0,0,TOTAL MOT,-1,N/A,0.0,False,-1,N/A,0.0,False,33746409.437,True,0.0,False,274488412.287,,274488412.287,4,False,True
C,M,20230101,2023,1,202301,97,EUR,European Union,M,Import,156,CHN,China,0,W00,World,H6,HS,True,8415,"Air conditioning machines; comprising a motor driven fan and elements for changing the temperature and humidity, including those machines in which the humidity cannot be separately regulated",4,False,C00,TOTAL CPC,0,0,TOTAL MOT,-1,N/A,0.0,True,-1,N/A,0.0,False,21839803.201,True,0.0,False,224668011.582,,224668011.582,6,False,True
C,M,20230101,2023,1,202301,97,EUR,European Union,M,Import,156,CHN,China,0,W00,World,H6,HS,True,8418,"Refrigerators, freezers and other refrigerating or freezing equipment, electric or other; heat pumps other than air conditioning machines of heading no. 8415",4,False,C00,TOTAL CPC,0,0,TOTAL MOT,-1,N/A,0.0,True,-1,N/A,0.0,False,35843326.0,False,0.0,False,240676655.609,,240676655.609,2,False,True
C,M,20230101,2023,1,202301,97,EUR,European Union,M,Import,156,CHN,China,0,W00,World,H6,HS,True,8450,Household or laundry-type washing machines; including machines which both wash and dry,4,False,C00,TOTAL CPC,0,0,TOTAL MOT,-1,N/A,0.0,False,-1,N/A,0.0,False,21471817.0,False,0.0,False,77457457.239,,77457457.239,0,False,True
C,M,20230101,2023,1,202301,97,EUR,European Union,M,Import,156,CHN,China,0,W00,World,H6,HS,True,8508,Vacuum cleaners,4,False,C00,TOTAL CPC,0,0,TOTAL MOT,-1,N/A,0.0,False,-1,N/A,0.0,False,12527732.0,False,0.0,False,184807912.823,,184807912.823,0,False,True
C,M,20230101,2023,1,202301,97,EUR,European Union,M,Import,156,CHN,China,0,W00,World,H6,HS,True,8509,"Electro-mechanical domestic appliances; with self-contained electric motor, other than vacuum cleaners of heading 85.08.",4,False,C00,TOTAL CPC,0,0,TOTAL MOT,-1,N/A,0.0,True,-1,N/A,0.0,False,10619816.465,True,0.0,False,125629766.953,,125629766.953,6,False,True
C,M,20230101,2023,1,202301,97,EUR,European Union,M,Import,156,CHN,China,0,W00,World,H6,HS,True,8516,"Electric water, space, soil heaters; electro-thermic hair-dressing apparatus; hand dryers, irons; electro-thermic appliances for domestic purposes; electro heating resistors, not of heading no. 8545",4,False,C00,TOTAL CPC,0,0,TOTAL MOT,-1,N/A,0.0,True,-1,N/A,0.0,False,51675595.358,True,0.0,False,454786919.434,,454786919.434,6,False,True
C,M,20230101,2023,1,202301,97,EUR,European Union,M,Import,156,CHN,China,0,W00,World,H6,HS,True,9401,"Seats (not those of heading no. 9402), whether or not convertible into beds and parts thereof",4,False,C00,TOTAL CPC,0,0,TOTAL MOT,-1,N/A,0.0,True,-1,N/A,0.0,False,103931788.701,True,0.0,False,540487831.87,,540487831.87,6,False,True
C,M,20230101,2023,1,202301,97,EUR,European Union,M,Import,156,CHN,China,0,W00,World,H6,HS,True,9403,"Furniture and parts thereof, n.e.c. in chapter 94",4,False,C00,TOTAL CPC,0,0,TOTAL MOT,-1,N/A,0.0,True,-1,N/A,0.0,False,141311810.547,True,0.0,False,459110781.701,,459110781.701,6,False,True
C,M,20230101,2023,1,202301,97,EUR,European Union,M,Import,156,CHN,China,0,W00,World,H6,HS,True,9405,"Luminaires and light fittings; including searchlights, spotlights and parts thereof, n.e.c.; illuminated signs, name-plates and the like, having permanently fixed light source and parts thereof n.e.c. or included",4,False,C00,TOTAL CPC,0,0,TOTAL MOT,8,kg,49062047.883,True,-1,N/A,0.0,False,49062047.883,True,0.0,False,581768040.813,,581768040.813,6,False,True
C,M,20230101,2023,1,202301,97,EUR,European Union,M,Import,156,CHN,China,0,W00,World,H6,HS,True,9503,"Tricycles, scooters, pedal cars and similar wheeled toys; dolls' carriages; dolls; other toys; reduced-size (scale) models and similar recreational models, working or not; puzzles of all kinds",4,False,C00,TOTAL CPC,0,0,TOTAL MOT,8,kg,37286576.821,True,-1,N/A,0.0,False,37286576.821,True,0.0,False,405416479.856,,405416479.856,6,False,True
C,M,20230201,2023,2,202302,97,EUR,European Union,M,Import,156,CHN,China,0,W00,World,H6,HS,True,3923,"Plastic articles for the conveyance or packing of goods; stoppers, lids, caps and other closures of plastics",4,False,C00,TOTAL CPC,0,0,TOTAL MOT,8,kg,20698743.956,True,-1,N/A,0.0,False,20698743.956,True,0.0,False,130602967.928,,130602967.928,6,False,True
C,M,20230201,2023,2,202302,97,EUR,European Union,M,Import,156,CHN,China,0,W00,World,H6,HS,True,3924,"Tableware, kitchenware, other household articles and hygienic or toilet articles, of plastics",4,False,C00,TOTAL CPC,0,0,TOTAL MOT,8,kg,18278325.0,False,8,kg,18278325.0,False,18278325.0,False,0.0,False,100943527.196,,100943527.196,0,False,True
C,M,20230201,2023,2,202302,97,EUR,European Union,M,Import,156,CHN,China,0,W00,World,H6,HS,True,3926,"Articles of plastics and articles of other materials of heading no. 3901 to 3914, n.e.c. in chapter 39",4,False,C00,TOTAL CPC,0,0,TOTAL MOT,8,kg,54659666.198,True,-1,N/A,0.0,False,54659666.198,True,0.0,False,382035256.044,,382035256.044,6,False,True
C,M,20230201,2023,2,202302,97,EUR,European Union,M,Import,156,CHN,China,0,W00,World,H6,HS,True,8414,"Air or vacuum pumps, air or other gas compressors and fans; ventilating or recycling hoods incorporating a fan; gas-tight biological safety cabinets whether or not fitted with filters",4,False,C00,TOTAL CPC,0,0,TOTAL MOT,-1,N/A,0.0,False,-1,N/A,0.0,False,37491567.705,True,0.0,False,290303756.409,,290303756.409,4,False,True
C,M,20230201,2023,2,202302,97,EUR,European Union,M,Import,156,CHN,China,0,W00,World,H6,HS,True,8415,"Air conditioning machines; comprising a motor driven fan and elements for changing the temperature and humidity, including those machines in which the humidity cannot be separately regulated",4,False,C00,TOTAL CPC,0,0,TOTAL MOT,-1,N/A,0.0,True,-1,N/A,0.0,False,35296317.0,False,0.0,False,331152055.644,,331152055.644,2,False,True
C,M,20230201,2023,2,202302,97,EUR,European Union,M,Import,156,CHN,China,0,W00,World,H6,HS,True,8418,"Refrigerators, freezers and other refrigerating or freezing equipment, electric or other; heat pumps other than air conditioning machines of heading no. 8415",4,False,C00,TOTAL CPC,0,0,TOTAL MOT,-1,N/A,0.0,True,-1,N/A,0.0,False,42839543.0,False,0.0,False,300474319.313,,300474319.313,2,False,True
C,M,20230201,2023,2,202302,97,EUR,European Union,M,Import,156,CHN,China,0,W00,World,H6,HS,True,8450,Household or laundry-type washing machines; including machines which both wash and dry,4,False,C00,TOTAL CPC,0,0,TOTAL MOT,-1,N/A,0.0,False,-1,N/A,0.0,False,19972312.0,False,0.0,False,72657241.531,,72657241.531,0,False,True
C,M,20230201,2023,2,202302,97,EUR,European Union,M,Import,156,CHN,China,0,W00,World,H6,HS,True,8508,Vacuum cleaners,4,False,C00,TOTAL CPC,0,0,TOTAL MOT,-1,N/A,0.0,False,-1,N/A,0.0,False,12032970.0,False,0.0,False,193214973.579,,193214973.579,0,False,True
C,M,20230201,2023,2,202302,97,EUR,European Union,M,Import,156,CHN,China,0,W00,World,H6,HS,True,8509,"Electro-mechanical domestic appliances; with self-contained electric motor, other than vacuum cleaners of heading 85.08.",4,False,C00,TOTAL CPC,0,0,TOTAL MOT,-1,N/A,0.0,True,-1,N/A,0.0,False,11767356.0,False,0.0,False,136533714.702,,136533714.702,2,False,True
C,M,20230201,2023,2,202302,97,EUR,European Union,M,Import,156,CHN,China,0,W00,World,H6,HS,True,8516,"Electric water, space, soil heaters; electro-thermic hair-dressing apparatus; hand dryers, irons; electro-thermic appliances for domestic purposes; electro heating resistors, not of heading no. 8545",4,False,C00,TOTAL CPC,0,0,TOTAL MOT,-1,N/A,0.0,True,-1,N/A,0.0,False,50278701.505,True,0.0,False,434438223.01,,434438223.01,6,False,True
C,M,20230201,2023,2,202302,97,EUR,European Union,M,Import,156,CHN,China,0,W00,World,H6,HS,True,9401,"Seats (not those of heading no. 9402), whether or not convertible into beds and parts thereof",4,False,C00,TOTAL CPC,0,0,TOTAL MOT,-1,N/A,0.0,True,-1,N/A,0.0,False,101957692.739,True,0.0,False,486618157.312,,486618157.312,6,False,True
C,M,20230201,2023,2,202302,97,EUR,European Union,M,Import,156,CHN,China,0,W00,World,H6,HS,True,9403,"Furniture and parts thereof, n.e.c. in chapter 94",4,False,C00,TOTAL CPC,0,0,TOTAL MOT,-1,N/A,0.0,True,-1,N/A,0.0,False,140030605.848,True,0.0,False,431321563.662,,431321563.662,6,False,True
C,M,20230201,2023,2,202302,97,EUR,European Union,M,Import,156,CHN,China,0,W00,World,H6,HS,True,9405,"Luminaires and light fittings; including searchlights, spotlights and parts thereof, n.e.c.; illuminated signs, name-plates and the like, having permanently fixed light source and parts thereof n.e.c. or included",4,False,C00,TOTAL CPC,0,0,TOTAL MOT,8,kg,45639564.63,True,-1,N/A,0.0,False,45639564.63,True,0.0,False,526716109.168,,526716109.168,6,False,True
C,M,20230201,2023,2,202302,97,EUR,European Union,M,Import,156,CHN,China,0,W00,World,H6,HS,True,9503,"Tricycles, scooters, pedal cars and similar wheeled toys; dolls' carriages; dolls; other toys; reduced-size (scale) models and similar recreational models, working or not; puzzles of all kinds",4,False,C00,TOTAL CPC,0,0,TOTAL MOT,8,kg,39928756.78,True,-1,N/A,0.0,False,39928756.78,True,0.0,False,407981361.727,,407981361.727,6,False,True
C,M,20230301,2023,3,202303,97,EUR,European Union,M,Import,156,CHN,China,0,W00,World,H6,HS,True,3923,"Plastic articles for the conveyance or packing of goods; stoppers, lids, caps and other closures of plastics",4,False,C00,TOTAL CPC,0,0,TOTAL MOT,8,kg,19155932.502,True,-1,N/A,0.0,False,19155932.502,True,0.0,False,129977308.36,,129977308.36,6,False,True
C,M,20230301,2023,3,202303,97,EUR,European Union,M,Import,156,CHN,China,0,W00,World,H6,HS,True,3924,"Tableware, kitchenware, other household articles and hygienic or toilet articles, of plastics",4,False,C00,TOTAL CPC,0,0,TOTAL MOT,8,kg,14315738.0,False,8,kg,14315738.0,False,14315738.0,False,0.0,False,81372310.181,,81372310.181,0,False,True
C,M,20230301,2023,3,202303,97,EUR,European Union,M,Import,156,CHN,China,0,W00,World,H6,HS,True,3926,"Articles of plastics and articles of other materials of heading no. 3901 to 3914, n.e.c. in chapter 39",4,False,C00,TOTAL CPC,0,0,TOTAL MOT,8,kg,47340664.097,True,-1,N/A,0.0,False,47340664.097,True,0.0,False,369791995.667,,369791995.667,6,False,True
C,M,20230301,2023,3,202303,97,EUR,European Union,M,Import,156,CHN,China,0,W00,World,H6,HS,True,8414,"Air or vacuum pumps, air or other gas compressors and fans; ventilating or recycling hoods incorporating a fan; gas-tight biological safety cabinets whether or not fitted with filters",4,False,C00,TOTAL CPC,0,0,TOTAL MOT,-1,N/A,0.0,False,-1,N/A,0.0,False,36610234.413,True,0.0,False,299851119.184,,299851119.184,4,False,True
C,M,20230301,2023,3,202303,97,EUR,European Union,M,Import,156,CHN,China,0,W00,World,H6,HS,True,8415,"Air conditioning machines; comprising a motor driven fan and elements for changing the temperature and humidity, including those machines in which the humidity cannot be separately regulated",4,False,C00,TOTAL CPC,0,0,TOTAL MOT,-1,N/A,0.0,False,-1,N/A,0.0,False,47743062.0,False,0.0,False,420214921.253,,420214921.253,0,False,True
C,M,20230301,2023,3,202303,97,EUR,European Union,M,Import,156,CHN,China,0,W00,World,H6,HS,True,8418,"Refrigerators, freezers and other refrigerating or freezing equipment, electric or other; heat pumps other than air conditioning machines of heading no. 8415",4,False,C00,TOTAL CPC,0,0,TOTAL MOT,-1,N/A,0.0,True,-1,N/A,0.0,False,44455538.0,False,0.0,False,301252431.514,,301252431.514,2,False,True
C,M,20230301,2023,3,202303,97,EUR,European Union,M,Import,156,CHN,China,0,W00,World,H6,HS,True,8450,Household or laundry-type washing machines; including machines which both wash and dry,4,False,C00,TOTAL CPC,0,0,TOTAL MOT,-1,N/A,0.0,True,-1,N/A,0.0,False,19240987.517,True,0.0,False,65699871.642,,65699871.642,6,False,True
C,M,20230301,2023,3,202303,97,EUR,European Union,M,Import,156,CHN,China,0,W00,World,H6,HS,True,8508,Vacuum cleaners,4,False,C00,TOTAL CPC,0,0,TOTAL MOT,-1,N/A,0.0,True,-1,N/A,0.0,False,8922929.273,True,0.0,False,123135016.905,,123135016.905,6,False,True
C,M,20230301,2023,3,202303,97,EUR,European Union,M,Import,156,CHN,China,0,W00,World,H6,HS,True,8509,"Electro-mechanical domestic appliances; with self-contained electric motor, other than vacuum cleaners of heading 85.08.",4,False,C00,TOTAL CPC,0,0,TOTAL MOT,-1,N/A,0.0,True,-1,N/A,0.0,False,7512100.0,False,0.0,False,95802930.716,,95802930.716,2,False,True
C,M,20230301,2023,3,202303,97,EUR,European Union,M,Import,156,CHN,China,0,W00,World,H6,HS,True,8516,"Electric water, space, soil heaters; electro-thermic hair-dressing apparatus; hand dryers, irons; electro-thermic appliances for domestic purposes; electro heating resistors, not of heading no. 8545",4,False,C00,TOTAL CPC,0,0,TOTAL MOT,-1,N/A,0.0,True,-1,N/A,0.0,False,38793626.627,True,0.0,False,334987584.446,,334987584.446,6,False,True
C,M,20230301,2023,3,202303,97,EUR,European Union,M,Import,156,CHN,China,0,W00,World,H6,HS,True,9401,"Seats (not those of heading no. 9402), whether or not convertible into beds and parts thereof",4,False,C00,TOTAL CPC,0,0,TOTAL MOT,-1,N/A,0.0,True,-1,N/A,0.0,False,80540760.0,False,0.0,False,378946790.502,,378946790.502,2,False,True
C,M,20230301,2023,3,202303,97,EUR,European Union,M,Import,156,CHN,China,0,W00,World,H6,HS,True,9403,"Furniture and parts thereof, n.e.c. in chapter 94",4,False,C00,TOTAL CPC,0,0,TOTAL MOT,-1,N/A,0.0,True,-1,N/A,0.0,False,106995469.0,False,0.0,False,336751603.737,,336751603.737,2,False,True
C,M,20230301,2023,3,202303,97,EUR,European Union,M,Import,156,CHN,China,0,W00,World,H6,HS,True,9405,"Luminaires and light fittings; including searchlights, spotlights and parts thereof, n.e.c.; illuminated signs, name-plates and the like, having permanently fixed light source and parts thereof n.e.c. or included",4,False,C00,TOTAL CPC,0,0,TOTAL MOT,8,kg,34119429.429,True,-1,N/A,0.0,False,34119429.429,True,0.0,False,426642669.207,,426642669.207,6,False,True
C,M,20230301,2023,3,202303,97,EUR,European Union,M,Import,156,CHN,China,0,W00,World,H6,HS,True,9503,"Tricycles, scooters, pedal cars and similar wheeled toys; dolls' carriages; dolls; other toys; reduced-size (scale) models and similar recreational models, working or not; puzzles of all kinds",4,False,C00,TOTAL CPC,0,0,TOTAL MOT,8,kg,31183256.568,True,-1,N/A,0.0,False,31183256.568,True,0.0,False,344042873.981,,344042873.981,6,False,True
C,M,20230401,2023,4,202304,97,EUR,European Union,M,Import,156,CHN,China,0,W00,World,H6,HS,True,3923,"Plastic articles for the conveyance or packing of goods; stoppers, lids, caps and other closures of plastics",4,False,C00,TOTAL CPC,0,0,TOTAL MOT,8,kg,20591511.236,True,-1,N/A,0.0,False,20591511.236,True,0.0,False,136581567.717,,136581567.717,6,False,True
C,M,20230401,2023,4,202304,97,EUR,European Union,M,Import,156,CHN,China,0,W00,World,H6,HS,True,3924,"Tableware, kitchenware, other household articles and hygienic or toilet articles, of plastics",4,False,C00,TOTAL CPC,0,0,TOTAL MOT,8,kg,16324746.0,False,8,kg,16324746.0,False,16324746.0,False,0.0,False,91017206.674,,91017206.674,0,False,True
C,M,20230401,2023,4,202304,97,EUR,European Union,M,Import,156,CHN,China,0,W00,World,H6,HS,True,3926,"Articles of plastics and articles of other materials of heading no. 3901 to 3914, n.e.c. in chapter 39",4,False,C00,TOTAL CPC,0,0,TOTAL MOT,8,kg,51225578.422,True,-1,N/A,0.0,False,51225578.422,True,0.0,False,380812107.535,,380812107.535,6,False,True
C,M,20230401,2023,4,202304,97,EUR,European Union,M,Import,156,CHN,China,0,W00,World,H6,HS,True,8414,"Air or vacuum pumps, air or other gas compressors and fans; ventilating or recycling hoods incorporating a fan; gas-tight biological safety cabinets whether or not fitted with filters",4,False,C00,TOTAL CPC,0,0,TOTAL MOT,-1,N/A,0.0,True,-1,N/A,0.0,False,43616758.822,True,0.0,False,341790693.622,,341790693.622,6,False,True
C,M,20230401,2023,4,202304,97,EUR,European Union,M,Import,156,CHN,China,0,W00,World,H6,HS,True,8415,"Air conditioning machines; comprising a motor driven fan and elements for changing the temperature and humidity, including those machines in which the humidity cannot be separately regulated",4,False,C00,TOTAL CPC,0,0,TOTAL MOT,-1,N/A,0.0,False,-1,N/A,0.0,False,56520079.0,False,0.0,False,487842446.363,,487842446.363,0,False,True
C,M,20230401,2023,4,202304,97,EUR,European Union,M,Import,156,CHN,China,0,W00,World,H6,HS,True,8418,"Refrigerators, freezers and other refrigerating or freezing equipment, electric or other; heat pumps other than air conditioning machines of heading no. 8415",4,False,C00,TOTAL CPC,0,0,TOTAL MOT,-1,N/A,0.0,True,-1,N/A,0.0,False,53951904.645,True,0.0,False,319468196.112,,319468196.112,6,False,True
C,M,20230401,2023,4,202304,97,EUR,European Union,M,Import,156,CHN,China,0,W00,World,H6,HS,True,8450,Household or laundry-type washing machines; including machines which both wash and dry,4,False,C00,TOTAL CPC,0,0,TOTAL MOT,-1,N/A,0.0,True,-1,N/A,0.0,False,24289711.804,True,0.0,False,85439292.969,,85439292.969,6,False,True
C,M,20230401,2023,4,202304,97,EUR,European Union,M,Import,156,CHN,China,0,W00,World,H6,HS,True,8508,Vacuum cleaners,4,False,C00,TOTAL CPC,0,0,TOTAL MOT,-1,N/A,0.0,False,-1,N/A,0.0,False,11758366.0,False,0.0,False,169600093.916,,169600093.916,0,False,True
C,M,20230401,2023,4,202304,97,EUR,European Union,M,Import,156,CHN,China,0,W00,World,H6,HS,True,8509,"Electro-mechanical domestic appliances; with self-contained electric motor, other than vacuum cleaners of heading 85.08.",4,False,C00,TOTAL CPC,0,0,TOTAL MOT,-1,N/A,0.0,True,-1,N/A,0.0,False,10457344.63,True,0.0,False,121355075.696,,121355075.696,6,False,True
C,M,20230401,2023,4,202304,97,EUR,European Union,M,Import,156,CHN,China,0,W00,World,H6,HS,True,8516,"Electric water, space, soil heaters; electro-thermic hair-dressing apparatus; hand dryers, irons; electro-thermic appliances for domestic purposes; electro heating resistors, not of heading no. 8545",4,False,C00,TOTAL CPC,0,0,TOTAL MOT,-1,N/A,0.0,True,-1,N/A,0.0,False,48039551.578,True,0.0,False,412163673.766,,412163673.766,6,False,True
C,M,20230401,2023,4,202304,97,EUR,European Union,M,Import,156,CHN,China,0,W00,World,H6,HS,True,9401,"Seats (not those of heading no. 9402), whether or not convertible into beds and parts thereof",4,False,C00,TOTAL CPC,0,0,TOTAL MOT,-1,N/A,0.0,True,-1,N/A,0.0,False,94298840.0,False,0.0,False,441484859.069,,441484859.069,2,False,True
C,M,20230401,2023,4,202304,97,EUR,European Union,M,Import,156,CHN,China,0,W00,World,H6,HS,True,9403,"Furniture and parts thereof, n.e.c. in chapter 94",4,False,C00,TOTAL CPC,0,0,TOTAL MOT,-1,N/A,0.0,True,-1,N/A,0.0,False,127359379.202,True,0.0,False,377874328.563,,377874328.563,6,False,True
C,M,20230401,2023,4,202304,97,EUR,European Union,M,Import,156,CHN,China,0,W00,World,H6,HS,True,9405,"Luminaires and light fittings; including searchlights, spotlights and parts thereof, n.e.c.; illuminated signs, name-plates and the like, having permanently fixed light source and parts thereof n.e.c. or included",4,False,C00,TOTAL CPC,0,0,TOTAL MOT,8,kg,35433788.266,True,-1,N/A,0.0,False,35433788.266,True,0.0,False,442970711.234,,442970711.234,6,False,True
C,M,20230401,2023,4,202304,97,EUR,European Union,M,Import,156,CHN,China,0,W00,World,H6,HS,True,9503,"Tricycles, scooters, pedal cars and similar wheeled toys; dolls' carriages; dolls; other toys; reduced-size (scale) models and similar recreational models, working or not; puzzles of all kinds",4,False,C00,TOTAL CPC,0,0,TOTAL MOT,8,kg,33488842.995,True,-1,N/A,0.0,False,33488842.995,True,0.0,False,338279527.617,,338279527.617,6,False,True
C,M,20230501,2023,5,202305,97,EUR,European Union,M,Import,156,CHN,China,0,W00,World,H6,HS,True,3923,"Plastic articles for the conveyance or packing of goods; stoppers, lids, caps and other closures of plastics",4,False,C00,TOTAL CPC,0,0,TOTAL MOT,8,kg,29042903.039,True,-1,N/A,0.0,False,29042903.039,True,0.0,False,173543797.586,,173543797.586,6,False,True
C,M,20230501,2023,5,202305,97,EUR,European Union,M,Import,156,CHN,China,0,W00,World,H6,HS,True,3924,"Tableware, kitchenware, other household articles and hygienic or toilet articles, of plastics",4,False,C00,TOTAL CPC,0,0,TOTAL MOT,8,kg,22626926.0,False,8,kg,22626926.0,False,22626926.0,False,0.0,False,120877603.891,,120877603.891,0,False,True
C,M,20230501,2023,5,202305,97,EUR,European Union,M,Import,156,CHN,China,0,W00,World,H6,HS,True,3926,"Articles of plastics and articles of other materials of heading no. 3901 to 3914, n.e.c. in chapter 39",4,False,C00,TOTAL CPC,0,0,TOTAL MOT,8,kg,66465650.408,True,-1,N/A,0.0,False,66465650.408,True,0.0,False,453340739.108,,453340739.108,6,False,True
C,M,20230501,2023,5,202305,97,EUR,European Union,M,Import,156,CHN,China,0,W00,World,H6,HS,True,8414,"Air or vacuum pumps, air or other gas compressors and fans; ventilating or recycling hoods incorporating a fan; gas-tight biological safety cabinets whether or not fitted with filters",4,False,C00,TOTAL CPC,0,0,TOTAL MOT,-1,N/A,0.0,True,-1,N/A,0.0,False,47619388.707,True,0.0,False,355089402.801,,355089402.801,6,False,True
C,M,20230501,2023,5,202305,97,EUR,European Union,M,Import,156,CHN,China,0,W00,World,H6,HS,True,8415,"Air conditioning machines; comprising a motor driven fan and elements for changing the temperature and humidity, including those machines in which the humidity cannot be separately regulated",4,False,C00,TOTAL CPC,0,0,TOTAL MOT,-1,N/A,0.0,True,-1,N/A,0.0,False,64845207.0,False,0.0,False,522931098.123,,522931098.123,2,False,True
C,M,20230501,2023,5,202305,97,EUR,European Union,M,Import,156,CHN,China,0,W00,World,H6,HS,True,8418,"Refrigerators, freezers and other refrigerating or freezing equipment, electric or other; heat pumps other than air conditioning machines of heading no. 8415",4,False,C00,TOTAL CPC,0,0,TOTAL MOT,-1,N/A,0.0,True,-1,N/A,0.0,False,73450330.601,True,0.0,False,396053569.217,,396053569.217,6,False,True
C,M,20230501,2023,5,202305,97,EUR,European Union,M,Import,156,CHN,China,0,W00,World,H6,HS,True,8450,Household or laundry-type washing machines; including machines which both wash and dry,4,False,C00,TOTAL CPC,0,0,TOTAL MOT,-1,N/A,0.0,True,-1,N/A,0.0,False,29181804.472,True,0.0,False,100296610.675,,100296610.675,6,False,True
C,M,20230501,2023,5,202305,97,EUR,European Union,M,Import,156,CHN,China,0,W00,World,H6,HS,True,8508,Vacuum cleaners,4,False,C00,TOTAL CPC,0,0,TOTAL MOT,-1,N/A,0.0,False,-1,N/A,0.0,False,15047032.0,False,0.0,False,239186415.51,,239186415.51,0,False,True
C,M,20230501,2023,5,202305,97,EUR,European Union,M,Import,156,CHN,China,0,W00,World,H6,HS,True,8509,"Electro-mechanical domestic appliances; with self-contained electric motor, other than vacuum cleaners of heading 85.08.",4,False,C00,TOTAL CPC,0,0,TOTAL MOT,-1,N/A,0.0,True,-1,N/A,0.0,False,12392722.0,False,0.0,False,144997321.361,,144997321.361,2,False,True
C,M,20230501,2023,5,202305,97,EUR,European Union,M,Import,156,CHN,China,0,W00,World,H6,HS,True,8516,"Electric water, space, soil heaters; electro-thermic hair-dressing apparatus; hand dryers, irons; electro-thermic appliances for domestic purposes; electro heating resistors, not of heading no. 8545",4,False,C00,TOTAL CPC,0,0,TOTAL MOT,-1,N/A,0.0,True,-1,N/A,0.0,False,63869016.653,True,0.0,False,505801558.789,,505801558.789,6,False,True
C,M,20230501,2023,5,202305,97,EUR,European Union,M,Import,156,CHN,China,0,W00,World,H6,HS,True,9401,"Seats (not those of heading no. 9402), whether or not convertible into beds and parts thereof",4,False,C00,TOTAL CPC,0,0,TOTAL MOT,-1,N/A,0.0,True,-1,N/A,0.0,False,123392203.43,True,0.0,False,538574865.46,,538574865.46,6,False,True
C,M,20230501,2023,5,202305,97,EUR,European Union,M,Import,156,CHN,China,0,W00,World,H6,HS,True,9403,"Furniture and parts thereof, n.e.c. in chapter 94",4,False,C00,TOTAL CPC,0,0,TOTAL MOT,-1,N/A,0.0,True,-1,N/A,0.0,False,170682836.221,True,0.0,False,478433108.696,,478433108.696,6,False,True
C,M,20230501,2023,5,202305,97,EUR,European Union,M,Import,156,CHN,China,0,W00,World,H6,HS,True,9405,"Luminaires and light fittings; including searchlights, spotlights and parts thereof, n.e.c.; illuminated signs, name-plates and the like, having permanently fixed light source and parts thereof n.e.c. or included",4,False,C00,TOTAL CPC,0,0,TOTAL MOT,8,kg,52013809.0,False,8,kg,52013809.0,False,52013809.0,False,0.0,False,608701779.031,,608701779.031,0,False,True
C,M,20230501,2023,5,202305,97,EUR,European Union,M,Import,156,CHN,China,0,W00,World,H6,HS,True,9503,"Tricycles, scooters, pedal cars and similar wheeled toys; dolls' carriages; dolls; other toys; reduced-size (scale) models and similar recreational models, working or not; puzzles of all kinds",4,False,C00,TOTAL CPC,0,0,TOTAL MOT,8,kg,41429600.813,True,-1,N/A,0.0,False,41429600.813,True,0.0,False,408467266.688,,408467266.688,6,False,True
C,M,20230601,2023,6,202306,97,EUR,European Union,M,Import,156,CHN,China,0,W00,World,H6,HS,True,3923,"Plastic articles for the conveyance or packing of goods; stoppers, lids, caps and other closures of plastics",4,False,C00,TOTAL CPC,0,0,TOTAL MOT,8,kg,26350243.031,True,-1,N/A,0.0,False,26350243.031,True,0.0,False,166320553.942,,166320553.942,6,False,True
C,M,20230601,2023,6,202306,97,EUR,European Union,M,Import,156,CHN,China,0,W00,World,H6,HS,True,3924,"Tableware, kitchenware, other household articles and hygienic or toilet articles, of plastics",4,False,C00,TOTAL CPC,0,0,TOTAL MOT,8,kg,22078757.0,False,8,kg,22078757.0,False,22078757.0,False,0.0,False,120269359.788,,120269359.788,0,False,True
C,M,20230601,2023,6,202306,97,EUR,European Union,M,Import,156,CHN,China,0,W00,World,H6,HS,True,3926,"Articles of plastics and articles of other materials of heading no. 3901 to 3914, n.e.c. in chapter 39",4,False,C00,TOTAL CPC,0,0,TOTAL MOT,8,kg,57885557.086,True,-1,N/A,0.0,False,57885557.086,True,0.0,False,416676126.076,,416676126.076,6,False,True
C,M,20230601,2023,6,202306,97,EUR,European Union,M,Import,156,CHN,China,0,W00,World,H6,HS,True,8414,"Air or vacuum pumps, air or other gas compressors and fans; ventilating or recycling hoods incorporating a fan; gas-tight biological safety cabinets whether or not fitted with filters",4,False,C00,TOTAL CPC,0,0,TOTAL MOT,-1,N/A,0.0,True,-1,N/A,0.0,False,37112721.448,True,0.0,False,303695925.25,,303695925.25,6,False,True
C,M,20230601,2023,6,202306,97,EUR,European Union,M,Import,156,CHN,China,0,W00,World,H6,HS,True,8415,"Air conditioning machines; comprising a motor driven fan and elements for changing the temperature and humidity, including those machines in which the humidity cannot be separately regulated",4,False,C00,TOTAL CPC,0,0,TOTAL MOT,-1,N/A,0.0,True,-1,N/A,0.0,False,48440882.0,False,0.0,False,401864221.012,,401864221.012,2,False,True
C,M,20230601,2023,6,202306,97,EUR,European Union,M,Import,156,CHN,China,0,W00,World,H6,HS,True,8418,"Refrigerators, freezers and other refrigerating or freezing equipment, electric or other; heat pumps other than air conditioning machines of heading no. 8415",4,False,C00,TOTAL CPC,0,0,TOTAL MOT,-1,N/A,0.0,True,-1,N/A,0.0,False,69714843.0,False,0.0,False,356014683.01,,356014683.01,2,False,True
C,M,20230601,2023,6,202306,97,EUR,European Union,M,Import,156,CHN,China,0,W00,World,H6,HS,True,8450,Household or laundry-type washing machines; including machines which both wash and dry,4,False,C00,TOTAL CPC,0,0,TOTAL MOT,-1,N/A,0.0,True,-1,N/A,0.0,False,29847425.052,True,0.0,False,97064295.762,,97064295.762,6,False,True
C,M,20230601,2023,6,202306,97,EUR,European Union,M,Import,156,CHN,China,0,W00,World,H6,HS,True,8508,Vacuum cleaners,4,False,C00,TOTAL CPC,0,0,TOTAL MOT,-1,N/A,0.0,False,-1,N/A,0.0,False,13309619.976,True,0.0,False,220631795.701,,220631795.701,4,False,True
C,M,20230601,2023,6,202306,97,EUR,European Union,M,Import,156,CHN,China,0,W00,World,H6,HS,True,8509,"Electro-mechanical domestic appliances; with self-contained electric motor, other than vacuum cleaners of heading 85.08.",4,False,C00,TOTAL CPC,0,0,TOTAL MOT,-1,N/A,0.0,True,-1,N/A,0.0,False,12003342.0,False,0.0,False,136358279.915,,136358279.915,2,False,True
C,M,20230601,2023,6,202306,97,EUR,European Union,M,Import,156,CHN,China,0,W00,World,H6,HS,True,8516,"Electric water, space, soil heaters; electro-thermic hair-dressing apparatus; hand dryers, irons; electro-thermic appliances for domestic purposes; electro heating resistors, not of heading no. 8545",4,False,C00,TOTAL CPC,0,0,TOTAL MOT,-1,N/A,0.0,True,-1,N/A,0.0,False,62111330.404,True,0.0,False,481202099.753,,481202099.753,6,False,True
C,M,20230601,2023,6,202306,97,EUR,European Union,M,Import,156,CHN,China,0,W00,World,H6,HS,True,9401,"Seats (not those of heading no. 9402), whether or not convertible into beds and parts thereof",4,False,C00,TOTAL CPC,0,0,TOTAL MOT,-1,N/A,0.0,True,-1,N/A,0.0,False,107529788.332,True,0.0,False,467262327.84,,467262327.84,6,False,True
C,M,20230601,2023,6,202306,97,EUR,European Union,M,Import,156,CHN,China,0,W00,World,H6,HS,True,9403,"Furniture and parts thereof, n.e.c. in chapter 94",4,False,C00,TOTAL CPC,0,0,TOTAL MOT,-1,N/A,0.0,True,-1,N/A,0.0,False,163745414.0,False,0.0,False,439294768.657,,439294768.657,2,False,True
C,M,20230601,2023,6,202306,97,EUR,European Union,M,Import,156,CHN,China,0,W00,World,H6,HS,True,9405,"Luminaires and light fittings; including searchlights, spotlights and parts thereof, n.e.c.; illuminated signs, name-plates and the like, having permanently fixed light source and parts thereof n.e.c. or included",4,False,C00,TOTAL CPC,0,0,TOTAL MOT,8,kg,47669026.0,False,8,kg,47669026.0,False,47669026.0,False,0.0,False,553317887.935,,553317887.935,0,False,True
C,M,20230601,2023,6,202306,97,EUR,European Union,M,Import,156,CHN,China,0,W00,World,H6,HS,True,9503,"Tricycles, scooters, pedal cars and similar wheeled toys; dolls' carriages; dolls; other toys; reduced-size (scale) models and similar recreational models, working or not; puzzles of all kinds",4,False,C00,TOTAL CPC,0,0,TOTAL MOT,8,kg,39706509.0,False,8,kg,39706509.0,False,39706509.0,False,0.0,False,415569588.463,,415569588.463,0,False,True
C,M,20230701,2023,7,202307,97,EUR,European Union,M,Import,156,CHN,China,0,W00,World,H6,HS,True,3923,"Plastic articles for the conveyance or packing of goods; stoppers, lids, caps and other closures of plastics",4,False,C00,TOTAL CPC,0,0,TOTAL MOT,8,kg,25376339.466,True,-1,N/A,0.0,False,25376339.466,True,0.0,False,157778442.9,,157778442.9,6,False,True
C,M,20230701,2023,7,202307,97,EUR,European Union,M,Import,156,CHN,China,0,W00,World,H6,HS,True,3924,"Tableware, kitchenware, other household articles and hygienic or toilet articles, of plastics",4,False,C00,TOTAL CPC,0,0,TOTAL MOT,8,kg,22164371.0,False,8,kg,22164371.0,False,22164371.0,False,0.0,False,114659322.733,,114659322.733,0,False,True
C,M,20230701,2023,7,202307,97,EUR,European Union,M,Import,156,CHN,China,0,W00,World,H6,HS,True,3926,"Articles of plastics and articles of other materials of heading no. 3901 to 3914, n.e.c. in chapter 39",4,False,C00,TOTAL CPC,0,0,TOTAL MOT,8,kg,56878478.0,False,-1,N/A,0.0,False,56878478.0,False,0.0,False,416015924.313,,416015924.313,0,False,True
C,M,20230701,2023,7,202307,97,EUR,European Union,M,Import,156,CHN,China,0,W00,World,H6,HS,True,8414,"Air or vacuum pumps, air or other gas compressors and fans; ventilating or recycling hoods incorporating a fan; gas-tight biological safety cabinets whether or not fitted with filters",4,False,C00,TOTAL CPC,0,0,TOTAL MOT,-1,N/A,0.0,False,-1,N/A,0.0,False,30642502.238,True,0.0,False,264613157.591,,264613157.591,4,False,True
C,M,20230701,2023,7,202307,97,EUR,European Union,M,Import,156,CHN,China,0,W00,World,H6,HS,True,8415,"Air conditioning machines; comprising a motor driven fan and elements for changing the temperature and humidity, including those machines in which the humidity cannot be separately regulated",4,False,C00,TOTAL CPC,0,0,TOTAL MOT,-1,N/A,0.0,True,-1,N/A,0.0,False,35695521.0,False,0.0,False,309235581.404,,309235581.404,2,False,True
C,M,20230701,2023,7,202307,97,EUR,European Union,M,Import,156,CHN,China,0,W00,World,H6,HS,True,8418,"Refrigerators, freezers and other refrigerating or freezing equipment, electric or other; heat pumps other than air conditioning machines of heading no. 8415",4,False,C00,TOTAL CPC,0,0,TOTAL MOT,-1,N/A,0.0,True,-1,N/A,0.0,False,64866180.333,True,0.0,False,325400127.952,,325400127.952,6,False,True
C,M,20230701,2023,7,202307,97,EUR,European Union,M,Import,156,CHN,China,0,W00,World,H6,HS,True,8450,Household or laundry-type washing machines; including machines which both wash and dry,4,False,C00,TOTAL CPC,0,0,TOTAL MOT,-1,N/A,0.0,False,-1,N/A,0.0,False,31667355.203,True,0.0,False,106110339.989,,106110339.989,4,False,True
C,M,20230701,2023,7,202307,97,EUR,European Union,M,Import,156,CHN,China,0,W00,World,H6,HS,True,8508,Vacuum cleaners,4,False,C00,TOTAL CPC,0,0,TOTAL MOT,-1,N/A,0.0,False,-1,N/A,0.0,False,13411262.0,False,0.0,False,210173225.03,,210173225.03,0,False,True
C,M,20230701,2023,7,202307,97,EUR,European Union,M,Import,156,CHN,China,0,W00,World,H6,HS,True,8509,"Electro-mechanical domestic appliances; with self-contained electric motor, other than vacuum cleaners of heading 85.08.",4,False,C00,TOTAL CPC,0,0,TOTAL MOT,-1,N/A,0.0,True,-1,N/A,0.0,False,10448640.204,True,0.0,False,116350126.037,,116350126.037,6,False,True
C,M,20230701,2023,7,202307,97,EUR,European Union,M,Import,156,CHN,China,0,W00,World,H6,HS,True,8516,"Electric water, space, soil heaters; electro-thermic hair-dressing apparatus; hand dryers, irons; electro-thermic appliances for domestic purposes; electro heating resistors, not of heading no. 8545",4,False,C00,TOTAL CPC,0,0,TOTAL MOT,-1,N/A,0.0,True,-1,N/A,0.0,False,67010206.386,True,0.0,False,510938921.479,,510938921.479,6,False,True
C,M,20230701,2023,7,202307,97,EUR,European Union,M,Import,156,CHN,China,0,W00,World,H6,HS,True,9401,"Seats (not those of heading no. 9402), whether or not convertible into beds and parts thereof",4,False,C00,TOTAL CPC,0,0,TOTAL MOT,-1,N/A,0.0,True,-1,N/A,0.0,False,94492470.681,True,0.0,False,410286558.984,,410286558.984,6,False,True
C,M,20230701,2023,7,202307,97,EUR,European Union,M,Import,156,CHN,China,0,W00,World,H6,HS,True,9403,"Furniture and parts thereof, n.e.c. in chapter 94",4,False,C00,TOTAL CPC,0,0,TOTAL MOT,-1,N/A,0.0,True,-1,N/A,0.0,False,152459782.985,True,0.0,False,408446085.929,,408446085.929,6,False,True
C,M,20230701,2023,7,202307,97,EUR,European Union,M,Import,156,CHN,China,0,W00,World,H6,HS,True,9405,"Luminaires and light fittings; including searchlights, spotlights and parts thereof, n.e.c.; illuminated signs, name-plates and the like, having permanently fixed light source and parts thereof n.e.c. or included",4,False,C00,TOTAL CPC,0,0,TOTAL MOT,8,kg,50416426.914,True,-1,N/A,0.0,False,50416426.914,True,0.0,False,581692773.982,,581692773.982,6,False,True
C,M,20230701,2023,7,202307,97,EUR,European Union,M,Import,156,CHN,China,0,W00,World,H6,HS,True,9503,"Tricycles, scooters, pedal cars and similar wheeled toys; dolls' carriages; dolls; other toys; reduced-size (scale) models and similar recreational models, working or not; puzzles of all kinds",4,False,C00,TOTAL CPC,0,0,TOTAL MOT,8,kg,45760607.886,True,-1,N/A,0.0,False,45760607.886,True,0.0,False,469147903.062,,469147903.062,6,False,True
C,M,20230801,2023,8,202308,97,EUR,European Union,M,Import,156,CHN,China,0,W00,World,H6,HS,True,3923,"Plastic articles for the conveyance or packing of goods; stoppers, lids, caps and other closures of plastics",4,False,C00,TOTAL CPC,0,0,TOTAL MOT,8,kg,23855340.091,True,-1,N/A,0.0,False,23855340.091,True,0.0,False,144528581.522,,144528581.522,6,False,True
C,M,20230801,2023,8,202308,97,EUR,European Union,M,Import,156,CHN,China,0,W00,World,H6,HS,True,3924,"Tableware, kitchenware, other household articles and hygienic or toilet articles, of plastics",4,False,C00,TOTAL CPC,0,0,TOTAL MOT,8,kg,22088316.0,False,8,kg,22088316.0,False,22088316.0,False,0.0,False,111583809.813,,111583809.813,0,False,True
C,M,20230801,2023,8,202308,97,EUR,European Union,M,Import,156,CHN,China,0,W00,World,H6,HS,True,3926,"Articles of plastics and articles of other materials of heading no. 3901 to 3914, n.e.c. in chapter 39",4,False,C00,TOTAL CPC,0,0,TOTAL MOT,8,kg,55304844.492,True,-1,N/A,0.0,False,55304844.492,True,0.0,False,415918608.959,,415918608.959,6,False,True
C,M,20230801,2023,8,202308,97,EUR,European Union,M,Import,156,CHN,China,0,W00,World,H6,HS,True,8414,"Air or vacuum pumps, air or other gas compressors and fans; ventilating or recycling hoods incorporating a fan; gas-tight biological safety cabinets whether or not fitted with filters",4,False,C00,TOTAL CPC,0,0,TOTAL MOT,-1,N/A,0.0,True,-1,N/A,0.0,False,29158697.0,False,0.0,False,248099678.326,,248099678.326,2,False,True
C,M,20230801,2023,8,202308,97,EUR,European Union,M,Import,156,CHN,China,0,W00,World,H6,HS,True,8415,"Air conditioning machines; comprising a motor driven fan and elements for changing the temperature and humidity, including those machines in which the humidity cannot be separately regulated",4,False,C00,TOTAL CPC,0,0,TOTAL MOT,-1,N/A,0.0,True,-1,N/A,0.0,False,19477228.0,False,0.0,False,181894556.587,,181894556.587,2,False,True
C,M,20230801,2023,8,202308,97,EUR,European Union,M,Import,156,CHN,China,0,W00,World,H6,HS,True,8418,"Refrigerators, freezers and other refrigerating or freezing equipment, electric or other; heat pumps other than air conditioning machines of heading no. 8415",4,False,C00,TOTAL CPC,0,0,TOTAL MOT,-1,N/A,0.0,True,-1,N/A,0.0,False,57423175.48,True,0.0,False,278828119.018,,278828119.018,6,False,True
C,M,20230801,2023,8,202308,97,EUR,European Union,M,Import,156,CHN,China,0,W00,World,H6,HS,True,8450,Household or laundry-type washing machines; including machines which both wash and dry,4,False,C00,TOTAL CPC,0,0,TOTAL MOT,-1,N/A,0.0,True,-1,N/A,0.0,False,31103693.552,True,0.0,False,101607776.289,,101607776.289,6,False,True
C,M,20230801,2023,8,202308,97,EUR,European Union,M,Import,156,CHN,China,0,W00,World,H6,HS,True,8508,Vacuum cleaners,4,False,C00,TOTAL CPC,0,0,TOTAL MOT,-1,N/A,0.0,False,-1,N/A,0.0,False,15300028.0,False,0.0,False,220391371.246,,220391371.246,0,False,True
C,M,20230801,2023,8,202308,97,EUR,European Union,M,Import,156,CHN,China,0,W00,World,H6,HS,True,8509,"Electro-mechanical domestic appliances; with self-contained electric motor, other than vacuum cleaners of heading 85.08.",4,False,C00,TOTAL CPC,0,0,TOTAL MOT,-1,N/A,0.0,True,-1,N/A,0.0,False,13072697.0,False,0.0,False,142145642.614,,142145642.614,2,False,True
C,M,20230801,2023,8,202308,97,EUR,European Union,M,Import,156,CHN,China,0,W00,World,H6,HS,True,8516,"Electric water, space, soil heaters; electro-thermic hair-dressing apparatus; hand dryers, irons; electro-thermic appliances for domestic purposes; electro heating resistors, not of heading no. 8545",4,False,C00,TOTAL CPC,0,0,TOTAL MOT,-1,N/A,0.0,True,-1,N/A,0.0,False,74983537.889,True,0.0,False,551766238.308,,551766238.308,6,False,True
C,M,20230801,2023,8,202308,97,EUR,European Union,M,Import,156,CHN,China,0,W00,World,H6,HS,True,9401,"Seats (not those of heading no. 9402), whether or not convertible into beds and parts thereof",4,False,C00,TOTAL CPC,0,0,TOTAL MOT,-1,N/A,0.0,True,-1,N/A,0.0,False,87851961.249,True,0.0,False,366876186.882,,366876186.882,6,False,True
C,M,20230801,2023,8,202308,97,EUR,European Union,M,Import,156,CHN,China,0,W00,World,H6,HS,True,9403,"Furniture and parts thereof, n.e.c. in chapter 94",4,False,C00,TOTAL CPC,0,0,TOTAL MOT,-1,N/A,0.0,True,-1,N/A,0.0,False,155365585.0,False,0.0,False,391047578.839,,391047578.839,2,False,True
C,M,20230801,2023,8,202308,97,EUR,European Union,M,Import,156,CHN,China,0,W00,World,H6,HS,True,9405,"Luminaires and light fittings; including searchlights, spotlights and parts thereof, n.e.c.; illuminated signs, name-plates and the like, having permanently fixed light source and parts thereof n.e.c. or included",4,False,C00,TOTAL CPC,0,0,TOTAL MOT,8,kg,57882106.512,True,-1,N/A,0.0,False,57882106.512,True,0.0,False,644356664.525,,644356664.525,6,False,True
C,M,20230801,2023,8,202308,97,EUR,European Union,M,Import,156,CHN,China,0,W00,World,H6,HS,True,9503,"Tricycles, scooters, pedal cars and similar wheeled toys; dolls' carriages; dolls; other toys; reduced-size (scale) models and similar recreational models, working or not; puzzles of all kinds",4,False,C00,TOTAL CPC,0,0,TOTAL MOT,8,kg,62886192.0,False,8,kg,62886192.0,False,62886192.0,False,0.0,False,622523404.385,,622523404.385,0,False,True
C,M,20230901,2023,9,202309,97,EUR,European Union,M,Import,156,CHN,China,0,W00,World,H6,HS,True,3923,"Plastic articles for the conveyance or packing of goods; stoppers, lids, caps and other closures of plastics",4,False,C00,TOTAL CPC,0,0,TOTAL MOT,8,kg,22441580.085,True,-1,N/A,0.0,False,22441580.085,True,0.0,False,134842228.298,,134842228.298,6,False,True
C,M,20230901,2023,9,202309,97,EUR,European Union,M,Import,156,CHN,China,0,W00,World,H6,HS,True,3924,"Tableware, kitchenware, other household articles and hygienic or toilet articles, of plastics",4,False,C00,TOTAL CPC,0,0,TOTAL MOT,8,kg,19462549.0,False,8,kg,19462549.0,False,19462549.0,False,0.0,False,100164796.346,,100164796.346,0,False,True
C,M,20230901,2023,9,202309,97,EUR,European Union,M,Import,156,CHN,China,0,W00,World,H6,HS,True,3926,"Articles of plastics and articles of other materials of heading no. 3901 to 3914, n.e.c. in chapter 39",4,False,C00,TOTAL CPC,0,0,TOTAL MOT,8,kg,47842703.087,True,-1,N/A,0.0,False,47842703.087,True,0.0,False,438444400.767,,438444400.767,6,False,True
C,M,20230901,2023,9,202309,97,EUR,European Union,M,Import,156,CHN,China,0,W00,World,H6,HS,True,8414,"Air or vacuum pumps, air or other gas compressors and fans; ventilating or recycling hoods incorporating a fan; gas-tight biological safety cabinets whether or not fitted with filters",4,False,C00,TOTAL CPC,0,0,TOTAL MOT,-1,N/A,0.0,False,-1,N/A,0.0,False,25900770.663,True,0.0,False,218039963.144,,218039963.144,4,False,True
C,M,20230901,2023,9,202309,97,EUR,European Union,M,Import,156,CHN,China,0,W00,World,H6,HS,True,8415,"Air conditioning machines; comprising a motor driven fan and elements for changing the temperature and humidity, including those machines in which the humidity cannot be separately regulated",4,False,C00,TOTAL CPC,0,0,TOTAL MOT,-1,N/A,0.0,True,-1,N/A,0.0,False,16517243.0,False,0.0,False,152929527.822,,152929527.822,2,False,True
C,M,20230901,2023,9,202309,97,EUR,European Union,M,Import,156,CHN,China,0,W00,World,H6,HS,True,8418,"Refrigerators, freezers and other refrigerating or freezing equipment, electric or other; heat pumps other than air conditioning machines of heading no. 8415",4,False,C00,TOTAL CPC,0,0,TOTAL MOT,-1,N/A,0.0,True,-1,N/A,0.0,False,47239011.0,False,0.0,False,227133990.807,,227133990.807,2,False,True
C,M,20230901,2023,9,202309,97,EUR,European Union,M,Import,156,CHN,China,0,W00,World,H6,HS,True,8450,Household or laundry-type washing machines; including machines which both wash and dry,4,False,C00,TOTAL CPC,0,0,TOTAL MOT,-1,N/A,0.0,False,-1,N/A,0.0,False,35643798.0,False,0.0,False,114506456.961,,114506456.961,0,False,True
C,M,20230901,2023,9,202309,97,EUR,European Union,M,Import,156,CHN,China,0,W00,World,H6,HS,True,8508,Vacuum cleaners,4,False,C00,TOTAL CPC,0,0,TOTAL MOT,-1,N/A,0.0,False,-1,N/A,0.0,False,17874171.0,False,0.0,False,284432626.547,,284432626.547,0,False,True
C,M,20230901,2023,9,202309,97,EUR,European Union,M,Import,156,CHN,China,0,W00,World,H6,HS,True,8509,"Electro-mechanical domestic appliances; with self-contained electric motor, other than vacuum cleaners of heading 85.08.",4,False,C00,TOTAL CPC,0,0,TOTAL MOT,-1,N/A,0.0,False,-1,N/A,0.0,False,13242940.0,False,0.0,False,148308569.742,,148308569.742,0,False,True
C,M,20230901,2023,9,202309,97,EUR,European Union,M,Import,156,CHN,China,0,W00,World,H6,HS,True,8516,"Electric water, space, soil heaters; electro-thermic hair-dressing apparatus; hand dryers, irons; electro-thermic appliances for domestic purposes; electro heating resistors, not of heading no. 8545",4,False,C00,TOTAL CPC,0,0,TOTAL MOT,-1,N/A,0.0,True,-1,N/A,0.0,False,73269019.147,True,0.0,False,554631760.708,,554631760.708,6,False,True
C,M,20230901,2023,9,202309,97,EUR,European Union,M,Import,156,CHN,China,0,W00,World,H6,HS,True,9401,"Seats (not those of heading no. 9402), whether or not convertible into beds and parts thereof",4,False,C00,TOTAL CPC,0,0,TOTAL MOT,-1,N/A,0.0,True,-1,N/A,0.0,False,77790504.304,True,0.0,False,326797806.232,,326797806.232,6,False,True
C,M,20230901,2023,9,202309,97,EUR,European Union,M,Import,156,CHN,China,0,W00,World,H6,HS,True,9403,"Furniture and parts thereof, n.e.c. in chapter 94",4,False,C00,TOTAL CPC,0,0,TOTAL MOT,-1,N/A,0.0,True,-1,N/A,0.0,False,139985442.751,True,0.0,False,362192587.615,,362192587.615,6,False,True
C,M,20230901,2023,9,202309,97,EUR,European Union,M,Import,156,CHN,China,0,W00,World,H6,HS,True,9405,"Luminaires and light fittings; including searchlights, spotlights and parts thereof, n.e.c.; illuminated signs, name-plates and the like, having permanently fixed light source and parts thereof n.e.c. or included",4,False,C00,TOTAL CPC,0,0,TOTAL MOT,8,kg,56978030.771,True,-1,N/A,0.0,False,56978030.771,True,0.0,False,632847807.193,,632847807.193,6,False,True
C,M,20230901,2023,9,202309,97,EUR,European Union,M,Import,156,CHN,China,0,W00,World,H6,HS,True,9503,"Tricycles, scooters, pedal cars and similar wheeled toys; dolls' carriages; dolls; other toys; reduced-size (scale) models and similar recreational models, working or not; puzzles of all kinds",4,False,C00,TOTAL CPC,0,0,TOTAL MOT,8,kg,70244443.101,True,-1,N/A,0.0,False,70244443.101,True,0.0,False,696095929.519,,696095929.519,6,False,True
C,M,20231001,2023,10,202310,97,EUR,European Union,M,Import,156,CHN,China,0,W00,World,H6,HS,True,3923,"Plastic articles for the conveyance or packing of goods; stoppers, lids, caps and other closures of plastics",4,False,C00,TOTAL CPC,0,0,TOTAL MOT,8,kg,26347550.292,True,-1,N/A,0.0,False,26347550.292,True,0.0,False,152320482.511,,152320482.511,6,False,True
C,M,20231001,2023,10,202310,97,EUR,European Union,M,Import,156,CHN,China,0,W00,World,H6,HS,True,3924,"Tableware, kitchenware, other household articles and hygienic or toilet articles, of plastics",4,False,C00,TOTAL CPC,0,0,TOTAL MOT,8,kg,21146431.0,False,8,kg,21146431.0,False,21146431.0,False,0.0,False,103716785.146,,103716785.146,0,False,True
C,M,20231001,2023,10,202310,97,EUR,European Union,M,Import,156,CHN,China,0,W00,World,H6,HS,True,3926,"Articles of plastics and articles of other materials of heading no. 3901 to 3914, n.e.c. in chapter 39",4,False,C00,TOTAL CPC,0,0,TOTAL MOT,8,kg,54885469.0,False,-1,N/A,0.0,False,54885469.0,False,0.0,False,429105802.46,,429105802.46,0,False,True
C,M,20231001,2023,10,202310,97,EUR,European Union,M,Import,156,CHN,China,0,W00,World,H6,HS,True,8414,"Air or vacuum pumps, air or other gas compressors and fans; ventilating or recycling hoods incorporating a fan; gas-tight biological safety cabinets whether or not fitted with filters",4,False,C00,TOTAL CPC,0,0,TOTAL MOT,-1,N/A,0.0,False,-1,N/A,0.0,False,28340847.813,True,0.0,False,236690690.858,,236690690.858,4,False,True
C,M,20231001,2023,10,202310,97,EUR,European Union,M,Import,156,CHN,China,0,W00,World,H6,HS,True,8415,"Air conditioning machines; comprising a motor driven fan and elements for changing the temperature and humidity, including those machines in which the humidity cannot be separately regulated",4,False,C00,TOTAL CPC,0,0,TOTAL MOT,-1,N/A,0.0,False,-1,N/A,0.0,False,18490542.0,False,0.0,False,174935587.228,,174935587.228,0,False,True
C,M,20231001,2023,10,202310,97,EUR,European Union,M,Import,156,CHN,China,0,W00,World,H6,HS,True,8418,"Refrigerators, freezers and other refrigerating or freezing equipment, electric or other; heat pumps other than air conditioning machines of heading no. 8415",4,False,C00,TOTAL CPC,0,0,TOTAL MOT,-1,N/A,0.0,True,-1,N/A,0.0,False,55337549.0,False,0.0,False,260476510.082,,260476510.082,2,False,True
C,M,20231001,2023,10,202310,97,EUR,European Union,M,Import,156,CHN,China,0,W00,World,H6,HS,True,8450,Household or laundry-type washing machines; including machines which both wash and dry,4,False,C00,TOTAL CPC,0,0,TOTAL MOT,-1,N/A,0.0,True,-1,N/A,0.0,False,43713402.406,True,0.0,False,136824956.952,,136824956.952,6,False,True
C,M,20231001,2023,10,202310,97,EUR,European Union,M,Import,156,CHN,China,0,W00,World,H6,HS,True,8508,Vacuum cleaners,4,False,C00,TOTAL CPC,0,0,TOTAL MOT,-1,N/A,0.0,False,-1,N/A,0.0,False,22030800.0,False,0.0,False,424016060.396,,424016060.396,0,False,True
C,M,20231001,2023,10,202310,97,EUR,European Union,M,Import,156,CHN,China,0,W00,World,H6,HS,True,8509,"Electro-mechanical domestic appliances; with self-contained electric motor, other than vacuum cleaners of heading 85.08.",4,False,C00,TOTAL CPC,0,0,TOTAL MOT,-1,N/A,0.0,True,-1,N/A,0.0,False,16579383.0,False,0.0,False,179154459.043,,179154459.043,2,False,True
C,M,20231001,2023,10,202310,97,EUR,European Union,M,Import,156,CHN,China,0,W00,World,H6,HS,True,8516,"Electric water, space, soil heaters; electro-thermic hair-dressing apparatus; hand dryers, irons; electro-thermic appliances for domestic purposes; electro heating resistors, not of heading no. 8545",4,False,C00,TOTAL CPC,0,0,TOTAL MOT,-1,N/A,0.0,True,-1,N/A,0.0,False,81763666.0,False,0.0,False,631736389.008,,631736389.008,2,False,True
C,M,20231001,2023,10,202310,97,EUR,European Union,M,Import,156,CHN,China,0,W00,World,H6,HS,True,9401,"Seats (not those of heading no. 9402), whether or not convertible into beds and parts thereof",4,False,C00,TOTAL CPC,0,0,TOTAL MOT,-1,N/A,0.0,True,-1,N/A,0.0,False,93360474.0,False,0.0,False,386897476.003,,386897476.003,2,False,True
C,M,20231001,2023,10,202310,97,EUR,European Union,M,Import,156,CHN,China,0,W00,World,H6,HS,True,9403,"Furniture and parts thereof, n.e.c. in chapter 94",4,False,C00,TOTAL CPC,0,0,TOTAL MOT,-1,N/A,0.0,True,-1,N/A,0.0,False,165641018.0,False,0.0,False,422968843.17,,422968843.17,2,False,True
C,M,20231001,2023,10,202310,97,EUR,European Union,M,Import,156,CHN,China,0,W00,World,H6,HS,True,9405,"Luminaires and light fittings; including searchlights, spotlights and parts thereof, n.e.c.; illuminated signs, name-plates and the like, having permanently fixed light source and parts thereof n.e.c. or included",4,False,C00,TOTAL CPC,0,0,TOTAL MOT,8,kg,56562045.0,False,8,kg,56562045.0,False,56562045.0,False,0.0,False,603998523.71,,603998523.71,0,False,True
C,M,20231001,2023,10,202310,97,EUR,European Union,M,Import,156,CHN,China,0,W00,World,H6,HS,True,9503,"Tricycles, scooters, pedal cars and similar wheeled toys; dolls' carriages; dolls; other toys; reduced-size (scale) models and similar recreational models, working or not; puzzles of all kinds",4,False,C00,TOTAL CPC,0,0,TOTAL MOT,8,kg,65405010.996,True,-1,N/A,0.0,False,65405010.996,True,0.0,False,648595281.453,,648595281.453,6,False,True
C,M,20231101,2023,11,202311,97,EUR,European Union,M,Import,156,CHN,China,0,W00,World,H6,HS,True,3923,"Plastic articles for the conveyance or packing of goods; stoppers, lids, caps and other closures of plastics",4,False,C00,TOTAL CPC,0,0,TOTAL MOT,8,kg,22244973.324,True,-1,N/A,0.0,False,22244973.324,True,0.0,False,132783966.198,,132783966.198,6,False,True
C,M,20231101,2023,11,202311,97,EUR,European Union,M,Import,156,CHN,China,0,W00,World,H6,HS,True,3924,"Tableware, kitchenware, other household articles and hygienic or toilet articles, of plastics",4,False,C00,TOTAL CPC,0,0,TOTAL MOT,8,kg,20299745.0,False,8,kg,20299745.0,False,20299745.0,False,0.0,False,102381902.731,,102381902.731,0,False,True
C,M,20231101,2023,11,202311,97,EUR,European Union,M,Import,156,CHN,China,0,W00,World,H6,HS,True,3926,"Articles of plastics and articles of other materials of heading no. 3901 to 3914, n.e.c. in chapter 39",4,False,C00,TOTAL CPC,0,0,TOTAL MOT,8,kg,48713320.626,True,-1,N/A,0.0,False,48713320.626,True,0.0,False,377700922.594,,377700922.594,6,False,True
C,M,20231101,2023,11,202311,97,EUR,European Union,M,Import,156,CHN,China,0,W00,World,H6,HS,True,8414,"Air or vacuum pumps, air or other gas compressors and fans; ventilating or recycling hoods incorporating a fan; gas-tight biological safety cabinets whether or not fitted with filters",4,False,C00,TOTAL CPC,0,0,TOTAL MOT,-1,N/A,0.0,False,-1,N/A,0.0,False,25147098.062,True,0.0,False,218699410.495,,218699410.495,4,False,True
C,M,20231101,2023,11,202311,97,EUR,European Union,M,Import,156,CHN,China,0,W00,World,H6,HS,True,8415,"Air conditioning machines; comprising a motor driven fan and elements for changing the temperature and humidity, including those machines in which the humidity cannot be separately regulated",4,False,C00,TOTAL CPC,0,0,TOTAL MOT,-1,N/A,0.0,True,-1,N/A,0.0,False,14331249.0,False,0.0,False,139630370.707,,139630370.707,2,False,True
C,M,20231101,2023,11,202311,97,EUR,European Union,M,Import,156,CHN,China,0,W00,World,H6,HS,True,8418,"Refrigerators, freezers and other refrigerating or freezing equipment, electric or other; heat pumps other than air conditioning machines of heading no. 8415",4,False,C00,TOTAL CPC,0,0,TOTAL MOT,-1,N/A,0.0,True,-1,N/A,0.0,False,49912027.824,True,0.0,False,229958615.298,,229958615.298,6,False,True
C,M,20231101,2023,11,202311,97,EUR,European Union,M,Import,156,CHN,China,0,W00,World,H6,HS,True,8450,Household or laundry-type washing machines; including machines which both wash and dry,4,False,C00,TOTAL CPC,0,0,TOTAL MOT,-1,N/A,0.0,True,-1,N/A,0.0,False,35717441.075,True,0.0,False,116308422.369,,116308422.369,6,False,True
C,M,20231101,2023,11,202311,97,EUR,European Union,M,Import,156,CHN,China,0,W00,World,H6,HS,True,8508,Vacuum cleaners,4,False,C00,TOTAL CPC,0,0,TOTAL MOT,-1,N/A,0.0,False,-1,N/A,0.0,False,15995938.0,False,0.0,False,286249783.178,,286249783.178,0,False,True
C,M,20231101,2023,11,202311,97,EUR,European Union,M,Import,156,CHN,China,0,W00,World,H6,HS,True,8509,"Electro-mechanical domestic appliances; with self-contained electric motor, other than vacuum cleaners of heading 85.08.",4,False,C00,TOTAL CPC,0,0,TOTAL MOT,-1,N/A,0.0,True,-1,N/A,0.0,False,12910742.693,True,0.0,False,149428274.01,,149428274.01,6,False,True
C,M,20231101,2023,11,202311,97,EUR,European Union,M,Import,156,CHN,China,0,W00,World,H6,HS,True,8516,"Electric water, space, soil heaters; electro-thermic hair-dressing apparatus; hand dryers, irons; electro-thermic appliances for domestic purposes; electro heating resistors, not of heading no. 8545",4,False,C00,TOTAL CPC,0,0,TOTAL MOT,-1,N/A,0.0,True,-1,N/A,0.0,False,62109962.0,False,0.0,False,492617969.451,,492617969.451,2,False,True
C,M,20231101,2023,11,202311,97,EUR,European Union,M,Import,156,CHN,China,0,W00,World,H6,HS,True,9401,"Seats (not those of heading no. 9402), whether or not convertible into beds and parts thereof",4,False,C00,TOTAL CPC,0,0,TOTAL MOT,-1,N/A,0.0,True,-1,N/A,0.0,False,92283035.0,False,0.0,False,387833022.768,,387833022.768,2,False,True
C,M,20231101,2023,11,202311,97,EUR,European Union,M,Import,156,CHN,China,0,W00,World,H6,HS,True,9403,"Furniture and parts thereof, n.e.c. in chapter 94",4,False,C00,TOTAL CPC,0,0,TOTAL MOT,-1,N/A,0.0,True,-1,N/A,0.0,False,160913147.771,True,0.0,False,405959664.89,,405959664.89,6,False,True
C,M,20231101,2023,11,202311,97,EUR,European Union,M,Import,156,CHN,China,0,W00,World,H6,HS,True,9405,"Luminaires and light fittings; including searchlights, spotlights and parts thereof, n.e.c.; illuminated signs, name-plates and the like, having permanently fixed light source and parts thereof n.e.c. or included",4,False,C00,TOTAL CPC,0,0,TOTAL MOT,8,kg,43392490.173,True,-1,N/A,0.0,False,43392490.173,True,0.0,False,494492819.663,,494492819.663,6,False,True
C,M,20231101,2023,11,202311,97,EUR,European Union,M,Import,156,CHN,China,0,W00,World,H6,HS,True,9503,"Tricycles, scooters, pedal cars and similar wheeled toys; dolls' carriages; dolls; other toys; reduced-size (scale) models and similar recreational models, working or not; puzzles of all kinds",4,False,C00,TOTAL CPC,0,0,TOTAL MOT,8,kg,48791417.529,True,-1,N/A,0.0,False,48791417.529,True,0.0,False,487714096.273,,487714096.273,6,False,True
C,M,20231201,2023,12,202312,97,EUR,European Union,M,Import,156,CHN,China,0,W00,World,H6,HS,True,3923,"Plastic articles for the conveyance or packing of goods; stoppers, lids, caps and other closures of plastics",4,False,C00,TOTAL CPC,0,0,TOTAL MOT,8,kg,20895432.252,True,-1,N/A,0.0,False,20895432.252,True,0.0,False,122967455.307,,122967455.307,6,False,True
C,M,20231201,2023,12,202312,97,EUR,European Union,M,Import,156,CHN,China,0,W00,World,H6,HS,True,3924,"Tableware, kitchenware, other household articles and hygienic or toilet articles, of plastics",4,False,C00,TOTAL CPC,0,0,TOTAL MOT,8,kg,20017034.886,True,-1,N/A,0.0,False,20017034.886,True,0.0,False,98122758.501,,98122758.501,6,False,True
C,M,20231201,2023,12,202312,97,EUR,European Union,M,Import,156,CHN,China,0,W00,World,H6,HS,True,3926,"Articles of plastics and articles of other materials of heading no. 3901 to 3914, n.e.c. in chapter 39",4,False,C00,TOTAL CPC,0,0,TOTAL MOT,8,kg,45691859.229,True,-1,N/A,0.0,False,45691859.229,True,0.0,False,356397397.83,,356397397.83,6,False,True
C,M,20231201,2023,12,202312,97,EUR,European Union,M,Import,156,CHN,China,0,W00,World,H6,HS,True,8414,"Air or vacuum pumps, air or other gas compressors and fans; ventilating or recycling hoods incorporating a fan; gas-tight biological safety cabinets whether or not fitted with filters",4,False,C00,TOTAL CPC,0,0,TOTAL MOT,-1,N/A,0.0,True,-1,N/A,0.0,False,21183893.855,True,0.0,False,182252275.757,,182252275.757,6,False,True
C,M,20231201,2023,12,202312,97,EUR,European Union,M,Import,156,CHN,China,0,W00,World,H6,HS,True,8415,"Air conditioning machines; comprising a motor driven fan and elements for changing the temperature and humidity, including those machines in which the humidity cannot be separately regulated",4,False,C00,TOTAL CPC,0,0,TOTAL MOT,-1,N/A,0.0,True,-1,N/A,0.0,False,10152701.175,True,0.0,False,101218837.433,,101218837.433,6,False,True
C,M,20231201,2023,12,202312,97,EUR,European Union,M,Import,156,CHN,China,0,W00,World,H6,HS,True,8418,"Refrigerators, freezers and other refrigerating or freezing equipment, electric or other; heat pumps other than air conditioning machines of heading no. 8415",4,False,C00,TOTAL CPC,0,0,TOTAL MOT,-1,N/A,0.0,True,-1,N/A,0.0,False,42396924.943,True,0.0,False,200046477.485,,200046477.485,6,False,True
C,M,20231201,2023,12,202312,97,EUR,European Union,M,Import,156,CHN,China,0,W00,World,H6,HS,True,8450,Household or laundry-type washing machines; including machines which both wash and dry,4,False,C00,TOTAL CPC,0,0,TOTAL MOT,-1,N/A,0.0,False,-1,N/A,0.0,False,30155346.0,False,0.0,False,99184984.431,,99184984.431,0,False,True
C,M,20231201,2023,12,202312,97,EUR,European Union,M,Import,156,CHN,China,0,W00,World,H6,HS,True,8508,Vacuum cleaners,4,False,C00,TOTAL CPC,0,0,TOTAL MOT,-1,N/A,0.0,False,-1,N/A,0.0,False,13672640.0,False,0.0,False,255631797.682,,255631797.682,0,False,True
C,M,20231201,2023,12,202312,97,EUR,European Union,M,Import,156,CHN,China,0,W00,World,H6,HS,True,8509,"Electro-mechanical domestic appliances; with self-contained electric motor, other than vacuum cleaners of heading 85.08.",4,False,C00,TOTAL CPC,0,0,TOTAL MOT,-1,N/A,0.0,True,-1,N/A,0.0,False,10955888.99,True,0.0,False,130900580.735,,130900580.735,6,False,True
C,M,20231201,2023,12,202312,97,EUR,European Union,M,Import,156,CHN,China,0,W00,World,H6,HS,True,8516,"Electric water, space, soil heaters; electro-thermic hair-dressing apparatus; hand dryers, irons; electro-thermic appliances for domestic purposes; electro heating resistors, not of heading no. 8545",4,False,C00,TOTAL CPC,0,0,TOTAL MOT,-1,N/A,0.0,True,-1,N/A,0.0,False,51772540.546,True,0.0,False,405034968.07,,405034968.07,6,False,True
C,M,20231201,2023,12,202312,97,EUR,European Union,M,Import,156,CHN,China,0,W00,World,H6,HS,True,9401,"Seats (not those of heading no. 9402), whether or not convertible into beds and parts thereof",4,False,C00,TOTAL CPC,0,0,TOTAL MOT,-1,N/A,0.0,True,-1,N/A,0.0,False,92015324.881,True,0.0,False,383745302.67,,383745302.67,6,False,True
C,M,20231201,2023,12,202312,97,EUR,European Union,M,Import,156,CHN,China,0,W00,World,H6,HS,True,9403,"Furniture and parts thereof, n.e.c. in chapter 94",4,False,C00,TOTAL CPC,0,0,TOTAL MOT,-1,N/A,0.0,True,-1,N/A,0.0,False,156552572.0,False,0.0,False,400924588.446,,400924588.446,2,False,True
C,M,20231201,2023,12,202312,97,EUR,European Union,M,Import,156,CHN,China,0,W00,World,H6,HS,True,9405,"Luminaires and light fittings; including searchlights, spotlights and parts thereof, n.e.c.; illuminated signs, name-plates and the like, having permanently fixed light source and parts thereof n.e.c. or included",4,False,C00,TOTAL CPC,0,0,TOTAL MOT,8,kg,36538480.716,True,-1,N/A,0.0,False,36538480.716,True,0.0,False,418590749.432,,418590749.432,6,False,True
C,M,20231201,2023,12,202312,97,EUR,European Union,M,Import,156,CHN,China,0,W00,World,H6,HS,True,9503,"Tricycles, scooters, pedal cars and similar wheeled toys; dolls' carriages; dolls; other toys; reduced-size (scale) models and similar recreational models, working or not; puzzles of all kinds",4,False,C00,TOTAL CPC,0,0,TOTAL MOT,8,kg,31094733.598,True,-1,N/A,0.0,False,31094733.598,True,0.0,False,333952242.628,,333952242.628,6,False,True
C,M,20240101,2024,1,202401,97,EUR,European Union,M,Import,156,CHN,China,0,W00,World,H6,HS,True,3923,"Plastic articles for the conveyance or packing of goods; stoppers, lids, caps and other closures of plastics",4,False,C00,TOTAL CPC,0,0,TOTAL MOT,8,kg,21628786.055,True,-1,N/A,0.0,False,21628786.055,True,0.0,False,142048394.282,,142048394.282,6,False,True
C,M,20240101,2024,1,202401,97,EUR,European Union,M,Import,156,CHN,China,0,W00,World,H6,HS,True,3924,"Tableware, kitchenware, other household articles and hygienic or toilet articles, of plastics",4,False,C00,TOTAL CPC,0,0,TOTAL MOT,8,kg,20088409.0,False,8,kg,20088409.0,False,20088409.0,False,0.0,False,100599539.979,,100599539.979,0,False,True
C,M,20240101,2024,1,202401,97,EUR,European Union,M,Import,156,CHN,China,0,W00,World,H6,HS,True,3926,"Articles of plastics and articles of other materials of heading no. 3901 to 3914, n.e.c. in chapter 39",4,False,C00,TOTAL CPC,0,0,TOTAL MOT,8,kg,50228199.0,False,-1,N/A,0.0,False,50228199.0,False,0.0,False,392235979.323,,392235979.323,0,False,True
C,M,20240101,2024,1,202401,97,EUR,European Union,M,Import,156,CHN,China,0,W00,World,H6,HS,True,8414,"Air or vacuum pumps, air or other gas compressors and fans; ventilating or recycling hoods incorporating a fan; gas-tight biological safety cabinets whether or not fitted with filters",4,False,C00,TOTAL CPC,0,0,TOTAL MOT,-1,N/A,0.0,True,-1,N/A,0.0,False,26326528.898,True,0.0,False,223898925.209,,223898925.209,6,False,True
C,M,20240101,2024,1,202401,97,EUR,European Union,M,Import,156,CHN,China,0,W00,World,H6,HS,True,8415,"Air conditioning machines; comprising a motor driven fan and elements for changing the temperature and humidity, including those machines in which the humidity cannot be separately regulated",4,False,C00,TOTAL CPC,0,0,TOTAL MOT,-1,N/A,0.0,True,-1,N/A,0.0,False,16202648.0,False,0.0,False,144683258.936,,144683258.936,2,False,True
C,M,20240101,2024,1,202401,97,EUR,European Union,M,Import,156,CHN,China,0,W00,World,H6,HS,True,8418,"Refrigerators, freezers and other refrigerating or freezing equipment, electric or other; heat pumps other than air conditioning machines of heading no. 8415",4,False,C00,TOTAL CPC,0,0,TOTAL MOT,-1,N/A,0.0,True,-1,N/A,0.0,False,46550327.0,False,0.0,False,217681408.087,,217681408.087,2,False,True
C,M,20240101,2024,1,202401,97,EUR,European Union,M,Import,156,CHN,China,0,W00,World,H6,HS,True,8450,Household or laundry-type washing machines; including machines which both wash and dry,4,False,C00,TOTAL CPC,0,0,TOTAL MOT,-1,N/A,0.0,False,-1,N/A,0.0,False,31316752.253,True,0.0,False,103329706.8,,103329706.8,4,False,True
C,M,20240101,2024,1,202401,97,EUR,European Union,M,Import,156,CHN,China,0,W00,World,H6,HS,True,8508,Vacuum cleaners,4,False,C00,TOTAL CPC,0,0,TOTAL MOT,-1,N/A,0.0,False,-1,N/A,0.0,False,13245821.0,False,0.0,False,206421221.295,,206421221.295,0,False,True
C,M,20240101,2024,1,202401,97,EUR,European Union,M,Import,156,CHN,China,0,W00,World,H6,HS,True,8509,"Electro-mechanical domestic appliances; with self-contained electric motor, other than vacuum cleaners of heading 85.08.",4,False,C00,TOTAL CPC,0,0,TOTAL MOT,-1,N/A,0.0,True,-1,N/A,0.0,False,10584626.0,False,0.0,False,127238685.554,,127238685.554,2,False,True
C,M,20240101,2024,1,202401,97,EUR,European Union,M,Import,156,CHN,China,0,W00,World,H6,HS,True,8516,"Electric water, space, soil heaters; electro-thermic hair-dressing apparatus; hand dryers, irons; electro-thermic appliances for domestic purposes; electro heating resistors, not of heading no. 8545",4,False,C00,TOTAL CPC,0,0,TOTAL MOT,-1,N/A,0.0,False,-1,N/A,0.0,False,49321104.005,True,0.0,False,380313437.812,,380313437.812,4,False,True
C,M,20240101,2024,1,202401,97,EUR,European Union,M,Import,156,CHN,China,0,W00,World,H6,HS,True,9401,"Seats (not those of heading no. 9402), whether or not convertible into beds and parts thereof",4,False,C00,TOTAL CPC,0,0,TOTAL MOT,-1,N/A,0.0,True,-1,N/A,0.0,False,102514421.327,True,0.0,False,438002415.253,,438002415.253,6,False,True
C,M,20240101,2024,1,202401,97,EUR,European Union,M,Import,156,CHN,China,0,W00,World,H6,HS,True,9403,"Furniture and parts thereof, n.e.c. in chapter 94",4,False,C00,TOTAL CPC,0,0,TOTAL MOT,-1,N/A,0.0,True,-1,N/A,0.0,False,159890231.0,False,0.0,False,422896344.648,,422896344.648,2,False,True
C,M,20240101,2024,1,202401,97,EUR,European Union,M,Import,156,CHN,China,0,W00,World,H6,HS,True,9405,"Luminaires and light fittings; including searchlights, spotlights and parts thereof, n.e.c.; illuminated signs, name-plates and the like, having permanently fixed light source and parts thereof n.e.c. or included",4,False,C00,TOTAL CPC,0,0,TOTAL MOT,8,kg,40281824.0,False,8,kg,40281824.0,False,40281824.0,False,0.0,False,452512267.954,,452512267.954,0,False,True
C,M,20240101,2024,1,202401,97,EUR,European Union,M,Import,156,CHN,China,0,W00,World,H6,HS,True,9503,"Tricycles, scooters, pedal cars and similar wheeled toys; dolls' carriages; dolls; other toys; reduced-size (scale) models and similar recreational models, working or not; puzzles of all kinds",4,False,C00,TOTAL CPC,0,0,TOTAL MOT,8,kg,27825562.109,True,-1,N/A,0.0,False,27825562.109,True,0.0,False,283230552.252,,283230552.252,6,False,True
C,M,20240201,2024,2,202402,97,EUR,European Union,M,Import,156,CHN,China,0,W00,World,H6,HS,True,3923,"Plastic articles for the conveyance or packing of goods; stoppers, lids, caps and other closures of plastics",4,False,C00,TOTAL CPC,0,0,TOTAL MOT,8,kg,24683811.198,True,-1,N/A,0.0,False,24683811.198,True,0.0,False,148340748.783,,148340748.783,6,False,True
C,M,20240201,2024,2,202402,97,EUR,European Union,M,Import,156,CHN,China,0,W00,World,H6,HS,True,3924,"Tableware, kitchenware, other household articles and hygienic or toilet articles, of plastics",4,False,C00,TOTAL CPC,0,0,TOTAL MOT,8,kg,22691370.0,False,8,kg,22691370.0,False,22691370.0,False,0.0,False,113538121.55,,113538121.55,0,False,True
C,M,20240201,2024,2,202402,97,EUR,European Union,M,Import,156,CHN,China,0,W00,World,H6,HS,True,3926,"Articles of plastics and articles of other materials of heading no. 3901 to 3914, n.e.c. in chapter 39",4,False,C00,TOTAL CPC,0,0,TOTAL MOT,8,kg,61226681.406,True,-1,N/A,0.0,False,61226681.406,True,0.0,False,416138781.488,,416138781.488,6,False,True
C,M,20240201,2024,2,202402,97,EUR,European Union,M,Import,156,CHN,China,0,W00,World,H6,HS,True,8414,"Air or vacuum pumps, air or other gas compressors and fans; ventilating or recycling hoods incorporating a fan; gas-tight biological safety cabinets whether or not fitted with filters",4,False,C00,TOTAL CPC,0,0,TOTAL MOT,-1,N/A,0.0,False,-1,N/A,0.0,False,35505219.0,False,0.0,False,269565205.905,,269565205.905,0,False,True
C,M,20240201,2024,2,202402,97,EUR,European Union,M,Import,156,CHN,China,0,W00,World,H6,HS,True,8415,"Air conditioning machines; comprising a motor driven fan and elements for changing the temperature and humidity, including those machines in which the humidity cannot be separately regulated",4,False,C00,TOTAL CPC,0,0,TOTAL MOT,-1,N/A,0.0,True,-1,N/A,0.0,False,23580001.0,False,0.0,False,210175622.047,,210175622.047,2,False,True
C,M,20240201,2024,2,202402,97,EUR,European Union,M,Import,156,CHN,China,0,W00,World,H6,HS,True,8418,"Refrigerators, freezers and other refrigerating or freezing equipment, electric or other; heat pumps other than air conditioning machines of heading no. 8415",4,False,C00,TOTAL CPC,0,0,TOTAL MOT,-1,N/A,0.0,True,-1,N/A,0.0,False,47172965.539,True,0.0,False,241211608.011,,241211608.011,6,False,True
C,M,20240201,2024,2,202402,97,EUR,European Union,M,Import,156,CHN,China,0,W00,World,H6,HS,True,8450,Household or laundry-type washing machines; including machines which both wash and dry,4,False,C00,TOTAL CPC,0,0,TOTAL MOT,-1,N/A,0.0,True,-1,N/A,0.0,False,29870172.0,False,0.0,False,103240366.841,,103240366.841,2,False,True
C,M,20240201,2024,2,202402,97,EUR,European Union,M,Import,156,CHN,China,0,W00,World,H6,HS,True,8508,Vacuum cleaners,4,False,C00,TOTAL CPC,0,0,TOTAL MOT,-1,N/A,0.0,False,-1,N/A,0.0,False,14572596.0,False,0.0,False,229401674.39,,229401674.39,0,False,True
C,M,20240201,2024,2,202402,97,EUR,European Union,M,Import,156,CHN,China,0,W00,World,H6,HS,True,8509,"Electro-mechanical domestic appliances; with self-contained electric motor, other than vacuum cleaners of heading 85.08.",4,False,C00,TOTAL CPC,0,0,TOTAL MOT,-1,N/A,0.0,True,-1,N/A,0.0,False,12207778.709,True,0.0,False,135659588.75,,135659588.75,6,False,True
C,M,20240201,2024,2,202402,97,EUR,European Union,M,Import,156,CHN,China,0,W00,World,H6,HS,True,8516,"Electric water, space, soil heaters; electro-thermic hair-dressing apparatus; hand dryers, irons; electro-thermic appliances for domestic purposes; electro heating resistors, not of heading no. 8545",4,False,C00,TOTAL CPC,0,0,TOTAL MOT,-1,N/A,0.0,False,-1,N/A,0.0,False,54359240.504,True,0.0,False,413933324.6,,413933324.6,4,False,True
C,M,20240201,2024,2,202402,97,EUR,European Union,M,Import,156,CHN,China,0,W00,World,H6,HS,True,9401,"Seats (not those of heading no. 9402), whether or not convertible into beds and parts thereof",4,False,C00,TOTAL CPC,0,0,TOTAL MOT,-1,N/A,0.0,True,-1,N/A,0.0,False,134149760.0,False,0.0,False,566266259.368,,566266259.368,2,False,True
C,M,20240201,2024,2,202402,97,EUR,European Union,M,Import,156,CHN,China,0,W00,World,H6,HS,True,9403,"Furniture and parts thereof, n.e.c. in chapter 94",4,False,C00,TOTAL CPC,0,0,TOTAL MOT,-1,N/A,0.0,True,-1,N/A,0.0,False,197328975.319,True,0.0,False,524996758.031,,524996758.031,6,False,True
C,M,20240201,2024,2,202402,97,EUR,European Union,M,Import,156,CHN,China,0,W00,World,H6,HS,True,9405,"Luminaires and light fittings; including searchlights, spotlights and parts thereof, n.e.c.; illuminated signs, name-plates and the like, having permanently fixed light source and parts thereof n.e.c. or included",4,False,C00,TOTAL CPC,0,0,TOTAL MOT,8,kg,49254476.483,True,-1,N/A,0.0,False,49254476.483,True,0.0,False,536163061.307,,536163061.307,6,False,True
C,M,20240201,2024,2,202402,97,EUR,European Union,M,Import,156,CHN,China,0,W00,World,H6,HS,True,9503,"Tricycles, scooters, pedal cars and similar wheeled toys; dolls' carriages; dolls; other toys; reduced-size (scale) models and similar recreational models, working or not; puzzles of all kinds",4,False,C00,TOTAL CPC,0,0,TOTAL MOT,8,kg,38917251.0,False,8,kg,38917251.0,False,38917251.0,False,0.0,False,365683610.982,,365683610.982,0,False,True
C,M,20240301,2024,3,202403,97,EUR,European Union,M,Import,156,CHN,China,0,W00,World,H6,HS,True,3923,"Plastic articles for the conveyance or packing of goods; stoppers, lids, caps and other closures of plastics",4,False,C00,TOTAL CPC,0,0,TOTAL MOT,8,kg,24733243.912,True,-1,N/A,0.0,False,24733243.912,True,0.0,False,147931318.52,,147931318.52,6,False,True
C,M,20240301,2024,3,202403,97,EUR,European Union,M,Import,156,CHN,China,0,W00,World,H6,HS,True,3924,"Tableware, kitchenware, other household articles and hygienic or toilet articles, of plastics",4,False,C00,TOTAL CPC,0,0,TOTAL MOT,8,kg,24779975.0,False,8,kg,24779975.0,False,24779975.0,False,0.0,False,125943811.453,,125943811.453,0,False,True
C,M,20240301,2024,3,202403,97,EUR,European Union,M,Import,156,CHN,China,0,W00,World,H6,HS,True,3926,"Articles of plastics and articles of other materials of heading no. 3901 to 3914, n.e.c. in chapter 39",4,False,C00,TOTAL CPC,0,0,TOTAL MOT,8,kg,63648133.317,True,-1,N/A,0.0,False,63648133.317,True,0.0,False,450659237.032,,450659237.032,6,False,True
C,M,20240301,2024,3,202403,97,EUR,European Union,M,Import,156,CHN,China,0,W00,World,H6,HS,True,8414,"Air or vacuum pumps, air or other gas compressors and fans; ventilating or recycling hoods incorporating a fan; gas-tight biological safety cabinets whether or not fitted with filters",4,False,C00,TOTAL CPC,0,0,TOTAL MOT,-1,N/A,0.0,False,-1,N/A,0.0,False,43949611.464,True,0.0,False,332351748.971,,332351748.971,4,False,True
C,M,20240301,2024,3,202403,97,EUR,European Union,M,Import,156,CHN,China,0,W00,World,H6,HS,True,8415,"Air conditioning machines; comprising a motor driven fan and elements for changing the temperature and humidity, including those machines in which the humidity cannot be separately regulated",4,False,C00,TOTAL CPC,0,0,TOTAL MOT,-1,N/A,0.0,True,-1,N/A,0.0,False,43906993.0,False,0.0,False,345834993.315,,345834993.315,2,False,True
C,M,20240301,2024,3,202403,97,EUR,European Union,M,Import,156,CHN,China,0,W00,World,H6,HS,True,8418,"Refrigerators, freezers and other refrigerating or freezing equipment, electric or other; heat pumps other than air conditioning machines of heading no. 8415",4,False,C00,TOTAL CPC,0,0,TOTAL MOT,-1,N/A,0.0,True,-1,N/A,0.0,False,55194180.844,True,0.0,False,292480773.302,,292480773.302,6,False,True
C,M,20240301,2024,3,202403,97,EUR,European Union,M,Import,156,CHN,China,0,W00,World,H6,HS,True,8450,Household or laundry-type washing machines; including machines which both wash and dry,4,False,C00,TOTAL CPC,0,0,TOTAL MOT,-1,N/A,0.0,False,-1,N/A,0.0,False,32098575.591,True,0.0,False,112877715.916,,112877715.916,4,False,True
C,M,20240301,2024,3,202403,97,EUR,European Union,M,Import,156,CHN,China,0,W00,World,H6,HS,True,8508,Vacuum cleaners,4,False,C00,TOTAL CPC,0,0,TOTAL MOT,-1,N/A,0.0,False,-1,N/A,0.0,False,16941189.0,False,0.0,False,287013825.955,,287013825.955,0,False,True
C,M,20240301,2024,3,202403,97,EUR,European Union,M,Import,156,CHN,China,0,W00,World,H6,HS,True,8509,"Electro-mechanical domestic appliances; with self-contained electric motor, other than vacuum cleaners of heading 85.08.",4,False,C00,TOTAL CPC,0,0,TOTAL MOT,-1,N/A,0.0,False,-1,N/A,0.0,False,13989915.0,False,0.0,False,166984078.624,,166984078.624,0,False,True
C,M,20240301,2024,3,202403,97,EUR,European Union,M,Import,156,CHN,China,0,W00,World,H6,HS,True,8516,"Electric water, space, soil heaters; electro-thermic hair-dressing apparatus; hand dryers, irons; electro-thermic appliances for domestic purposes; electro heating resistors, not of heading no. 8545",4,False,C00,TOTAL CPC,0,0,TOTAL MOT,-1,N/A,0.0,True,-1,N/A,0.0,False,58346587.0,False,0.0,False,460510167.031,,460510167.031,2,False,True
C,M,20240301,2024,3,202403,97,EUR,European Union,M,Import,156,CHN,China,0,W00,World,H6,HS,True,9401,"Seats (not those of heading no. 9402), whether or not convertible into beds and parts thereof",4,False,C00,TOTAL CPC,0,0,TOTAL MOT,-1,N/A,0.0,True,-1,N/A,0.0,False,137138507.633,True,0.0,False,617598231.776,,617598231.776,6,False,True
C,M,20240301,2024,3,202403,97,EUR,European Union,M,Import,156,CHN,China,0,W00,World,H6,HS,True,9403,"Furniture and parts thereof, n.e.c. in chapter 94",4,False,C00,TOTAL CPC,0,0,TOTAL MOT,-1,N/A,0.0,True,-1,N/A,0.0,False,202062079.0,False,0.0,False,570599984.881,,570599984.881,2,False,True
C,M,20240301,2024,3,202403,97,EUR,European Union,M,Import,156,CHN,China,0,W00,World,H6,HS,True,9405,"Luminaires and light fittings; including searchlights, spotlights and parts thereof, n.e.c.; illuminated signs, name-plates and the like, having permanently fixed light source and parts thereof n.e.c. or included",4,False,C00,TOTAL CPC,0,0,TOTAL MOT,8,kg,54416218.49,True,-1,N/A,0.0,False,54416218.49,True,0.0,False,611066966.414,,611066966.414,6,False,True
C,M,20240301,2024,3,202403,97,EUR,European Union,M,Import,156,CHN,China,0,W00,World,H6,HS,True,9503,"Tricycles, scooters, pedal cars and similar wheeled toys; dolls' carriages; dolls; other toys; reduced-size (scale) models and similar recreational models, working or not; puzzles of all kinds",4,False,C00,TOTAL CPC,0,0,TOTAL MOT,8,kg,45238863.34,True,-1,N/A,0.0,False,45238863.34,True,0.0,False,437132446.897,,437132446.897,6,False,True
C,M,20240401,2024,4,202404,97,EUR,European Union,M,Import,156,CHN,China,0,W00,World,H6,HS,True,3923,"Plastic articles for the conveyance or packing of goods; stoppers, lids, caps and other closures of plastics",4,False,C00,TOTAL CPC,0,0,TOTAL MOT,8,kg,24136802.051,True,-1,N/A,0.0,False,24136802.051,True,0.0,False,136711655.356,,136711655.356,6,False,True
C,M,20240401,2024,4,202404,97,EUR,European Union,M,Import,156,CHN,China,0,W00,World,H6,HS,True,3924,"Tableware, kitchenware, other household articles and hygienic or toilet articles, of plastics",4,False,C00,TOTAL CPC,0,0,TOTAL MOT,8,kg,21498686.0,False,8,kg,21498686.0,False,21498686.0,False,0.0,False,107773719.085,,107773719.085,0,False,True
C,M,20240401,2024,4,202404,97,EUR,European Union,M,Import,156,CHN,China,0,W00,World,H6,HS,True,3926,"Articles of plastics and articles of other materials of heading no. 3901 to 3914, n.e.c. in chapter 39",4,False,C00,TOTAL CPC,0,0,TOTAL MOT,8,kg,55890674.644,True,-1,N/A,0.0,False,55890674.644,True,0.0,False,398708425.652,,398708425.652,6,False,True
C,M,20240401,2024,4,202404,97,EUR,European Union,M,Import,156,CHN,China,0,W00,World,H6,HS,True,8414,"Air or vacuum pumps, air or other gas compressors and fans; ventilating or recycling hoods incorporating a fan; gas-tight biological safety cabinets whether or not fitted with filters",4,False,C00,TOTAL CPC,0,0,TOTAL MOT,-1,N/A,0.0,False,-1,N/A,0.0,False,43656554.553,True,0.0,False,325119531.47,,325119531.47,4,False,True
C,M,20240401,2024,4,202404,97,EUR,European Union,M,Import,156,CHN,China,0,W00,World,H6,HS,True,8415,"Air conditioning machines; comprising a motor driven fan and elements for changing the temperature and humidity, including those machines in which the humidity cannot be separately regulated",4,False,C00,TOTAL CPC,0,0,TOTAL MOT,-1,N/A,0.0,True,-1,N/A,0.0,False,58415395.0,False,0.0,False,458033399.895,,458033399.895,2,False,True
C,M,20240401,2024,4,202404,97,EUR,European Union,M,Import,156,CHN,China,0,W00,World,H6,HS,True,8418,"Refrigerators, freezers and other refrigerating or freezing equipment, electric or other; heat pumps other than air conditioning machines of heading no. 8415",4,False,C00,TOTAL CPC,0,0,TOTAL MOT,-1,N/A,0.0,True,-1,N/A,0.0,False,69014024.0,False,0.0,False,341289562.768,,341289562.768,2,False,True
C,M,20240401,2024,4,202404,97,EUR,European Union,M,Import,156,CHN,China,0,W00,World,H6,HS,True,8450,Household or laundry-type washing machines; including machines which both wash and dry,4,False,C00,TOTAL CPC,0,0,TOTAL MOT,-1,N/A,0.0,True,-1,N/A,0.0,False,38259720.0,False,0.0,False,128371558.735,,128371558.735,2,False,True
C,M,20240401,2024,4,202404,97,EUR,European Union,M,Import,156,CHN,China,0,W00,World,H6,HS,True,8508,Vacuum cleaners,4,False,C00,TOTAL CPC,0,0,TOTAL MOT,-1,N/A,0.0,False,-1,N/A,0.0,False,14312767.0,False,0.0,False,226559856.353,,226559856.353,0,False,True
C,M,20240401,2024,4,202404,97,EUR,European Union,M,Import,156,CHN,China,0,W00,World,H6,HS,True,8509,"Electro-mechanical domestic appliances; with self-contained electric motor, other than vacuum cleaners of heading 85.08.",4,False,C00,TOTAL CPC,0,0,TOTAL MOT,-1,N/A,0.0,False,-1,N/A,0.0,False,11664225.548,True,0.0,False,138612981.07,,138612981.07,4,False,True
C,M,20240401,2024,4,202404,97,EUR,European Union,M,Import,156,CHN,China,0,W00,World,H6,HS,True,8516,"Electric water, space, soil heaters; electro-thermic hair-dressing apparatus; hand dryers, irons; electro-thermic appliances for domestic purposes; electro heating resistors, not of heading no. 8545",4,False,C00,TOTAL CPC,0,0,TOTAL MOT,-1,N/A,0.0,True,-1,N/A,0.0,False,53774793.882,True,0.0,False,424469770.997,,424469770.997,6,False,True
C,M,20240401,2024,4,202404,97,EUR,European Union,M,Import,156,CHN,China,0,W00,World,H6,HS,True,9401,"Seats (not those of heading no. 9402), whether or not convertible into beds and parts thereof",4,False,C00,TOTAL CPC,0,0,TOTAL MOT,-1,N/A,0.0,False,-1,N/A,0.0,False,105694284.028,True,0.0,False,469537216.361,,469537216.361,4,False,True
C,M,20240401,2024,4,202404,97,EUR,European Union,M,Import,156,CHN,China,0,W00,World,H6,HS,True,9403,"Furniture and parts thereof, n.e.c. in chapter 94",4,False,C00,TOTAL CPC,0,0,TOTAL MOT,-1,N/A,0.0,True,-1,N/A,0.0,False,162337819.661,True,0.0,False,451551957.718,,451551957.718,6,False,True
C,M,20240401,2024,4,202404,97,EUR,European Union,M,Import,156,CHN,China,0,W00,World,H6,HS,True,9405,"Luminaires and light fittings; including searchlights, spotlights and parts thereof, n.e.c.; illuminated signs, name-plates and the like, having permanently fixed light source and parts thereof n.e.c. or included",4,False,C00,TOTAL CPC,0,0,TOTAL MOT,8,kg,41574449.163,True,-1,N/A,0.0,False,41574449.163,True,0.0,False,469229648.258,,469229648.258,6,False,True
C,M,20240401,2024,4,202404,97,EUR,European Union,M,Import,156,CHN,China,0,W00,World,H6,HS,True,9503,"Tricycles, scooters, pedal cars and similar wheeled toys; dolls' carriages; dolls; other toys; reduced-size (scale) models and similar recreational models, working or not; puzzles of all kinds",4,False,C00,TOTAL CPC,0,0,TOTAL MOT,8,kg,35370458.682,True,-1,N/A,0.0,False,35370458.682,True,0.0,False,330872265.432,,330872265.432,6,False,True
C,M,20240501,2024,5,202405,97,EUR,European Union,M,Import,156,CHN,China,0,W00,World,H6,HS,True,3923,"Plastic articles for the conveyance or packing of goods; stoppers, lids, caps and other closures of plastics",4,False,C00,TOTAL CPC,0,0,TOTAL MOT,8,kg,26025128.948,True,-1,N/A,0.0,False,26025128.948,True,0.0,False,157829585.557,,157829585.557,6,False,True
C,M,20240501,2024,5,202405,97,EUR,European Union,M,Import,156,CHN,China,0,W00,World,H6,HS,True,3924,"Tableware, kitchenware, other household articles and hygienic or toilet articles, of plastics",4,False,C00,TOTAL CPC,0,0,TOTAL MOT,8,kg,26086208.886,True,-1,N/A,0.0,False,26086208.886,True,0.0,False,124038917.572,,124038917.572,6,False,True
C,M,20240501,2024,5,202405,97,EUR,European Union,M,Import,156,CHN,China,0,W00,World,H6,HS,True,3926,"Articles of plastics and articles of other materials of heading no. 3901 to 3914, n.e.c. in chapter 39",4,False,C00,TOTAL CPC,0,0,TOTAL MOT,8,kg,62302928.017,True,-1,N/A,0.0,False,62302928.017,True,0.0,False,431202506.241,,431202506.241,6,False,True
C,M,20240501,2024,5,202405,97,EUR,European Union,M,Import,156,CHN,China,0,W00,World,H6,HS,True,8414,"Air or vacuum pumps, air or other gas compressors and fans; ventilating or recycling hoods incorporating a fan; gas-tight biological safety cabinets whether or not fitted with filters",4,False,C00,TOTAL CPC,0,0,TOTAL MOT,-1,N/A,0.0,False,-1,N/A,0.0,False,52122968.49,True,0.0,False,377091939.983,,377091939.983,4,False,True
C,M,20240501,2024,5,202405,97,EUR,European Union,M,Import,156,CHN,China,0,W00,World,H6,HS,True,8415,"Air conditioning machines; comprising a motor driven fan and elements for changing the temperature and humidity, including those machines in which the humidity cannot be separately regulated",4,False,C00,TOTAL CPC,0,0,TOTAL MOT,-1,N/A,0.0,True,-1,N/A,0.0,False,69615924.0,False,0.0,False,529939312.055,,529939312.055,2,False,True
C,M,20240501,2024,5,202405,97,EUR,European Union,M,Import,156,CHN,China,0,W00,World,H6,HS,True,8418,"Refrigerators, freezers and other refrigerating or freezing equipment, electric or other; heat pumps other than air conditioning machines of heading no. 8415",4,False,C00,TOTAL CPC,0,0,TOTAL MOT,-1,N/A,0.0,True,-1,N/A,0.0,False,76161308.0,False,0.0,False,377434095.049,,377434095.049,2,False,True
C,M,20240501,2024,5,202405,97,EUR,European Union,M,Import,156,CHN,China,0,W00,World,H6,HS,True,8450,Household or laundry-type washing machines; including machines which both wash and dry,4,False,C00,TOTAL CPC,0,0,TOTAL MOT,-1,N/A,0.0,True,-1,N/A,0.0,False,41934642.529,True,0.0,False,140906721.397,,140906721.397,6,False,True
C,M,20240501,2024,5,202405,97,EUR,European Union,M,Import,156,CHN,China,0,W00,World,H6,HS,True,8508,Vacuum cleaners,4,False,C00,TOTAL CPC,0,0,TOTAL MOT,-1,N/A,0.0,False,-1,N/A,0.0,False,18377432.0,False,0.0,False,293742920.808,,293742920.808,0,False,True
C,M,20240501,2024,5,202405,97,EUR,European Union,M,Import,156,CHN,China,0,W00,World,H6,HS,True,8509,"Electro-mechanical domestic appliances; with self-contained electric motor, other than vacuum cleaners of heading 85.08.",4,False,C00,TOTAL CPC,0,0,TOTAL MOT,-1,N/A,0.0,True,-1,N/A,0.0,False,16447571.0,False,0.0,False,196175200.906,,196175200.906,2,False,True
C,M,20240501,2024,5,202405,97,EUR,European Union,M,Import,156,CHN,China,0,W00,World,H6,HS,True,8516,"Electric water, space, soil heaters; electro-thermic hair-dressing apparatus; hand dryers, irons; electro-thermic appliances for domestic purposes; electro heating resistors, not of heading no. 8545",4,False,C00,TOTAL CPC,0,0,TOTAL MOT,-1,N/A,0.0,True,-1,N/A,0.0,False,65969747.334,True,0.0,False,535632251.947,,535632251.947,6,False,True
C,M,20240501,2024,5,202405,97,EUR,European Union,M,Import,156,CHN,China,0,W00,World,H6,HS,True,9401,"Seats (not those of heading no. 9402), whether or not convertible into beds and parts thereof",4,False,C00,TOTAL CPC,0,0,TOTAL MOT,-1,N/A,0.0,True,-1,N/A,0.0,False,126366786.0,False,0.0,False,550038886.219,,550038886.219,2,False,True
C,M,20240501,2024,5,202405,97,EUR,European Union,M,Import,156,CHN,China,0,W00,World,H6,HS,True,9403,"Furniture and parts thereof, n.e.c. in chapter 94",4,False,C00,TOTAL CPC,0,0,TOTAL MOT,-1,N/A,0.0,True,-1,N/A,0.0,False,189939751.325,True,0.0,False,512874451.07,,512874451.07,6,False,True
C,M,20240501,2024,5,202405,97,EUR,European Union,M,Import,156,CHN,China,0,W00,World,H6,HS,True,9405,"Luminaires and light fittings; including searchlights, spotlights and parts thereof, n.e.c.; illuminated signs, name-plates and the like, having permanently fixed light source and parts thereof n.e.c. or included",4,False,C00,TOTAL CPC,0,0,TOTAL MOT,8,kg,41796204.829,True,-1,N/A,0.0,False,41796204.829,True,0.0,False,480773994.196,,480773994.196,6,False,True
C,M,20240501,2024,5,202405,97,EUR,European Union,M,Import,156,CHN,China,0,W00,World,H6,HS,True,9503,"Tricycles, scooters, pedal cars and similar wheeled toys; dolls' carriages; dolls; other toys; reduced-size (scale) models and similar recreational models, working or not; puzzles of all kinds",4,False,C00,TOTAL CPC,0,0,TOTAL MOT,8,kg,38515659.013,True,-1,N/A,0.0,False,38515659.013,True,0.0,False,352194489.285,,352194489.285,6,False,True
C,M,20240601,2024,6,202406,97,EUR,European Union,M,Import,156,CHN,China,0,W00,World,H6,HS,True,3923,"Plastic articles for the conveyance or packing of goods; stoppers, lids, caps and other closures of plastics",4,False,C00,TOTAL CPC,0,0,TOTAL MOT,8,kg,26593633.8,True,-1,N/A,0.0,False,26593633.8,True,0.0,False,151178875.205,,151178875.205,6,False,True
C,M,20240601,2024,6,202406,97,EUR,European Union,M,Import,156,CHN,China,0,W00,World,H6,HS,True,3924,"Tableware, kitchenware, other household articles and hygienic or toilet articles, of plastics",4,False,C00,TOTAL CPC,0,0,TOTAL MOT,8,kg,26261680.0,False,8,kg,26261680.0,False,26261680.0,False,0.0,False,124497762.169,,124497762.169,0,False,True
C,M,20240601,2024,6,202406,97,EUR,European Union,M,Import,156,CHN,China,0,W00,World,H6,HS,True,3926,"Articles of plastics and articles of other materials of heading no. 3901 to 3914, n.e.c. in chapter 39",4,False,C00,TOTAL CPC,0,0,TOTAL MOT,8,kg,61808114.174,True,-1,N/A,0.0,False,61808114.174,True,0.0,False,421634787.245,,421634787.245,6,False,True
C,M,20240601,2024,6,202406,97,EUR,European Union,M,Import,156,CHN,China,0,W00,World,H6,HS,True,8414,"Air or vacuum pumps, air or other gas compressors and fans; ventilating or recycling hoods incorporating a fan; gas-tight biological safety cabinets whether or not fitted with filters",4,False,C00,TOTAL CPC,0,0,TOTAL MOT,-1,N/A,0.0,False,-1,N/A,0.0,False,42204230.544,True,0.0,False,306523376.671,,306523376.671,4,False,True
C,M,20240601,2024,6,202406,97,EUR,European Union,M,Import,156,CHN,China,0,W00,World,H6,HS,True,8415,"Air conditioning machines; comprising a motor driven fan and elements for changing the temperature and humidity, including those machines in which the humidity cannot be separately regulated",4,False,C00,TOTAL CPC,0,0,TOTAL MOT,-1,N/A,0.0,True,-1,N/A,0.0,False,56311987.583,True,0.0,False,418721437.388,,418721437.388,6,False,True
C,M,20240601,2024,6,202406,97,EUR,European Union,M,Import,156,CHN,China,0,W00,World,H6,HS,True,8418,"Refrigerators, freezers and other refrigerating or freezing equipment, electric or other; heat pumps other than air conditioning machines of heading no. 8415",4,False,C00,TOTAL CPC,0,0,TOTAL MOT,-1,N/A,0.0,True,-1,N/A,0.0,False,76233772.324,True,0.0,False,364872829.517,,364872829.517,6,False,True
C,M,20240601,2024,6,202406,97,EUR,European Union,M,Import,156,CHN,China,0,W00,World,H6,HS,True,8450,Household or laundry-type washing machines; including machines which both wash and dry,4,False,C00,TOTAL CPC,0,0,TOTAL MOT,-1,N/A,0.0,True,-1,N/A,0.0,False,35245969.264,True,0.0,False,118887476.118,,118887476.118,6,False,True
C,M,20240601,2024,6,202406,97,EUR,European Union,M,Import,156,CHN,China,0,W00,World,H6,HS,True,8508,Vacuum cleaners,4,False,C00,TOTAL CPC,0,0,TOTAL MOT,-1,N/A,0.0,False,-1,N/A,0.0,False,17134146.31,True,0.0,False,300552815.936,,300552815.936,4,False,True
C,M,20240601,2024,6,202406,97,EUR,European Union,M,Import,156,CHN,China,0,W00,World,H6,HS,True,8509,"Electro-mechanical domestic appliances; with self-contained electric motor, other than vacuum cleaners of heading 85.08.",4,False,C00,TOTAL CPC,0,0,TOTAL MOT,-1,N/A,0.0,True,-1,N/A,0.0,False,14767580.0,False,0.0,False,172605849.235,,172605849.235,2,False,True
C,M,20240601,2024,6,202406,97,EUR,European Union,M,Import,156,CHN,China,0,W00,World,H6,HS,True,8516,"Electric water, space, soil heaters; electro-thermic hair-dressing apparatus; hand dryers, irons; electro-thermic appliances for domestic purposes; electro heating resistors, not of heading no. 8545",4,False,C00,TOTAL CPC,0,0,TOTAL MOT,-1,N/A,0.0,True,-1,N/A,0.0,False,66419235.097,True,0.0,False,496094112.711,,496094112.711,6,False,True
C,M,20240601,2024,6,202406,97,EUR,European Union,M,Import,156,CHN,China,0,W00,World,H6,HS,True,9401,"Seats (not those of heading no. 9402), whether or not convertible into beds and parts thereof",4,False,C00,TOTAL CPC,0,0,TOTAL MOT,-1,N/A,0.0,True,-1,N/A,0.0,False,123941469.079,True,0.0,False,518251297.588,,518251297.588,6,False,True
C,M,20240601,2024,6,202406,97,EUR,European Union,M,Import,156,CHN,China,0,W00,World,H6,HS,True,9403,"Furniture and parts thereof, n.e.c. in chapter 94",4,False,C00,TOTAL CPC,0,0,TOTAL MOT,-1,N/A,0.0,True,-1,N/A,0.0,False,186012206.0,False,0.0,False,482211230.39,,482211230.39,2,False,True
C,M,20240601,2024,6,202406,97,EUR,European Union,M,Import,156,CHN,China,0,W00,World,H6,HS,True,9405,"Luminaires and light fittings; including searchlights, spotlights and parts thereof, n.e.c.; illuminated signs, name-plates and the like, having permanently fixed light source and parts thereof n.e.c. or included",4,False,C00,TOTAL CPC,0,0,TOTAL MOT,8,kg,46318267.516,True,-1,N/A,0.0,False,46318267.516,True,0.0,False,509592022.105,,509592022.105,6,False,True
C,M,20240601,2024,6,202406,97,EUR,European Union,M,Import,156,CHN,China,0,W00,World,H6,HS,True,9503,"Tricycles, scooters, pedal cars and similar wheeled toys; dolls' carriages; dolls; other toys; reduced-size (scale) models and similar recreational models, working or not; puzzles of all kinds",4,False,C00,TOTAL CPC,0,0,TOTAL MOT,8,kg,36193674.443,True,-1,N/A,0.0,False,36193674.443,True,0.0,False,347508529.901,,347508529.901,6,False,True
C,M,20240701,2024,7,202407,97,EUR,European Union,M,Import,156,CHN,China,0,W00,World,H6,HS,True,3923,"Plastic articles for the conveyance or packing of goods; stoppers, lids, caps and other closures of plastics",4,False,C00,TOTAL CPC,0,0,TOTAL MOT,8,kg,32709594.337,True,-1,N/A,0.0,False,32709594.337,True,0.0,False,189464846.654,,189464846.654,6,False,True
C,M,20240701,2024,7,202407,97,EUR,European Union,M,Import,156,CHN,China,0,W00,World,H6,HS,True,3924,"Tableware, kitchenware, other household articles and hygienic or toilet articles, of plastics",4,False,C00,TOTAL CPC,0,0,TOTAL MOT,8,kg,29932928.0,False,8,kg,29932928.0,False,29932928.0,False,0.0,False,149590262.292,,149590262.292,0,False,True
C,M,20240701,2024,7,202407,97,EUR,European Union,M,Import,156,CHN,China,0,W00,World,H6,HS,True,3926,"Articles of plastics and articles of other materials of heading no. 3901 to 3914, n.e.c. in chapter 39",4,False,C00,TOTAL CPC,0,0,TOTAL MOT,8,kg,72627143.625,True,-1,N/A,0.0,False,72627143.625,True,0.0,False,504332657.649,,504332657.649,6,False,True
C,M,20240701,2024,7,202407,97,EUR,European Union,M,Import,156,CHN,China,0,W00,World,H6,HS,True,8414,"Air or vacuum pumps, air or other gas compressors and fans; ventilating or recycling hoods incorporating a fan; gas-tight biological safety cabinets whether or not fitted with filters",4,False,C00,TOTAL CPC,0,0,TOTAL MOT,-1,N/A,0.0,False,-1,N/A,0.0,False,42733233.242,True,0.0,False,331899795.657,,331899795.657,4,False,True
C,M,20240701,2024,7,202407,97,EUR,European Union,M,Import,156,CHN,China,0,W00,World,H6,HS,True,8415,"Air conditioning machines; comprising a motor driven fan and elements for changing the temperature and humidity, including those machines in which the humidity cannot be separately regulated",4,False,C00,TOTAL CPC,0,0,TOTAL MOT,-1,N/A,0.0,True,-1,N/A,0.0,False,53334913.0,False,0.0,False,417029911.387,,417029911.387,2,False,True
C,M,20240701,2024,7,202407,97,EUR,European Union,M,Import,156,CHN,China,0,W00,World,H6,HS,True,8418,"Refrigerators, freezers and other refrigerating or freezing equipment, electric or other; heat pumps other than air conditioning machines of heading no. 8415",4,False,C00,TOTAL CPC,0,0,TOTAL MOT,-1,N/A,0.0,True,-1,N/A,0.0,False,86171204.0,False,0.0,False,417580409.879,,417580409.879,2,False,True
C,M,20240701,2024,7,202407,97,EUR,European Union,M,Import,156,CHN,China,0,W00,World,H6,HS,True,8450,Household or laundry-type washing machines; including machines which both wash and dry,4,False,C00,TOTAL CPC,0,0,TOTAL MOT,-1,N/A,0.0,True,-1,N/A,0.0,False,37939902.63,True,0.0,False,126362244.598,,126362244.598,6,False,True
C,M,20240701,2024,7,202407,97,EUR,European Union,M,Import,156,CHN,China,0,W00,World,H6,HS,True,8508,Vacuum cleaners,4,False,C00,TOTAL CPC,0,0,TOTAL MOT,-1,N/A,0.0,False,-1,N/A,0.0,False,19873234.0,False,0.0,False,299748051.29,,299748051.29,0,False,True
C,M,20240701,2024,7,202407,97,EUR,European Union,M,Import,156,CHN,China,0,W00,World,H6,HS,True,8509,"Electro-mechanical domestic appliances; with self-contained electric motor, other than vacuum cleaners of heading 85.08.",4,False,C00,TOTAL CPC,0,0,TOTAL MOT,-1,N/A,0.0,True,-1,N/A,0.0,False,18637677.614,True,0.0,False,210848155.009,,210848155.009,6,False,True
C,M,20240701,2024,7,202407,97,EUR,European Union,M,Import,156,CHN,China,0,W00,World,H6,HS,True,8516,"Electric water, space, soil heaters; electro-thermic hair-dressing apparatus; hand dryers, irons; electro-thermic appliances for domestic purposes; electro heating resistors, not of heading no. 8545",4,False,C00,TOTAL CPC,0,0,TOTAL MOT,-1,N/A,0.0,True,-1,N/A,0.0,False,82666778.411,True,0.0,False,637923822.409,,637923822.409,6,False,True
C,M,20240701,2024,7,202407,97,EUR,European Union,M,Import,156,CHN,China,0,W00,World,H6,HS,True,9401,"Seats (not those of heading no. 9402), whether or not convertible into beds and parts thereof",4,False,C00,TOTAL CPC,0,0,TOTAL MOT,-1,N/A,0.0,True,-1,N/A,0.0,False,136897339.788,True,0.0,False,594628015.244,,594628015.244,6,False,True
C,M,20240701,2024,7,202407,97,EUR,European Union,M,Import,156,CHN,China,0,W00,World,H6,HS,True,9403,"Furniture and parts thereof, n.e.c. in chapter 94",4,False,C00,TOTAL CPC,0,0,TOTAL MOT,-1,N/A,0.0,True,-1,N/A,0.0,False,228803169.0,False,0.0,False,600229387.0,,600229387.0,2,False,True
C,M,20240701,2024,7,202407,97,EUR,European Union,M,Import,156,CHN,China,0,W00,World,H6,HS,True,9405,"Luminaires and light fittings; including searchlights, spotlights and parts thereof, n.e.c.; illuminated signs, name-plates and the like, having permanently fixed light source and parts thereof n.e.c. or included",4,False,C00,TOTAL CPC,0,0,TOTAL MOT,8,kg,59976040.0,False,8,kg,59976040.0,False,59976040.0,False,0.0,False,661053956.936,,661053956.936,0,False,True
C,M,20240701,2024,7,202407,97,EUR,European Union,M,Import,156,CHN,China,0,W00,World,H6,HS,True,9503,"Tricycles, scooters, pedal cars and similar wheeled toys; dolls' carriages; dolls; other toys; reduced-size (scale) models and similar recreational models, working or not; puzzles of all kinds",4,False,C00,TOTAL CPC,0,0,TOTAL MOT,8,kg,50190729.119,True,-1,N/A,0.0,False,50190729.119,True,0.0,False,504848657.565,,504848657.565,6,False,True
C,M,20240801,2024,8,202408,97,EUR,European Union,M,Import,156,CHN,China,0,W00,World,H6,HS,True,3923,"Plastic articles for the conveyance or packing of goods; stoppers, lids, caps and other closures of plastics",4,False,C00,TOTAL CPC,0,0,TOTAL MOT,8,kg,31712588.49,True,-1,N/A,0.0,False,31712588.49,True,0.0,False,184054298.874,,184054298.874,6,False,True
C,M,20240801,2024,8,202408,97,EUR,European Union,M,Import,156,CHN,China,0,W00,World,H6,HS,True,3924,"Tableware, kitchenware, other household articles and hygienic or toilet articles, of plastics",4,False,C00,TOTAL CPC,0,0,TOTAL MOT,8,kg,29408103.0,False,8,kg,29408103.0,False,29408103.0,False,0.0,False,154183607.517,,154183607.517,0,False,True
C,M,20240801,2024,8,202408,97,EUR,European Union,M,Import,156,CHN,China,0,W00,World,H6,HS,True,3926,"Articles of plastics and articles of other materials of heading no. 3901 to 3914, n.e.c. in chapter 39",4,False,C00,TOTAL CPC,0,0,TOTAL MOT,8,kg,66463851.875,True,-1,N/A,0.0,False,66463851.875,True,0.0,False,500789678.014,,500789678.014,6,False,True
C,M,20240801,2024,8,202408,97,EUR,European Union,M,Import,156,CHN,China,0,W00,World,H6,HS,True,8414,"Air or vacuum pumps, air or other gas compressors and fans; ventilating or recycling hoods incorporating a fan; gas-tight biological safety cabinets whether or not fitted with filters",4,False,C00,TOTAL CPC,0,0,TOTAL MOT,-1,N/A,0.0,False,-1,N/A,0.0,False,33579261.416,True,0.0,False,284353563.009,,284353563.009,4,False,True
C,M,20240801,2024,8,202408,97,EUR,European Union,M,Import,156,CHN,China,0,W00,World,H6,HS,True,8415,"Air conditioning machines; comprising a motor driven fan and elements for changing the temperature and humidity, including those machines in which the humidity cannot be separately regulated",4,False,C00,TOTAL CPC,0,0,TOTAL MOT,-1,N/A,0.0,True,-1,N/A,0.0,False,39339882.0,False,0.0,False,330371712.463,,330371712.463,2,False,True
C,M,20240801,2024,8,202408,97,EUR,European Union,M,Import,156,CHN,China,0,W00,World,H6,HS,True,8418,"Refrigerators, freezers and other refrigerating or freezing equipment, electric or other; heat pumps other than air conditioning machines of heading no. 8415",4,False,C00,TOTAL CPC,0,0,TOTAL MOT,-1,N/A,0.0,True,-1,N/A,0.0,False,79265170.0,False,0.0,False,390865261.26,,390865261.26,2,False,True
C,M,20240801,2024,8,202408,97,EUR,European Union,M,Import,156,CHN,China,0,W00,World,H6,HS,True,8450,Household or laundry-type washing machines; including machines which both wash and dry,4,False,C00,TOTAL CPC,0,0,TOTAL MOT,-1,N/A,0.0,True,-1,N/A,0.0,False,38173446.683,True,0.0,False,129450653.135,,129450653.135,6,False,True
C,M,20240801,2024,8,202408,97,EUR,European Union,M,Import,156,CHN,China,0,W00,World,H6,HS,True,8508,Vacuum cleaners,4,False,C00,TOTAL CPC,0,0,TOTAL MOT,-1,N/A,0.0,False,-1,N/A,0.0,False,22280434.0,False,0.0,False,355059861.963,,355059861.963,0,False,True
C,M,20240801,2024,8,202408,97,EUR,European Union,M,Import,156,CHN,China,0,W00,World,H6,HS,True,8509,"Electro-mechanical domestic appliances; with self-contained electric motor, other than vacuum cleaners of heading 85.08.",4,False,C00,TOTAL CPC,0,0,TOTAL MOT,-1,N/A,0.0,True,-1,N/A,0.0,False,19784011.496,True,0.0,False,221767509.698,,221767509.698,6,False,True
C,M,20240801,2024,8,202408,97,EUR,European Union,M,Import,156,CHN,China,0,W00,World,H6,HS,True,8516,"Electric water, space, soil heaters; electro-thermic hair-dressing apparatus; hand dryers, irons; electro-thermic appliances for domestic purposes; electro heating resistors, not of heading no. 8545",4,False,C00,TOTAL CPC,0,0,TOTAL MOT,-1,N/A,0.0,True,-1,N/A,0.0,False,90826603.727,True,0.0,False,701758026.488,,701758026.488,6,False,True
C,M,20240801,2024,8,202408,97,EUR,European Union,M,Import,156,CHN,China,0,W00,World,H6,HS,True,9401,"Seats (not those of heading no. 9402), whether or not convertible into beds and parts thereof",4,False,C00,TOTAL CPC,0,0,TOTAL MOT,-1,N/A,0.0,True,-1,N/A,0.0,False,117798845.23,True,0.0,False,539926312.835,,539926312.835,6,False,True
C,M,20240801,2024,8,202408,97,EUR,European Union,M,Import,156,CHN,China,0,W00,World,H6,HS,True,9403,"Furniture and parts thereof, n.e.c. in chapter 94",4,False,C00,TOTAL CPC,0,0,TOTAL MOT,-1,N/A,0.0,True,-1,N/A,0.0,False,222798784.565,True,0.0,False,601335150.959,,601335150.959,6,False,True
C,M,20240801,2024,8,202408,97,EUR,European Union,M,Import,156,CHN,China,0,W00,World,H6,HS,True,9405,"Luminaires and light fittings; including searchlights, spotlights and parts thereof, n.e.c.; illuminated signs, name-plates and the like, having permanently fixed light source and parts thereof n.e.c. or included",4,False,C00,TOTAL CPC,0,0,TOTAL MOT,8,kg,70746248.921,True,-1,N/A,0.0,False,70746248.921,True,0.0,False,772618941.64,,772618941.64,6,False,True
C,M,20240801,2024,8,202408,97,EUR,European Union,M,Import,156,CHN,China,0,W00,World,H6,HS,True,9503,"Tricycles, scooters, pedal cars and similar wheeled toys; dolls' carriages; dolls; other toys; reduced-size (scale) models and similar recreational models, working or not; puzzles of all kinds",4,False,C00,TOTAL CPC,0,0,TOTAL MOT,8,kg,66334340.42,True,-1,N/A,0.0,False,66334340.42,True,0.0,False,679900734.16,,679900734.16,6,False,True
C,M,20240901,2024,9,202409,97,EUR,European Union,M,Import,156,CHN,China,0,W00,World,H6,HS,True,3923,"Plastic articles for the conveyance or packing of goods; stoppers, lids, caps and other closures of plastics",4,False,C00,TOTAL CPC,0,0,TOTAL MOT,8,kg,32313443.059,True,-1,N/A,0.0,False,32313443.059,True,0.0,False,191353116.328,,191353116.328,6,False,True
C,M,20240901,2024,9,202409,97,EUR,European Union,M,Import,156,CHN,China,0,W00,World,H6,HS,True,3924,"Tableware, kitchenware, other household articles and hygienic or toilet articles, of plastics",4,False,C00,TOTAL CPC,0,0,TOTAL MOT,8,kg,27782883.4,True,-1,N/A,0.0,False,27782883.4,True,0.0,False,147195395.981,,147195395.981,6,False,True
C,M,20240901,2024,9,202409,97,EUR,European Union,M,Import,156,CHN,China,0,W00,World,H6,HS,True,3926,"Articles of plastics and articles of other materials of heading no. 3901 to 3914, n.e.c. in chapter 39",4,False,C00,TOTAL CPC,0,0,TOTAL MOT,8,kg,67979861.966,True,-1,N/A,0.0,False,67979861.966,True,0.0,False,567120369.859,,567120369.859,6,False,True
C,M,20240901,2024,9,202409,97,EUR,European Union,M,Import,156,CHN,China,0,W00,World,H6,HS,True,8414,"Air or vacuum pumps, air or other gas compressors and fans; ventilating or recycling hoods incorporating a fan; gas-tight biological safety cabinets whether or not fitted with filters",4,False,C00,TOTAL CPC,0,0,TOTAL MOT,-1,N/A,0.0,False,-1,N/A,0.0,False,34086318.0,False,0.0,False,296092102.671,,296092102.671,0,False,True
C,M,20240901,2024,9,202409,97,EUR,European Union,M,Import,156,CHN,China,0,W00,World,H6,HS,True,8415,"Air conditioning machines; comprising a motor driven fan and elements for changing the temperature and humidity, including those machines in which the humidity cannot be separately regulated",4,False,C00,TOTAL CPC,0,0,TOTAL MOT,-1,N/A,0.0,True,-1,N/A,0.0,False,27433265.255,True,0.0,False,251981020.599,,251981020.599,6,False,True
C,M,20240901,2024,9,202409,97,EUR,European Union,M,Import,156,CHN,China,0,W00,World,H6,HS,True,8418,"Refrigerators, freezers and other refrigerating or freezing equipment, electric or other; heat pumps other than air conditioning machines of heading no. 8415",4,False,C00,TOTAL CPC,0,0,TOTAL MOT,-1,N/A,0.0,True,-1,N/A,0.0,False,70367281.0,False,0.0,False,355417828.802,,355417828.802,2,False,True
C,M,20240901,2024,9,202409,97,EUR,European Union,M,Import,156,CHN,China,0,W00,World,H6,HS,True,8450,Household or laundry-type washing machines; including machines which both wash and dry,4,False,C00,TOTAL CPC,0,0,TOTAL MOT,-1,N/A,0.0,True,-1,N/A,0.0,False,39651735.0,False,0.0,False,131839516.108,,131839516.108,2,False,True
C,M,20240901,2024,9,202409,97,EUR,European Union,M,Import,156,CHN,China,0,W00,World,H6,HS,True,8508,Vacuum cleaners,4,False,C00,TOTAL CPC,0,0,TOTAL MOT,-1,N/A,0.0,False,-1,N/A,0.0,False,25220971.0,False,0.0,False,401952547.082,,401952547.082,0,False,True
C,M,20240901,2024,9,202409,97,EUR,European Union,M,Import,156,CHN,China,0,W00,World,H6,HS,True,8509,"Electro-mechanical domestic appliances; with self-contained electric motor, other than vacuum cleaners of heading 85.08.",4,False,C00,TOTAL CPC,0,0,TOTAL MOT,-1,N/A,0.0,True,-1,N/A,0.0,False,20115884.0,False,0.0,False,249211935.257,,249211935.257,2,False,True
C,M,20240901,2024,9,202409,97,EUR,European Union,M,Import,156,CHN,China,0,W00,World,H6,HS,True,8516,"Electric water, space, soil heaters; electro-thermic hair-dressing apparatus; hand dryers, irons; electro-thermic appliances for domestic purposes; electro heating resistors, not of heading no. 8545",4,False,C00,TOTAL CPC,0,0,TOTAL MOT,-1,N/A,0.0,True,-1,N/A,0.0,False,99016545.0,False,0.0,False,756251117.166,,756251117.166,2,False,True
C,M,20240901,2024,9,202409,97,EUR,European Union,M,Import,156,CHN,China,0,W00,World,H6,HS,True,9401,"Seats (not those of heading no. 9402), whether or not convertible into beds and parts thereof",4,False,C00,TOTAL CPC,0,0,TOTAL MOT,-1,N/A,0.0,True,-1,N/A,0.0,False,115337490.01,True,0.0,False,539571022.242,,539571022.242,6,False,True
C,M,20240901,2024,9,202409,97,EUR,European Union,M,Import,156,CHN,China,0,W00,World,H6,HS,True,9403,"Furniture and parts thereof, n.e.c. in chapter 94",4,False,C00,TOTAL CPC,0,0,TOTAL MOT,-1,N/A,0.0,True,-1,N/A,0.0,False,206389728.0,False,0.0,False,562635773.159,,562635773.159,2,False,True
C,M,20240901,2024,9,202409,97,EUR,European Union,M,Import,156,CHN,China,0,W00,World,H6,HS,True,9405,"Luminaires and light fittings; including searchlights, spotlights and parts thereof, n.e.c.; illuminated signs, name-plates and the like, having permanently fixed light source and parts thereof n.e.c. or included",4,False,C00,TOTAL CPC,0,0,TOTAL MOT,8,kg,80280352.774,True,-1,N/A,0.0,False,80280352.774,True,0.0,False,865693286.271,,865693286.271,6,False,True
C,M,20240901,2024,9,202409,97,EUR,European Union,M,Import,156,CHN,China,0,W00,World,H6,HS,True,9503,"Tricycles, scooters, pedal cars and similar wheeled toys; dolls' carriages; dolls; other toys; reduced-size (scale) models and similar recreational models, working or not; puzzles of all kinds",4,False,C00,TOTAL CPC,0,0,TOTAL MOT,8,kg,88429469.521,True,-1,N/A,0.0,False,88429469.521,True,0.0,False,886330604.574,,886330604.574,6,False,True
C,M,20241001,2024,10,202410,97,EUR,European Union,M,Import,156,CHN,China,0,W00,World,H6,HS,True,3923,"Plastic articles for the conveyance or packing of goods; stoppers, lids, caps and other closures of plastics",4,False,C00,TOTAL CPC,0,0,TOTAL MOT,8,kg,34044925.648,True,-1,N/A,0.0,False,34044925.648,True,0.0,False,185608919.088,,185608919.088,6,False,True
C,M,20241001,2024,10,202410,97,EUR,European Union,M,Import,156,CHN,China,0,W00,World,H6,HS,True,3924,"Tableware, kitchenware, other household articles and hygienic or toilet articles, of plastics",4,False,C00,TOTAL CPC,0,0,TOTAL MOT,8,kg,29327485.0,False,8,kg,29327485.0,False,29327485.0,False,0.0,False,145355185.109,,145355185.109,0,False,True
C,M,20241001,2024,10,202410,97,EUR,European Union,M,Import,156,CHN,China,0,W00,World,H6,HS,True,3926,"Articles of plastics and articles of other materials of heading no. 3901 to 3914, n.e.c. in chapter 39",4,False,C00,TOTAL CPC,0,0,TOTAL MOT,8,kg,67608346.295,True,-1,N/A,0.0,False,67608346.295,True,0.0,False,519750398.872,,519750398.872,6,False,True
C,M,20241001,2024,10,202410,97,EUR,European Union,M,Import,156,CHN,China,0,W00,World,H6,HS,True,8414,"Air or vacuum pumps, air or other gas compressors and fans; ventilating or recycling hoods incorporating a fan; gas-tight biological safety cabinets whether or not fitted with filters",4,False,C00,TOTAL CPC,0,0,TOTAL MOT,-1,N/A,0.0,False,-1,N/A,0.0,False,34641229.0,False,0.0,False,294806493.919,,294806493.919,0,False,True
C,M,20241001,2024,10,202410,97,EUR,European Union,M,Import,156,CHN,China,0,W00,World,H6,HS,True,8415,"Air conditioning machines; comprising a motor driven fan and elements for changing the temperature and humidity, including those machines in which the humidity cannot be separately regulated",4,False,C00,TOTAL CPC,0,0,TOTAL MOT,-1,N/A,0.0,True,-1,N/A,0.0,False,24185031.886,True,0.0,False,223954687.566,,223954687.566,6,False,True
C,M,20241001,2024,10,202410,97,EUR,European Union,M,Import,156,CHN,China,0,W00,World,H6,HS,True,8418,"Refrigerators, freezers and other refrigerating or freezing equipment, electric or other; heat pumps other than air conditioning machines of heading no. 8415",4,False,C00,TOTAL CPC,0,0,TOTAL MOT,-1,N/A,0.0,True,-1,N/A,0.0,False,68420209.0,False,0.0,False,338813260.296,,338813260.296,2,False,True
C,M,20241001,2024,10,202410,97,EUR,European Union,M,Import,156,CHN,China,0,W00,World,H6,HS,True,8450,Household or laundry-type washing machines; including machines which both wash and dry,4,False,C00,TOTAL CPC,0,0,TOTAL MOT,-1,N/A,0.0,False,-1,N/A,0.0,False,44210108.744,True,0.0,False,143791570.257,,143791570.257,4,False,True
C,M,20241001,2024,10,202410,97,EUR,European Union,M,Import,156,CHN,China,0,W00,World,H6,HS,True,8508,Vacuum cleaners,4,False,C00,TOTAL CPC,0,0,TOTAL MOT,-1,N/A,0.0,False,-1,N/A,0.0,False,31406003.0,False,0.0,False,477405965.294,,477405965.294,0,False,True
C,M,20241001,2024,10,202410,97,EUR,European Union,M,Import,156,CHN,China,0,W00,World,H6,HS,True,8509,"Electro-mechanical domestic appliances; with self-contained electric motor, other than vacuum cleaners of heading 85.08.",4,False,C00,TOTAL CPC,0,0,TOTAL MOT,-1,N/A,0.0,True,-1,N/A,0.0,False,27110476.0,False,0.0,False,303929962.37,,303929962.37,2,False,True
C,M,20241001,2024,10,202410,97,EUR,European Union,M,Import,156,CHN,China,0,W00,World,H6,HS,True,8516,"Electric water, space, soil heaters; electro-thermic hair-dressing apparatus; hand dryers, irons; electro-thermic appliances for domestic purposes; electro heating resistors, not of heading no. 8545",4,False,C00,TOTAL CPC,0,0,TOTAL MOT,-1,N/A,0.0,True,-1,N/A,0.0,False,111696384.0,False,0.0,False,854079413.971,,854079413.971,2,False,True
C,M,20241001,2024,10,202410,97,EUR,European Union,M,Import,156,CHN,China,0,W00,World,H6,HS,True,9401,"Seats (not those of heading no. 9402), whether or not convertible into beds and parts thereof",4,False,C00,TOTAL CPC,0,0,TOTAL MOT,-1,N/A,0.0,True,-1,N/A,0.0,False,126278440.748,True,0.0,False,565177982.405,,565177982.405,6,False,True
C,M,20241001,2024,10,202410,97,EUR,European Union,M,Import,156,CHN,China,0,W00,World,H6,HS,True,9403,"Furniture and parts thereof, n.e.c. in chapter 94",4,False,C00,TOTAL CPC,0,0,TOTAL MOT,-1,N/A,0.0,True,-1,N/A,0.0,False,229785287.063,True,0.0,False,603042408.939,,603042408.939,6,False,True
C,M,20241001,2024,10,202410,97,EUR,European Union,M,Import,156,CHN,China,0,W00,World,H6,HS,True,9405,"Luminaires and light fittings; including searchlights, spotlights and parts thereof, n.e.c.; illuminated signs, name-plates and the like, having permanently fixed light source and parts thereof n.e.c. or included",4,False,C00,TOTAL CPC,0,0,TOTAL MOT,8,kg,77482432.251,True,-1,N/A,0.0,False,77482432.251,True,0.0,False,829205280.661,,829205280.661,6,False,True
C,M,20241001,2024,10,202410,97,EUR,European Union,M,Import,156,CHN,China,0,W00,World,H6,HS,True,9503,"Tricycles, scooters, pedal cars and similar wheeled toys; dolls' carriages; dolls; other toys; reduced-size (scale) models and similar recreational models, working or not; puzzles of all kinds",4,False,C00,TOTAL CPC,0,0,TOTAL MOT,8,kg,84550655.819,True,-1,N/A,0.0,False,84550655.819,True,0.0,False,851661563.144,,851661563.144,6,False,True
C,M,20241101,2024,11,202411,97,EUR,European Union,M,Import,156,CHN,China,0,W00,World,H6,HS,True,3923,"Plastic articles for the conveyance or packing of goods; stoppers, lids, caps and other closures of plastics",4,False,C00,TOTAL CPC,0,0,TOTAL MOT,8,kg,27386504.531,True,-1,N/A,0.0,False,27386504.531,True,0.0,False,153443077.22,,153443077.22,6,False,True
C,M,20241101,2024,11,202411,97,EUR,European Union,M,Import,156,CHN,China,0,W00,World,H6,HS,True,3924,"Tableware, kitchenware, other household articles and hygienic or toilet articles, of plastics",4,False,C00,TOTAL CPC,0,0,TOTAL MOT,8,kg,26759270.0,False,8,kg,26759270.0,False,26759270.0,False,0.0,False,129968291.286,,129968291.286,0,False,True
C,M,20241101,2024,11,202411,97,EUR,European Union,M,Import,156,CHN,China,0,W00,World,H6,HS,True,3926,"Articles of plastics and articles of other materials of heading no. 3901 to 3914, n.e.c. in chapter 39",4,False,C00,TOTAL CPC,0,0,TOTAL MOT,8,kg,59845684.024,True,-1,N/A,0.0,False,59845684.024,True,0.0,False,438364254.805,,438364254.805,6,False,True
C,M,20241101,2024,11,202411,97,EUR,European Union,M,Import,156,CHN,China,0,W00,World,H6,HS,True,8414,"Air or vacuum pumps, air or other gas compressors and fans; ventilating or recycling hoods incorporating a fan; gas-tight biological safety cabinets whether or not fitted with filters",4,False,C00,TOTAL CPC,0,0,TOTAL MOT,-1,N/A,0.0,True,-1,N/A,0.0,False,29885100.0,False,0.0,False,254197718.76,,254197718.76,2,False,True
C,M,20241101,2024,11,202411,97,EUR,European Union,M,Import,156,CHN,China,0,W00,World,H6,HS,True,8415,"Air conditioning machines; comprising a motor driven fan and elements for changing the temperature and humidity, including those machines in which the humidity cannot be separately regulated",4,False,C00,TOTAL CPC,0,0,TOTAL MOT,-1,N/A,0.0,True,-1,N/A,0.0,False,21446789.0,False,0.0,False,194502875.196,,194502875.196,2,False,True
C,M,20241101,2024,11,202411,97,EUR,European Union,M,Import,156,CHN,China,0,W00,World,H6,HS,True,8418,"Refrigerators, freezers and other refrigerating or freezing equipment, electric or other; heat pumps other than air conditioning machines of heading no. 8415",4,False,C00,TOTAL CPC,0,0,TOTAL MOT,-1,N/A,0.0,True,-1,N/A,0.0,False,63121225.254,True,0.0,False,311566186.359,,311566186.359,6,False,True
C,M,20241101,2024,11,202411,97,EUR,European Union,M,Import,156,CHN,China,0,W00,World,H6,HS,True,8450,Household or laundry-type washing machines; including machines which both wash and dry,4,False,C00,TOTAL CPC,0,0,TOTAL MOT,-1,N/A,0.0,True,-1,N/A,0.0,False,43478492.24,True,0.0,False,132959676.323,,132959676.323,6,False,True
C,M,20241101,2024,11,202411,97,EUR,European Union,M,Import,156,CHN,China,0,W00,World,H6,HS,True,8508,Vacuum cleaners,4,False,C00,TOTAL CPC,0,0,TOTAL MOT,-1,N/A,0.0,False,-1,N/A,0.0,False,23631279.205,True,0.0,False,339622579.866,,339622579.866,4,False,True
C,M,20241101,2024,11,202411,97,EUR,European Union,M,Import,156,CHN,China,0,W00,World,H6,HS,True,8509,"Electro-mechanical domestic appliances; with self-contained electric motor, other than vacuum cleaners of heading 85.08.",4,False,C00,TOTAL CPC,0,0,TOTAL MOT,-1,N/A,0.0,True,-1,N/A,0.0,False,22369308.0,False,0.0,False,255012099.344,,255012099.344,2,False,True
C,M,20241101,2024,11,202411,97,EUR,European Union,M,Import,156,CHN,China,0,W00,World,H6,HS,True,8516,"Electric water, space, soil heaters; electro-thermic hair-dressing apparatus; hand dryers, irons; electro-thermic appliances for domestic purposes; electro heating resistors, not of heading no. 8545",4,False,C00,TOTAL CPC,0,0,TOTAL MOT,-1,N/A,0.0,True,-1,N/A,0.0,False,89337936.335,True,0.0,False,661475904.472,,661475904.472,6,False,True
C,M,20241101,2024,11,202411,97,EUR,European Union,M,Import,156,CHN,China,0,W00,World,H6,HS,True,9401,"Seats (not those of heading no. 9402), whether or not convertible into beds and parts thereof",4,False,C00,TOTAL CPC,0,0,TOTAL MOT,-1,N/A,0.0,True,-1,N/A,0.0,False,121723273.01,True,0.0,False,533233959.935,,533233959.935,6,False,True
C,M,20241101,2024,11,202411,97,EUR,European Union,M,Import,156,CHN,China,0,W00,World,H6,HS,True,9403,"Furniture and parts thereof, n.e.c. in chapter 94",4,False,C00,TOTAL CPC,0,0,TOTAL MOT,-1,N/A,0.0,True,-1,N/A,0.0,False,217331968.0,False,0.0,False,552421287.159,,552421287.159,2,False,True
C,M,20241101,2024,11,202411,97,EUR,European Union,M,Import,156,CHN,China,0,W00,World,H6,HS,True,9405,"Luminaires and light fittings; including searchlights, spotlights and parts thereof, n.e.c.; illuminated signs, name-plates and the like, having permanently fixed light source and parts thereof n.e.c. or included",4,False,C00,TOTAL CPC,0,0,TOTAL MOT,8,kg,54458765.605,True,-1,N/A,0.0,False,54458765.605,True,0.0,False,592914046.26,,592914046.26,6,False,True
C,M,20241101,2024,11,202411,97,EUR,European Union,M,Import,156,CHN,China,0,W00,World,H6,HS,True,9503,"Tricycles, scooters, pedal cars and similar wheeled toys; dolls' carriages; dolls; other toys; reduced-size (scale) models and similar recreational models, working or not; puzzles of all kinds",4,False,C00,TOTAL CPC,0,0,TOTAL MOT,8,kg,63181740.0,False,8,kg,63181740.0,False,63181740.0,False,0.0,False,667714815.024,,667714815.024,0,False,True
C,M,20241201,2024,12,202412,97,EUR,European Union,M,Import,156,CHN,China,0,W00,World,H6,HS,True,3923,"Plastic articles for the conveyance or packing of goods; stoppers, lids, caps and other closures of plastics",4,False,C00,TOTAL CPC,0,0,TOTAL MOT,8,kg,25939732.407,True,-1,N/A,0.0,False,25939732.407,True,0.0,False,139921844.544,,139921844.544,6,False,True
C,M,20241201,2024,12,202412,97,EUR,European Union,M,Import,156,CHN,China,0,W00,World,H6,HS,True,3924,"Tableware, kitchenware, other household articles and hygienic or toilet articles, of plastics",4,False,C00,TOTAL CPC,0,0,TOTAL MOT,8,kg,28459918.0,False,8,kg,28459918.0,False,28459918.0,False,0.0,False,127354002.922,,127354002.922,0,False,True
C,M,20241201,2024,12,202412,97,EUR,European Union,M,Import,156,CHN,China,0,W00,World,H6,HS,True,3926,"Articles of plastics and articles of other materials of heading no. 3901 to 3914, n.e.c. in chapter 39",4,False,C00,TOTAL CPC,0,0,TOTAL MOT,8,kg,55026046.405,True,-1,N/A,0.0,False,55026046.405,True,0.0,False,391702147.22,,391702147.22,6,False,True
C,M,20241201,2024,12,202412,97,EUR,European Union,M,Import,156,CHN,China,0,W00,World,H6,HS,True,8414,"Air or vacuum pumps, air or other gas compressors and fans; ventilating or recycling hoods incorporating a fan; gas-tight biological safety cabinets whether or not fitted with filters",4,False,C00,TOTAL CPC,0,0,TOTAL MOT,-1,N/A,0.0,False,-1,N/A,0.0,False,27758662.674,True,0.0,False,210865031.353,,210865031.353,4,False,True
C,M,20241201,2024,12,202412,97,EUR,European Union,M,Import,156,CHN,China,0,W00,World,H6,HS,True,8415,"Air conditioning machines; comprising a motor driven fan and elements for changing the temperature and humidity, including those machines in which the humidity cannot be separately regulated",4,False,C00,TOTAL CPC,0,0,TOTAL MOT,-1,N/A,0.0,True,-1,N/A,0.0,False,18607022.0,False,0.0,False,168980728.421,,168980728.421,2,False,True
C,M,20241201,2024,12,202412,97,EUR,European Union,M,Import,156,CHN,China,0,W00,World,H6,HS,True,8418,"Refrigerators, freezers and other refrigerating or freezing equipment, electric or other; heat pumps other than air conditioning machines of heading no. 8415",4,False,C00,TOTAL CPC,0,0,TOTAL MOT,-1,N/A,0.0,True,-1,N/A,0.0,False,55950658.0,False,0.0,False,261663398.731,,261663398.731,2,False,True
C,M,20241201,2024,12,202412,97,EUR,European Union,M,Import,156,CHN,China,0,W00,World,H6,HS,True,8450,Household or laundry-type washing machines; including machines which both wash and dry,4,False,C00,TOTAL CPC,0,0,TOTAL MOT,-1,N/A,0.0,True,-1,N/A,0.0,False,37831827.137,True,0.0,False,117375484.031,,117375484.031,6,False,True
C,M,20241201,2024,12,202412,97,EUR,European Union,M,Import,156,CHN,China,0,W00,World,H6,HS,True,8508,Vacuum cleaners,4,False,C00,TOTAL CPC,0,0,TOTAL MOT,-1,N/A,0.0,False,-1,N/A,0.0,False,17962170.0,False,0.0,False,239673214.566,,239673214.566,0,False,True
C,M,20241201,2024,12,202412,97,EUR,European Union,M,Import,156,CHN,China,0,W00,World,H6,HS,True,8509,"Electro-mechanical domestic appliances; with self-contained electric motor, other than vacuum cleaners of heading 85.08.",4,False,C00,TOTAL CPC,0,0,TOTAL MOT,-1,N/A,0.0,True,-1,N/A,0.0,False,18030825.831,True,0.0,False,191207603.706,,191207603.706,6,False,True
C,M,20241201,2024,12,202412,97,EUR,European Union,M,Import,156,CHN,China,0,W00,World,H6,HS,True,8516,"Electric water, space, soil heaters; electro-thermic hair-dressing apparatus; hand dryers, irons; electro-thermic appliances for domestic purposes; electro heating resistors, not of heading no. 8545",4,False,C00,TOTAL CPC,0,0,TOTAL MOT,-1,N/A,0.0,True,-1,N/A,0.0,False,69102998.042,True,0.0,False,512231699.311,,512231699.311,6,False,True
C,M,20241201,2024,12,202412,97,EUR,European Union,M,Import,156,CHN,China,0,W00,World,H6,HS,True,9401,"Seats (not those of heading no. 9402), whether or not convertible into beds and parts thereof",4,False,C00,TOTAL CPC,0,0,TOTAL MOT,-1,N/A,0.0,True,-1,N/A,0.0,False,125381360.707,True,0.0,False,519608681.474,,519608681.474,6,False,True
C,M,20241201,2024,12,202412,97,EUR,European Union,M,Import,156,CHN,China,0,W00,World,H6,HS,True,9403,"Furniture and parts thereof, n.e.c. in chapter 94",4,False,C00,TOTAL CPC,0,0,TOTAL MOT,-1,N/A,0.0,True,-1,N/A,0.0,False,210172415.679,True,0.0,False,531087245.673,,531087245.673,6,False,True
C,M,20241201,2024,12,202412,97,EUR,European Union,M,Import,156,CHN,China,0,W00,World,H6,HS,True,9405,"Luminaires and light fittings; including searchlights, spotlights and parts thereof, n.e.c.; illuminated signs, name-plates and the like, having permanently fixed light source and parts thereof n.e.c. or included",4,False,C00,TOTAL CPC,0,0,TOTAL MOT,8,kg,46083070.544,True,-1,N/A,0.0,False,46083070.544,True,0.0,False,502598757.708,,502598757.708,6,False,True
C,M,20241201,2024,12,202412,97,EUR,European Union,M,Import,156,CHN,China,0,W00,World,H6,HS,True,9503,"Tricycles, scooters, pedal cars and similar wheeled toys; dolls' carriages; dolls; other toys; reduced-size (scale) models and similar recreational models, working or not; puzzles of all kinds",4,False,C00,TOTAL CPC,0,0,TOTAL MOT,8,kg,39954942.0,False,8,kg,39954942.0,False,39954942.0,False,0.0,False,400279615.555,,400279615.555,0,False,True
C,M,20250101,2025,1,202501,97,EUR,European Union,M,Import,156,CHN,China,0,W00,World,H6,HS,True,3923,"Plastic articles for the conveyance or packing of goods; stoppers, lids, caps and other closures of plastics",4,False,C00,TOTAL CPC,0,0,TOTAL MOT,8,kg,29705256.937,True,-1,N/A,0.0,False,29705256.937,True,0.0,False,177052972.013,,177052972.013,6,False,True
C,M,20250101,2025,1,202501,97,EUR,European Union,M,Import,156,CHN,China,0,W00,World,H6,HS,True,3924,"Tableware, kitchenware, other household articles and hygienic or toilet articles, of plastics",4,False,C00,TOTAL CPC,0,0,TOTAL MOT,8,kg,31725238.0,False,8,kg,31725238.0,False,31725238.0,False,0.0,False,144316458.569,,144316458.569,0,False,True
C,M,20250101,2025,1,202501,97,EUR,European Union,M,Import,156,CHN,China,0,W00,World,H6,HS,True,3926,"Articles of plastics and articles of other materials of heading no. 3901 to 3914, n.e.c. in chapter 39",4,False,C00,TOTAL CPC,0,0,TOTAL MOT,8,kg,70154531.522,True,-1,N/A,0.0,False,70154531.522,True,0.0,False,493404580.829,,493404580.829,6,False,True
C,M,20250101,2025,1,202501,97,EUR,European Union,M,Import,156,CHN,China,0,W00,World,H6,HS,True,8414,"Air or vacuum pumps, air or other gas compressors and fans; ventilating or recycling hoods incorporating a fan; gas-tight biological safety cabinets whether or not fitted with filters",4,False,C00,TOTAL CPC,0,0,TOTAL MOT,-1,N/A,0.0,True,-1,N/A,0.0,False,37645914.155,True,0.0,False,282161089.678,,282161089.678,6,False,True
C,M,20250101,2025,1,202501,97,EUR,European Union,M,Import,156,CHN,China,0,W00,World,H6,HS,True,8415,"Air conditioning machines; comprising a motor driven fan and elements for changing the temperature and humidity, including those machines in which the humidity cannot be separately regulated",4,False,C00,TOTAL CPC,0,0,TOTAL MOT,-1,N/A,0.0,True,-1,N/A,0.0,False,28312049.0,False,0.0,False,239214050.677,,239214050.677,2,False,True
C,M,20250101,2025,1,202501,97,EUR,European Union,M,Import,156,CHN,China,0,W00,World,H6,HS,True,8418,"Refrigerators, freezers and other refrigerating or freezing equipment, electric or other; heat pumps other than air conditioning machines of heading no. 8415",4,False,C00,TOTAL CPC,0,0,TOTAL MOT,-1,N/A,0.0,True,-1,N/A,0.0,False,60107130.066,True,0.0,False,281737657.531,,281737657.531,6,False,True
C,M,20250101,2025,1,202501,97,EUR,European Union,M,Import,156,CHN,China,0,W00,World,H6,HS,True,8450,Household or laundry-type washing machines; including machines which both wash and dry,4,False,C00,TOTAL CPC,0,0,TOTAL MOT,-1,N/A,0.0,False,-1,N/A,0.0,False,37558740.759,True,0.0,False,113933689.894,,113933689.894,4,False,True
C,M,20250101,2025,1,202501,97,EUR,European Union,M,Import,156,CHN,China,0,W00,World,H6,HS,True,8508,Vacuum cleaners,4,False,C00,TOTAL CPC,0,0,TOTAL MOT,-1,N/A,0.0,True,-1,N/A,0.0,False,21205019.0,False,0.0,False,272568302.517,,272568302.517,2,False,True
C,M,20250101,2025,1,202501,97,EUR,European Union,M,Import,156,CHN,China,0,W00,World,H6,HS,True,8509,"Electro-mechanical domestic appliances; with self-contained electric motor, other than vacuum cleaners of heading 85.08.",4,False,C00,TOTAL CPC,0,0,TOTAL MOT,-1,N/A,0.0,True,-1,N/A,0.0,False,18150041.0,False,0.0,False,202181598.049,,202181598.049,2,False,True
C,M,20250101,2025,1,202501,97,EUR,European Union,M,Import,156,CHN,China,0,W00,World,H6,HS,True,8516,"Electric water, space, soil heaters; electro-thermic hair-dressing apparatus; hand dryers, irons; electro-thermic appliances for domestic purposes; electro heating resistors, not of heading no. 8545",4,False,C00,TOTAL CPC,0,0,TOTAL MOT,-1,N/A,0.0,True,-1,N/A,0.0,False,68725365.162,True,0.0,False,520114001.047,,520114001.047,6,False,True
C,M,20250101,2025,1,202501,97,EUR,European Union,M,Import,156,CHN,China,0,W00,World,H6,HS,True,9401,"Seats (not those of heading no. 9402), whether or not convertible into beds and parts thereof",4,False,C00,TOTAL CPC,0,0,TOTAL MOT,-1,N/A,0.0,True,-1,N/A,0.0,False,157172400.969,True,0.0,False,658126666.306,,658126666.306,6,False,True
C,M,20250101,2025,1,202501,97,EUR,European Union,M,Import,156,CHN,China,0,W00,World,H6,HS,True,9403,"Furniture and parts thereof, n.e.c. in chapter 94",4,False,C00,TOTAL CPC,0,0,TOTAL MOT,-1,N/A,0.0,False,-1,N/A,0.0,False,241203132.0,False,0.0,False,627864050.415,,627864050.415,0,False,True
C,M,20250101,2025,1,202501,97,EUR,European Union,M,Import,156,CHN,China,0,W00,World,H6,HS,True,9405,"Luminaires and light fittings; including searchlights, spotlights and parts thereof, n.e.c.; illuminated signs, name-plates and the like, having permanently fixed light source and parts thereof n.e.c. or included",4,False,C00,TOTAL CPC,0,0,TOTAL MOT,8,kg,56443497.439,True,-1,N/A,0.0,False,56443497.439,True,0.0,False,587167062.695,,587167062.695,6,False,True
C,M,20250101,2025,1,202501,97,EUR,European Union,M,Import,156,CHN,China,0,W00,World,H6,HS,True,9503,"Tricycles, scooters, pedal cars and similar wheeled toys; dolls' carriages; dolls; other toys; reduced-size (scale) models and similar recreational models, working or not; puzzles of all kinds",4,False,C00,TOTAL CPC,0,0,TOTAL MOT,8,kg,43049450.441,True,-1,N/A,0.0,False,43049450.441,True,0.0,False,408422990.221,,408422990.221,6,False,True
C,M,20250201,2025,2,202502,97,EUR,European Union,M,Import,156,CHN,China,0,W00,World,H6,HS,True,3923,"Plastic articles for the conveyance or packing of goods; stoppers, lids, caps and other closures of plastics",4,False,C00,TOTAL CPC,0,0,TOTAL MOT,8,kg,29442808.891,True,-1,N/A,0.0,False,29442808.891,True,0.0,False,166863610.267,,166863610.267,6,False,True
C,M,20250201,2025,2,202502,97,EUR,European Union,M,Import,156,CHN,China,0,W00,World,H6,HS,True,3924,"Tableware, kitchenware, other household articles and hygienic or toilet articles, of plastics",4,False,C00,TOTAL CPC,0,0,TOTAL MOT,8,kg,30449611.179,True,-1,N/A,0.0,False,30449611.179,True,0.0,False,145850418.8,,145850418.8,6,False,True
C,M,20250201,2025,2,202502,97,EUR,European Union,M,Import,156,CHN,China,0,W00,World,H6,HS,True,3926,"Articles of plastics and articles of other materials of heading no. 3901 to 3914, n.e.c. in chapter 39",4,False,C00,TOTAL CPC,0,0,TOTAL MOT,8,kg,68196714.779,True,-1,N/A,0.0,False,68196714.779,True,0.0,False,450515698.046,,450515698.046,6,False,True
C,M,20250201,2025,2,202502,97,EUR,European Union,M,Import,156,CHN,China,0,W00,World,H6,HS,True,8414,"Air or vacuum pumps, air or other gas compressors and fans; ventilating or recycling hoods incorporating a fan; gas-tight biological safety cabinets whether or not fitted with filters",4,False,C00,TOTAL CPC,0,0,TOTAL MOT,-1,N/A,0.0,True,-1,N/A,0.0,False,38878325.62,True,0.0,False,302737959.428,,302737959.428,6,False,True
C,M,20250201,2025,2,202502,97,EUR,European Union,M,Import,156,CHN,China,0,W00,World,H6,HS,True,8415,"Air conditioning machines; comprising a motor driven fan and elements for changing the temperature and humidity, including those machines in which the humidity cannot be separately regulated",4,False,C00,TOTAL CPC,0,0,TOTAL MOT,-1,N/A,0.0,True,-1,N/A,0.0,False,40592912.0,False,0.0,False,330456600.308,,330456600.308,2,False,True
C,M,20250201,2025,2,202502,97,EUR,European Union,M,Import,156,CHN,China,0,W00,World,H6,HS,True,8418,"Refrigerators, freezers and other refrigerating or freezing equipment, electric or other; heat pumps other than air conditioning machines of heading no. 8415",4,False,C00,TOTAL CPC,0,0,TOTAL MOT,-1,N/A,0.0,True,-1,N/A,0.0,False,57282112.0,False,0.0,False,288106431.222,,288106431.222,2,False,True
C,M,20250201,2025,2,202502,97,EUR,European Union,M,Import,156,CHN,China,0,W00,World,H6,HS,True,8450,Household or laundry-type washing machines; including machines which both wash and dry,4,False,C00,TOTAL CPC,0,0,TOTAL MOT,-1,N/A,0.0,False,-1,N/A,0.0,False,33756547.0,False,0.0,False,104955982.067,,104955982.067,0,False,True
C,M,20250201,2025,2,202502,97,EUR,European Union,M,Import,156,CHN,China,0,W00,World,H6,HS,True,8508,Vacuum cleaners,4,False,C00,TOTAL CPC,0,0,TOTAL MOT,-1,N/A,0.0,True,-1,N/A,0.0,False,19166846.0,False,0.0,False,260523879.986,,260523879.986,2,False,True
C,M,20250201,2025,2,202502,97,EUR,European Union,M,Import,156,CHN,China,0,W00,World,H6,HS,True,8509,"Electro-mechanical domestic appliances; with self-contained electric motor, other than vacuum cleaners of heading 85.08.",4,False,C00,TOTAL CPC,0,0,TOTAL MOT,-1,N/A,0.0,True,-1,N/A,0.0,False,19842869.0,False,0.0,False,221147049.399,,221147049.399,2,False,True
C,M,20250201,2025,2,202502,97,EUR,European Union,M,Import,156,CHN,China,0,W00,World,H6,HS,True,8516,"Electric water, space, soil heaters; electro-thermic hair-dressing apparatus; hand dryers, irons; electro-thermic appliances for domestic purposes; electro heating resistors, not of heading no. 8545",4,False,C00,TOTAL CPC,0,0,TOTAL MOT,-1,N/A,0.0,True,-1,N/A,0.0,False,69064340.643,True,0.0,False,527046233.586,,527046233.586,6,False,True
C,M,20250201,2025,2,202502,97,EUR,European Union,M,Import,156,CHN,China,0,W00,World,H6,HS,True,9401,"Seats (not those of heading no. 9402), whether or not convertible into beds and parts thereof",4,False,C00,TOTAL CPC,0,0,TOTAL MOT,-1,N/A,0.0,True,-1,N/A,0.0,False,166340564.852,True,0.0,False,709520233.539,,709520233.539,6,False,True
C,M,20250201,2025,2,202502,97,EUR,European Union,M,Import,156,CHN,China,0,W00,World,H6,HS,True,9403,"Furniture and parts thereof, n.e.c. in chapter 94",4,False,C00,TOTAL CPC,0,0,TOTAL MOT,-1,N/A,0.0,True,-1,N/A,0.0,False,239877237.0,False,0.0,False,652268697.813,,652268697.813,2,False,True
C,M,20250201,2025,2,202502,97,EUR,European Union,M,Import,156,CHN,China,0,W00,World,H6,HS,True,9405,"Luminaires and light fittings; including searchlights, spotlights and parts thereof, n.e.c.; illuminated signs, name-plates and the like, having permanently fixed light source and parts thereof n.e.c. or included",4,False,C00,TOTAL CPC,0,0,TOTAL MOT,8,kg,57340461.119,True,-1,N/A,0.0,False,57340461.119,True,0.0,False,587648027.324,,587648027.324,6,False,True
C,M,20250201,2025,2,202502,97,EUR,European Union,M,Import,156,CHN,China,0,W00,World,H6,HS,True,9503,"Tricycles, scooters, pedal cars and similar wheeled toys; dolls' carriages; dolls; other toys; reduced-size (scale) models and similar recreational models, working or not; puzzles of all kinds",4,False,C00,TOTAL CPC,0,0,TOTAL MOT,8,kg,49966643.862,True,-1,N/A,0.0,False,49966643.862,True,0.0,False,457893096.708,,457893096.708,6,False,True
C,M,20250301,2025,3,202503,97,EUR,European Union,M,Import,156,CHN,China,0,W00,World,H6,HS,True,3923,"Plastic articles for the conveyance or packing of goods; stoppers, lids, caps and other closures of plastics",4,False,C00,TOTAL CPC,0,0,TOTAL MOT,8,kg,29976367.697,True,-1,N/A,0.0,False,29976367.697,True,0.0,False,183674770.11,,183674770.11,6,False,True
C,M,20250301,2025,3,202503,97,EUR,European Union,M,Import,156,CHN,China,0,W00,World,H6,HS,True,3924,"Tableware, kitchenware, other household articles and hygienic or toilet articles, of plastics",4,False,C00,TOTAL CPC,0,0,TOTAL MOT,8,kg,34161685.0,False,8,kg,34161685.0,False,34161685.0,False,0.0,False,164747442.268,,164747442.268,0,False,True
C,M,20250301,2025,3,202503,97,EUR,European Union,M,Import,156,CHN,China,0,W00,World,H6,HS,True,3926,"Articles of plastics and articles of other materials of heading no. 3901 to 3914, n.e.c. in chapter 39",4,False,C00,TOTAL CPC,0,0,TOTAL MOT,8,kg,73708618.727,True,-1,N/A,0.0,False,73708618.727,True,0.0,False,523352874.268,,523352874.268,6,False,True
C,M,20250301,2025,3,202503,97,EUR,European Union,M,Import,156,CHN,China,0,W00,World,H6,HS,True,8414,"Air or vacuum pumps, air or other gas compressors and fans; ventilating or recycling hoods incorporating a fan; gas-tight biological safety cabinets whether or not fitted with filters",4,False,C00,TOTAL CPC,0,0,TOTAL MOT,-1,N/A,0.0,True,-1,N/A,0.0,False,50798557.124,True,0.0,False,396484606.838,,396484606.838,6,False,True
C,M,20250301,2025,3,202503,97,EUR,European Union,M,Import,156,CHN,China,0,W00,World,H6,HS,True,8415,"Air conditioning machines; comprising a motor driven fan and elements for changing the temperature and humidity, including those machines in which the humidity cannot be separately regulated",4,False,C00,TOTAL CPC,0,0,TOTAL MOT,-1,N/A,0.0,True,-1,N/A,0.0,False,63384437.0,False,0.0,False,503719734.592,,503719734.592,2,False,True
C,M,20250301,2025,3,202503,97,EUR,European Union,M,Import,156,CHN,China,0,W00,World,H6,HS,True,8418,"Refrigerators, freezers and other refrigerating or freezing equipment, electric or other; heat pumps other than air conditioning machines of heading no. 8415",4,False,C00,TOTAL CPC,0,0,TOTAL MOT,-1,N/A,0.0,True,-1,N/A,0.0,False,69985324.0,False,0.0,False,359790260.508,,359790260.508,2,False,True
C,M,20250301,2025,3,202503,97,EUR,European Union,M,Import,156,CHN,China,0,W00,World,H6,HS,True,8450,Household or laundry-type washing machines; including machines which both wash and dry,4,False,C00,TOTAL CPC,0,0,TOTAL MOT,-1,N/A,0.0,False,-1,N/A,0.0,False,37324204.512,True,0.0,False,121861802.891,,121861802.891,4,False,True
C,M,20250301,2025,3,202503,97,EUR,European Union,M,Import,156,CHN,China,0,W00,World,H6,HS,True,8508,Vacuum cleaners,4,False,C00,TOTAL CPC,0,0,TOTAL MOT,-1,N/A,0.0,True,-1,N/A,0.0,False,24432721.0,False,0.0,False,365986572.048,,365986572.048,2,False,True
C,M,20250301,2025,3,202503,97,EUR,European Union,M,Import,156,CHN,China,0,W00,World,H6,HS,True,8509,"Electro-mechanical domestic appliances; with self-contained electric motor, other than vacuum cleaners of heading 85.08.",4,False,C00,TOTAL CPC,0,0,TOTAL MOT,-1,N/A,0.0,True,-1,N/A,0.0,False,20928547.0,False,0.0,False,269748882.042,,269748882.042,2,False,True
C,M,20250301,2025,3,202503,97,EUR,European Union,M,Import,156,CHN,China,0,W00,World,H6,HS,True,8516,"Electric water, space, soil heaters; electro-thermic hair-dressing apparatus; hand dryers, irons; electro-thermic appliances for domestic purposes; electro heating resistors, not of heading no. 8545",4,False,C00,TOTAL CPC,0,0,TOTAL MOT,-1,N/A,0.0,True,-1,N/A,0.0,False,75568213.0,False,0.0,False,565607082.985,,565607082.985,2,False,True
C,M,20250301,2025,3,202503,97,EUR,European Union,M,Import,156,CHN,China,0,W00,World,H6,HS,True,9401,"Seats (not those of heading no. 9402), whether or not convertible into beds and parts thereof",4,False,C00,TOTAL CPC,0,0,TOTAL MOT,-1,N/A,0.0,True,-1,N/A,0.0,False,160823125.0,False,0.0,False,716151704.587,,716151704.587,2,False,True
C,M,20250301,2025,3,202503,97,EUR,European Union,M,Import,156,CHN,China,0,W00,World,H6,HS,True,9403,"Furniture and parts thereof, n.e.c. in chapter 94",4,False,C00,TOTAL CPC,0,0,TOTAL MOT,-1,N/A,0.0,True,-1,N/A,0.0,False,243726167.0,False,0.0,False,689652774.841,,689652774.841,2,False,True
C,M,20250301,2025,3,202503,97,EUR,European Union,M,Import,156,CHN,China,0,W00,World,H6,HS,True,9405,"Luminaires and light fittings; including searchlights, spotlights and parts thereof, n.e.c.; illuminated signs, name-plates and the like, having permanently fixed light source and parts thereof n.e.c. or included",4,False,C00,TOTAL CPC,0,0,TOTAL MOT,8,kg,62126713.0,False,8,kg,62126713.0,False,62126713.0,False,0.0,False,693901097.002,,693901097.002,0,False,True
C,M,20250301,2025,3,202503,97,EUR,European Union,M,Import,156,CHN,China,0,W00,World,H6,HS,True,9503,"Tricycles, scooters, pedal cars and similar wheeled toys; dolls' carriages; dolls; other toys; reduced-size (scale) models and similar recreational models, working or not; puzzles of all kinds",4,False,C00,TOTAL CPC,0,0,TOTAL MOT,8,kg,53449321.155,True,-1,N/A,0.0,False,53449321.155,True,0.0,False,519807703.084,,519807703.084,6,False,True
C,M,20250401,2025,4,202504,97,EUR,European Union,M,Import,156,CHN,China,0,W00,World,H6,HS,True,3923,"Plastic articles for the conveyance or packing of goods; stoppers, lids, caps and other closures of plastics",4,False,C00,TOTAL CPC,0,0,TOTAL MOT,8,kg,26692708.735,True,-1,N/A,0.0,False,26692708.735,True,0.0,False,156805920.68,,156805920.68,6,False,True
C,M,20250401,2025,4,202504,97,EUR,European Union,M,Import,156,CHN,China,0,W00,World,H6,HS,True,3924,"Tableware, kitchenware, other household articles and hygienic or toilet articles, of plastics",4,False,C00,TOTAL CPC,0,0,TOTAL MOT,8,kg,25605484.0,False,8,kg,25605484.0,False,25605484.0,False,0.0,False,121959527.884,,121959527.884,0,False,True
C,M,20250401,2025,4,202504,97,EUR,European Union,M,Import,156,CHN,China,0,W00,World,H6,HS,True,3926,"Articles of plastics and articles of other materials of heading no. 3901 to 3914, n.e.c. in chapter 39",4,False,C00,TOTAL CPC,0,0,TOTAL MOT,8,kg,58805673.455,True,-1,N/A,0.0,False,58805673.455,True,0.0,False,426859988.119,,426859988.119,6,False,True
C,M,20250401,2025,4,202504,97,EUR,European Union,M,Import,156,CHN,China,0,W00,World,H6,HS,True,8414,"Air or vacuum pumps, air or other gas compressors and fans; ventilating or recycling hoods incorporating a fan; gas-tight biological safety cabinets whether or not fitted with filters",4,False,C00,TOTAL CPC,0,0,TOTAL MOT,-1,N/A,0.0,True,-1,N/A,0.0,False,50306411.808,True,0.0,False,384208461.469,,384208461.469,6,False,True
C,M,20250401,2025,4,202504,97,EUR,European Union,M,Import,156,CHN,China,0,W00,World,H6,HS,True,8415,"Air conditioning machines; comprising a motor driven fan and elements for changing the temperature and humidity, including those machines in which the humidity cannot be separately regulated",4,False,C00,TOTAL CPC,0,0,TOTAL MOT,-1,N/A,0.0,True,-1,N/A,0.0,False,80579299.0,False,0.0,False,629927498.64,,629927498.64,2,False,True
C,M,20250401,2025,4,202504,97,EUR,European Union,M,Import,156,CHN,China,0,W00,World,H6,HS,True,8418,"Refrigerators, freezers and other refrigerating or freezing equipment, electric or other; heat pumps other than air conditioning machines of heading no. 8415",4,False,C00,TOTAL CPC,0,0,TOTAL MOT,-1,N/A,0.0,True,-1,N/A,0.0,False,78727541.0,False,0.0,False,407572593.956,,407572593.956,2,False,True
C,M,20250401,2025,4,202504,97,EUR,European Union,M,Import,156,CHN,China,0,W00,World,H6,HS,True,8450,Household or laundry-type washing machines; including machines which both wash and dry,4,False,C00,TOTAL CPC,0,0,TOTAL MOT,-1,N/A,0.0,True,-1,N/A,0.0,False,43065141.446,True,0.0,False,143808045.246,,143808045.246,6,False,True
C,M,20250401,2025,4,202504,97,EUR,European Union,M,Import,156,CHN,China,0,W00,World,H6,HS,True,8508,Vacuum cleaners,4,False,C00,TOTAL CPC,0,0,TOTAL MOT,-1,N/A,0.0,True,-1,N/A,0.0,False,23182853.84,True,0.0,False,387368238.403,,387368238.403,6,False,True
C,M,20250401,2025,4,202504,97,EUR,European Union,M,Import,156,CHN,China,0,W00,World,H6,HS,True,8509,"Electro-mechanical domestic appliances; with self-contained electric motor, other than vacuum cleaners of heading 85.08.",4,False,C00,TOTAL CPC,0,0,TOTAL MOT,-1,N/A,0.0,False,-1,N/A,0.0,False,18062992.724,True,0.0,False,220066388.64,,220066388.64,4,False,True
C,M,20250401,2025,4,202504,97,EUR,European Union,M,Import,156,CHN,China,0,W00,World,H6,HS,True,8516,"Electric water, space, soil heaters; electro-thermic hair-dressing apparatus; hand dryers, irons; electro-thermic appliances for domestic purposes; electro heating resistors, not of heading no. 8545",4,False,C00,TOTAL CPC,0,0,TOTAL MOT,-1,N/A,0.0,True,-1,N/A,0.0,False,61328186.291,True,0.0,False,489795615.566,,489795615.566,6,False,True
C,M,20250401,2025,4,202504,97,EUR,European Union,M,Import,156,CHN,China,0,W00,World,H6,HS,True,9401,"Seats (not those of heading no. 9402), whether or not convertible into beds and parts thereof",4,False,C00,TOTAL CPC,0,0,TOTAL MOT,-1,N/A,0.0,True,-1,N/A,0.0,False,126192446.54,True,0.0,False,561604262.33,,561604262.33,6,False,True
C,M,20250401,2025,4,202504,97,EUR,European Union,M,Import,156,CHN,China,0,W00,World,H6,HS,True,9403,"Furniture and parts thereof, n.e.c. in chapter 94",4,False,C00,TOTAL CPC,0,0,TOTAL MOT,-1,N/A,0.0,True,-1,N/A,0.0,False,199967369.0,False,0.0,False,537946748.406,,537946748.406,2,False,True
C,M,20250401,2025,4,202504,97,EUR,European Union,M,Import,156,CHN,China,0,W00,World,H6,HS,True,9405,"Luminaires and light fittings; including searchlights, spotlights and parts thereof, n.e.c.; illuminated signs, name-plates and the like, having permanently fixed light source and parts thereof n.e.c. or included",4,False,C00,TOTAL CPC,0,0,TOTAL MOT,8,kg,41971766.049,True,-1,N/A,0.0,False,41971766.049,True,0.0,False,493421032.867,,493421032.867,6,False,True
C,M,20250401,2025,4,202504,97,EUR,European Union,M,Import,156,CHN,China,0,W00,World,H6,HS,True,9503,"Tricycles, scooters, pedal cars and similar wheeled toys; dolls' carriages; dolls; other toys; reduced-size (scale) models and similar recreational models, working or not; puzzles of all kinds",4,False,C00,TOTAL CPC,0,0,TOTAL MOT,8,kg,38559614.535,True,-1,N/A,0.0,False,38559614.535,True,0.0,False,370701716.499,,370701716.499,6,False,True
C,M,20250501,2025,5,202505,97,EUR,European Union,M,Import,156,CHN,China,0,W00,World,H6,HS,True,3923,"Plastic articles for the conveyance or packing of goods; stoppers, lids, caps and other closures of plastics",4,False,C00,TOTAL CPC,0,0,TOTAL MOT,8,kg,29463060.444,True,-1,N/A,0.0,False,29463060.444,True,0.0,False,170174649.377,,170174649.377,6,False,True
C,M,20250501,2025,5,202505,97,EUR,European Union,M,Import,156,CHN,China,0,W00,World,H6,HS,True,3924,"Tableware, kitchenware, other household articles and hygienic or toilet articles, of plastics",4,False,C00,TOTAL CPC,0,0,TOTAL MOT,8,kg,30977396.0,False,8,kg,30977396.0,False,30977396.0,False,0.0,False,140667283.939,,140667283.939,0,False,True
C,M,20250501,2025,5,202505,97,EUR,European Union,M,Import,156,CHN,China,0,W00,World,H6,HS,True,3926,"Articles of plastics and articles of other materials of heading no. 3901 to 3914, n.e.c. in chapter 39",4,False,C00,TOTAL CPC,0,0,TOTAL MOT,8,kg,65908495.0,False,-1,N/A,0.0,False,65908495.0,False,0.0,False,453682573.539,,453682573.539,0,False,True
C,M,20250501,2025,5,202505,97,EUR,European Union,M,Import,156,CHN,China,0,W00,World,H6,HS,True,8414,"Air or vacuum pumps, air or other gas compressors and fans; ventilating or recycling hoods incorporating a fan; gas-tight biological safety cabinets whether or not fitted with filters",4,False,C00,TOTAL CPC,0,0,TOTAL MOT,-1,N/A,0.0,True,-1,N/A,0.0,False,53682638.061,True,0.0,False,401420414.92,,401420414.92,6,False,True
C,M,20250501,2025,5,202505,97,EUR,European Union,M,Import,156,CHN,China,0,W00,World,H6,HS,True,8415,"Air conditioning machines; comprising a motor driven fan and elements for changing the temperature and humidity, including those machines in which the humidity cannot be separately regulated",4,False,C00,TOTAL CPC,0,0,TOTAL MOT,-1,N/A,0.0,True,-1,N/A,0.0,False,79637297.0,False,0.0,False,596727446.762,,596727446.762,2,False,True
C,M,20250501,2025,5,202505,97,EUR,European Union,M,Import,156,CHN,China,0,W00,World,H6,HS,True,8418,"Refrigerators, freezers and other refrigerating or freezing equipment, electric or other; heat pumps other than air conditioning machines of heading no. 8415",4,False,C00,TOTAL CPC,0,0,TOTAL MOT,-1,N/A,0.0,True,-1,N/A,0.0,False,80049002.812,True,0.0,False,400925362.895,,400925362.895,6,False,True
C,M,20250501,2025,5,202505,97,EUR,European Union,M,Import,156,CHN,China,0,W00,World,H6,HS,True,8450,Household or laundry-type washing machines; including machines which both wash and dry,4,False,C00,TOTAL CPC,0,0,TOTAL MOT,-1,N/A,0.0,False,-1,N/A,0.0,False,38527433.0,False,0.0,False,129679806.262,,129679806.262,0,False,True
C,M,20250501,2025,5,202505,97,EUR,European Union,M,Import,156,CHN,China,0,W00,World,H6,HS,True,8508,Vacuum cleaners,4,False,C00,TOTAL CPC,0,0,TOTAL MOT,-1,N/A,0.0,True,-1,N/A,0.0,False,27212620.0,False,0.0,False,396986359.627,,396986359.627,2,False,True
C,M,20250501,2025,5,202505,97,EUR,European Union,M,Import,156,CHN,China,0,W00,World,H6,HS,True,8509,"Electro-mechanical domestic appliances; with self-contained electric motor, other than vacuum cleaners of heading 85.08.",4,False,C00,TOTAL CPC,0,0,TOTAL MOT,-1,N/A,0.0,True,-1,N/A,0.0,False,20147684.174,True,0.0,False,257695090.532,,257695090.532,6,False,True
C,M,20250501,2025,5,202505,97,EUR,European Union,M,Import,156,CHN,China,0,W00,World,H6,HS,True,8516,"Electric water, space, soil heaters; electro-thermic hair-dressing apparatus; hand dryers, irons; electro-thermic appliances for domestic purposes; electro heating resistors, not of heading no. 8545",4,False,C00,TOTAL CPC,0,0,TOTAL MOT,-1,N/A,0.0,True,-1,N/A,0.0,False,72607668.745,True,0.0,False,560941382.2,,560941382.2,6,False,True
C,M,20250501,2025,5,202505,97,EUR,European Union,M,Import,156,CHN,China,0,W00,World,H6,HS,True,9401,"Seats (not those of heading no. 9402), whether or not convertible into beds and parts thereof",4,False,C00,TOTAL CPC,0,0,TOTAL MOT,-1,N/A,0.0,True,-1,N/A,0.0,False,136011331.518,True,0.0,False,571430399.243,,571430399.243,6,False,True
C,M,20250501,2025,5,202505,97,EUR,European Union,M,Import,156,CHN,China,0,W00,World,H6,HS,True,9403,"Furniture and parts thereof, n.e.c. in chapter 94",4,False,C00,TOTAL CPC,0,0,TOTAL MOT,-1,N/A,0.0,True,-1,N/A,0.0,False,207414455.232,True,0.0,False,539943839.371,,539943839.371,6,False,True
C,M,20250501,2025,5,202505,97,EUR,European Union,M,Import,156,CHN,China,0,W00,World,H6,HS,True,9405,"Luminaires and light fittings; including searchlights, spotlights and parts thereof, n.e.c.; illuminated signs, name-plates and the like, having permanently fixed light source and parts thereof n.e.c. or included",4,False,C00,TOTAL CPC,0,0,TOTAL MOT,8,kg,47680350.182,True,-1,N/A,0.0,False,47680350.182,True,0.0,False,533645156.507,,533645156.507,6,False,True
C,M,20250501,2025,5,202505,97,EUR,European Union,M,Import,156,CHN,China,0,W00,World,H6,HS,True,9503,"Tricycles, scooters, pedal cars and similar wheeled toys; dolls' carriages; dolls; other toys; reduced-size (scale) models and similar recreational models, working or not; puzzles of all kinds",4,False,C00,TOTAL CPC,0,0,TOTAL MOT,8,kg,45612053.319,True,-1,N/A,0.0,False,45612053.319,True,0.0,False,418824189.604,,418824189.604,6,False,True
C,M,20250601,2025,6,202506,97,EUR,European Union,M,Import,156,CHN,China,0,W00,World,H6,HS,True,3923,"Plastic articles for the conveyance or packing of goods; stoppers, lids, caps and other closures of plastics",4,False,C00,TOTAL CPC,0,0,TOTAL MOT,8,kg,33306827.449,True,-1,N/A,0.0,False,33306827.449,True,0.0,False,184901164.837,,184901164.837,6,False,True
C,M,20250601,2025,6,202506,97,EUR,European Union,M,Import,156,CHN,China,0,W00,World,H6,HS,True,3924,"Tableware, kitchenware, other household articles and hygienic or toilet articles, of plastics",4,False,C00,TOTAL CPC,0,0,TOTAL MOT,8,kg,34614403.0,False,8,kg,34614403.0,False,34614403.0,False,0.0,False,158785052.882,,158785052.882,0,False,True
C,M,20250601,2025,6,202506,97,EUR,European Union,M,Import,156,CHN,China,0,W00,World,H6,HS,True,3926,"Articles of plastics and articles of other materials of heading no. 3901 to 3914, n.e.c. in chapter 39",4,False,C00,TOTAL CPC,0,0,TOTAL MOT,8,kg,69275157.0,False,-1,N/A,0.0,False,69275157.0,False,0.0,False,477957885.32,,477957885.32,0,False,True
C,M,20250601,2025,6,202506,97,EUR,European Union,M,Import,156,CHN,China,0,W00,World,H6,HS,True,8414,"Air or vacuum pumps, air or other gas compressors and fans; ventilating or recycling hoods incorporating a fan; gas-tight biological safety cabinets whether or not fitted with filters",4,False,C00,TOTAL CPC,0,0,TOTAL MOT,-1,N/A,0.0,True,-1,N/A,0.0,False,49483049.0,False,0.0,False,396389280.605,,396389280.605,2,False,True
C,M,20250601,2025,6,202506,97,EUR,European Union,M,Import,156,CHN,China,0,W00,World,H6,HS,True,8415,"Air conditioning machines; comprising a motor driven fan and elements for changing the temperature and humidity, including those machines in which the humidity cannot be separately regulated",4,False,C00,TOTAL CPC,0,0,TOTAL MOT,-1,N/A,0.0,True,-1,N/A,0.0,False,77242119.0,False,0.0,False,604521704.483,,604521704.483,2,False,True
C,M,20250601,2025,6,202506,97,EUR,European Union,M,Import,156,CHN,China,0,W00,World,H6,HS,True,8418,"Refrigerators, freezers and other refrigerating or freezing equipment, electric or other; heat pumps other than air conditioning machines of heading no. 8415",4,False,C00,TOTAL CPC,0,0,TOTAL MOT,-1,N/A,0.0,True,-1,N/A,0.0,False,87994407.0,False,0.0,False,434802788.675,,434802788.675,2,False,True
C,M,20250601,2025,6,202506,97,EUR,European Union,M,Import,156,CHN,China,0,W00,World,H6,HS,True,8450,Household or laundry-type washing machines; including machines which both wash and dry,4,False,C00,TOTAL CPC,0,0,TOTAL MOT,-1,N/A,0.0,True,-1,N/A,0.0,False,44960630.861,True,0.0,False,151080174.876,,151080174.876,6,False,True
C,M,20250601,2025,6,202506,97,EUR,European Union,M,Import,156,CHN,China,0,W00,World,H6,HS,True,8508,Vacuum cleaners,4,False,C00,TOTAL CPC,0,0,TOTAL MOT,-1,N/A,0.0,True,-1,N/A,0.0,False,26015730.0,False,0.0,False,374989544.388,,374989544.388,2,False,True
C,M,20250601,2025,6,202506,97,EUR,European Union,M,Import,156,CHN,China,0,W00,World,H6,HS,True,8509,"Electro-mechanical domestic appliances; with self-contained electric motor, other than vacuum cleaners of heading 85.08.",4,False,C00,TOTAL CPC,0,0,TOTAL MOT,-1,N/A,0.0,True,-1,N/A,0.0,False,18871657.932,True,0.0,False,228245361.134,,228245361.134,6,False,True
C,M,20250601,2025,6,202506,97,EUR,European Union,M,Import,156,CHN,China,0,W00,World,H6,HS,True,8516,"Electric water, space, soil heaters; electro-thermic hair-dressing apparatus; hand dryers, irons; electro-thermic appliances for domestic purposes; electro heating resistors, not of heading no. 8545",4,False,C00,TOTAL CPC,0,0,TOTAL MOT,-1,N/A,0.0,True,-1,N/A,0.0,False,79461880.0,False,0.0,False,606605601.485,,606605601.485,2,False,True
C,M,20250601,2025,6,202506,97,EUR,European Union,M,Import,156,CHN,China,0,W00,World,H6,HS,True,9401,"Seats (not those of heading no. 9402), whether or not convertible into beds and parts thereof",4,False,C00,TOTAL CPC,0,0,TOTAL MOT,-1,N/A,0.0,True,-1,N/A,0.0,False,142420757.88,True,0.0,False,610932361.52,,610932361.52,6,False,True
C,M,20250601,2025,6,202506,97,EUR,European Union,M,Import,156,CHN,China,0,W00,World,H6,HS,True,9403,"Furniture and parts thereof, n.e.c. in chapter 94",4,False,C00,TOTAL CPC,0,0,TOTAL MOT,-1,N/A,0.0,True,-1,N/A,0.0,False,237036951.311,True,0.0,False,606430620.131,,606430620.131,6,False,True
C,M,20250601,2025,6,202506,97,EUR,European Union,M,Import,156,CHN,China,0,W00,World,H6,HS,True,9405,"Luminaires and light fittings; including searchlights, spotlights and parts thereof, n.e.c.; illuminated signs, name-plates and the like, having permanently fixed light source and parts thereof n.e.c. or included",4,False,C00,TOTAL CPC,0,0,TOTAL MOT,8,kg,54748206.839,True,-1,N/A,0.0,False,54748206.839,True,0.0,False,609714231.987,,609714231.987,6,False,True
C,M,20250601,2025,6,202506,97,EUR,European Union,M,Import,156,CHN,China,0,W00,World,H6,HS,True,9503,"Tricycles, scooters, pedal cars and similar wheeled toys; dolls' carriages; dolls; other toys; reduced-size (scale) models and similar recreational models, working or not; puzzles of all kinds",4,False,C00,TOTAL CPC,0,0,TOTAL MOT,8,kg,49860968.514,True,-1,N/A,0.0,False,49860968.514,True,0.0,False,472947912.571,,472947912.571,6,False,True
C,M,20250701,2025,7,202507,97,EUR,European Union,M,Import,156,CHN,China,0,W00,World,H6,HS,True,3923,"Plastic articles for the conveyance or packing of goods; stoppers, lids, caps and other closures of plastics",4,False,C00,TOTAL CPC,0,0,TOTAL MOT,8,kg,33567421.587,True,-1,N/A,0.0,False,33567421.587,True,0.0,False,191483567.465,,191483567.465,6,False,True
C,M,20250701,2025,7,202507,97,EUR,European Union,M,Import,156,CHN,China,0,W00,World,H6,HS,True,3924,"Tableware, kitchenware, other household articles and hygienic or toilet articles, of plastics",4,False,C00,TOTAL CPC,0,0,TOTAL MOT,8,kg,34838949.0,False,8,kg,34838949.0,False,34838949.0,False,0.0,False,159921746.257,,159921746.257,0,False,True
C,M,20250701,2025,7,202507,97,EUR,European Union,M,Import,156,CHN,China,0,W00,World,H6,HS,True,3926,"Articles of plastics and articles of other materials of heading no. 3901 to 3914, n.e.c. in chapter 39",4,False,C00,TOTAL CPC,0,0,TOTAL MOT,8,kg,69921984.469,True,-1,N/A,0.0,False,69921984.469,True,0.0,False,512978737.518,,512978737.518,6,False,True
C,M,20250701,2025,7,202507,97,EUR,European Union,M,Import,156,CHN,China,0,W00,World,H6,HS,True,8414,"Air or vacuum pumps, air or other gas compressors and fans; ventilating or recycling hoods incorporating a fan; gas-tight biological safety cabinets whether or not fitted with filters",4,False,C00,TOTAL CPC,0,0,TOTAL MOT,-1,N/A,0.0,True,-1,N/A,0.0,False,44073816.567,True,0.0,False,366524581.276,,366524581.276,6,False,True
C,M,20250701,2025,7,202507,97,EUR,European Union,M,Import,156,CHN,China,0,W00,World,H6,HS,True,8415,"Air conditioning machines; comprising a motor driven fan and elements for changing the temperature and humidity, including those machines in which the humidity cannot be separately regulated",4,False,C00,TOTAL CPC,0,0,TOTAL MOT,-1,N/A,0.0,True,-1,N/A,0.0,False,56356801.0,False,0.0,False,473245365.85,,473245365.85,2,False,True
C,M,20250701,2025,7,202507,97,EUR,European Union,M,Import,156,CHN,China,0,W00,World,H6,HS,True,8418,"Refrigerators, freezers and other refrigerating or freezing equipment, electric or other; heat pumps other than air conditioning machines of heading no. 8415",4,False,C00,TOTAL CPC,0,0,TOTAL MOT,-1,N/A,0.0,True,-1,N/A,0.0,False,88524136.0,False,0.0,False,435751917.426,,435751917.426,2,False,True
C,M,20250701,2025,7,202507,97,EUR,European Union,M,Import,156,CHN,China,0,W00,World,H6,HS,True,8450,Household or laundry-type washing machines; including machines which both wash and dry,4,False,C00,TOTAL CPC,0,0,TOTAL MOT,-1,N/A,0.0,True,-1,N/A,0.0,False,43596436.298,True,0.0,False,144512070.826,,144512070.826,6,False,True
C,M,20250701,2025,7,202507,97,EUR,European Union,M,Import,156,CHN,China,0,W00,World,H6,HS,True,8508,Vacuum cleaners,4,False,C00,TOTAL CPC,0,0,TOTAL MOT,-1,N/A,0.0,True,-1,N/A,0.0,False,24946678.0,False,0.0,False,401977054.995,,401977054.995,2,False,True
C,M,20250701,2025,7,202507,97,EUR,European Union,M,Import,156,CHN,China,0,W00,World,H6,HS,True,8509,"Electro-mechanical domestic appliances; with self-contained electric motor, other than vacuum cleaners of heading 85.08.",4,False,C00,TOTAL CPC,0,0,TOTAL MOT,-1,N/A,0.0,True,-1,N/A,0.0,False,21900797.512,True,0.0,False,253104161.278,,253104161.278,6,False,True
C,M,20250701,2025,7,202507,97,EUR,European Union,M,Import,156,CHN,China,0,W00,World,H6,HS,True,8516,"Electric water, space, soil heaters; electro-thermic hair-dressing apparatus; hand dryers, irons; electro-thermic appliances for domestic purposes; electro heating resistors, not of heading no. 8545",4,False,C00,TOTAL CPC,0,0,TOTAL MOT,-1,N/A,0.0,True,-1,N/A,0.0,False,88620765.0,False,0.0,False,667919091.887,,667919091.887,2,False,True
C,M,20250701,2025,7,202507,97,EUR,European Union,M,Import,156,CHN,China,0,W00,World,H6,HS,True,9401,"Seats (not those of heading no. 9402), whether or not convertible into beds and parts thereof",4,False,C00,TOTAL CPC,0,0,TOTAL MOT,-1,N/A,0.0,True,-1,N/A,0.0,False,138551652.532,True,0.0,False,577990126.219,,577990126.219,6,False,True
C,M,20250701,2025,7,202507,97,EUR,European Union,M,Import,156,CHN,China,0,W00,World,H6,HS,True,9403,"Furniture and parts thereof, n.e.c. in chapter 94",4,False,C00,TOTAL CPC,0,0,TOTAL MOT,-1,N/A,0.0,True,-1,N/A,0.0,False,245981824.0,False,0.0,False,609342463.53,,609342463.53,2,False,True
C,M,20250701,2025,7,202507,97,EUR,European Union,M,Import,156,CHN,China,0,W00,World,H6,HS,True,9405,"Luminaires and light fittings; including searchlights, spotlights and parts thereof, n.e.c.; illuminated signs, name-plates and the like, having permanently fixed light source and parts thereof n.e.c. or included",4,False,C00,TOTAL CPC,0,0,TOTAL MOT,8,kg,67570881.287,True,-1,N/A,0.0,False,67570881.287,True,0.0,False,730872605.759,,730872605.759,6,False,True
C,M,20250701,2025,7,202507,97,EUR,European Union,M,Import,156,CHN,China,0,W00,World,H6,HS,True,9503,"Tricycles, scooters, pedal cars and similar wheeled toys; dolls' carriages; dolls; other toys; reduced-size (scale) models and similar recreational models, working or not; puzzles of all kinds",4,False,C00,TOTAL CPC,0,0,TOTAL MOT,8,kg,61195704.721,True,-1,N/A,0.0,False,61195704.721,True,0.0,False,595496117.951,,595496117.951,6,False,True
C,M,20250801,2025,8,202508,97,EUR,European Union,M,Import,156,CHN,China,0,W00,World,H6,HS,True,3923,"Plastic articles for the conveyance or packing of goods; stoppers, lids, caps and other closures of plastics",4,False,C00,TOTAL CPC,0,0,TOTAL MOT,8,kg,29574526.05,True,-1,N/A,0.0,False,29574526.05,True,0.0,False,160495856.738,,160495856.738,6,False,True
C,M,20250801,2025,8,202508,97,EUR,European Union,M,Import,156,CHN,China,0,W00,World,H6,HS,True,3924,"Tableware, kitchenware, other household articles and hygienic or toilet articles, of plastics",4,False,C00,TOTAL CPC,0,0,TOTAL MOT,8,kg,27903204.0,False,8,kg,27903204.0,False,27903204.0,False,0.0,False,130884909.645,,130884909.645,0,False,True
C,M,20250801,2025,8,202508,97,EUR,European Union,M,Import,156,CHN,China,0,W00,World,H6,HS,True,3926,"Articles of plastics and articles of other materials of heading no. 3901 to 3914, n.e.c. in chapter 39",4,False,C00,TOTAL CPC,0,0,TOTAL MOT,8,kg,58623559.686,True,-1,N/A,0.0,False,58623559.686,True,0.0,False,452217351.949,,452217351.949,6,False,True
C,M,20250801,2025,8,202508,97,EUR,European Union,M,Import,156,CHN,China,0,W00,World,H6,HS,True,8414,"Air or vacuum pumps, air or other gas compressors and fans; ventilating or recycling hoods incorporating a fan; gas-tight biological safety cabinets whether or not fitted with filters",4,False,C00,TOTAL CPC,0,0,TOTAL MOT,-1,N/A,0.0,True,-1,N/A,0.0,False,35048796.544,True,0.0,False,300063903.804,,300063903.804,6,False,True
C,M,20250801,2025,8,202508,97,EUR,European Union,M,Import,156,CHN,China,0,W00,World,H6,HS,True,8415,"Air conditioning machines; comprising a motor driven fan and elements for changing the temperature and humidity, including those machines in which the humidity cannot be separately regulated",4,False,C00,TOTAL CPC,0,0,TOTAL MOT,-1,N/A,0.0,True,-1,N/A,0.0,False,30276736.0,False,0.0,False,272422620.816,,272422620.816,2,False,True
C,M,20250801,2025,8,202508,97,EUR,European Union,M,Import,156,CHN,China,0,W00,World,H6,HS,True,8418,"Refrigerators, freezers and other refrigerating or freezing equipment, electric or other; heat pumps other than air conditioning machines of heading no. 8415",4,False,C00,TOTAL CPC,0,0,TOTAL MOT,-1,N/A,0.0,True,-1,N/A,0.0,False,73522995.0,False,0.0,False,353279171.546,,353279171.546,2,False,True
C,M,20250801,2025,8,202508,97,EUR,European Union,M,Import,156,CHN,China,0,W00,World,H6,HS,True,8450,Household or laundry-type washing machines; including machines which both wash and dry,4,False,C00,TOTAL CPC,0,0,TOTAL MOT,-1,N/A,0.0,True,-1,N/A,0.0,False,42635604.039,True,0.0,False,140783715.597,,140783715.597,6,False,True
C,M,20250801,2025,8,202508,97,EUR,European Union,M,Import,156,CHN,China,0,W00,World,H6,HS,True,8508,Vacuum cleaners,4,False,C00,TOTAL CPC,0,0,TOTAL MOT,-1,N/A,0.0,True,-1,N/A,0.0,False,21898744.0,False,0.0,False,345818352.641,,345818352.641,2,False,True
C,M,20250801,2025,8,202508,97,EUR,European Union,M,Import,156,CHN,China,0,W00,World,H6,HS,True,8509,"Electro-mechanical domestic appliances; with self-contained electric motor, other than vacuum cleaners of heading 85.08.",4,False,C00,TOTAL CPC,0,0,TOTAL MOT,-1,N/A,0.0,True,-1,N/A,0.0,False,20824862.0,False,0.0,False,229381498.489,,229381498.489,2,False,True
C,M,20250801,2025,8,202508,97,EUR,European Union,M,Import,156,CHN,China,0,W00,World,H6,HS,True,8516,"Electric water, space, soil heaters; electro-thermic hair-dressing apparatus; hand dryers, irons; electro-thermic appliances for domestic purposes; electro heating resistors, not of heading no. 8545",4,False,C00,TOTAL CPC,0,0,TOTAL MOT,-1,N/A,0.0,True,-1,N/A,0.0,False,86836330.7,True,0.0,False,627816703.763,,627816703.763,6,False,True
C,M,20250801,2025,8,202508,97,EUR,European Union,M,Import,156,CHN,China,0,W00,World,H6,HS,True,9401,"Seats (not those of heading no. 9402), whether or not convertible into beds and parts thereof",4,False,C00,TOTAL CPC,0,0,TOTAL MOT,-1,N/A,0.0,True,-1,N/A,0.0,False,106981626.099,True,0.0,False,440231691.175,,440231691.175,6,False,True
C,M,20250801,2025,8,202508,97,EUR,European Union,M,Import,156,CHN,China,0,W00,World,H6,HS,True,9403,"Furniture and parts thereof, n.e.c. in chapter 94",4,False,C00,TOTAL CPC,0,0,TOTAL MOT,-1,N/A,0.0,True,-1,N/A,0.0,False,207184385.235,True,0.0,False,505615428.702,,505615428.702,6,False,True
C,M,20250801,2025,8,202508,97,EUR,European Union,M,Import,156,CHN,China,0,W00,World,H6,HS,True,9405,"Luminaires and light fittings; including searchlights, spotlights and parts thereof, n.e.c.; illuminated signs, name-plates and the like, having permanently fixed light source and parts thereof n.e.c. or included",4,False,C00,TOTAL CPC,0,0,TOTAL MOT,8,kg,68234584.156,True,-1,N/A,0.0,False,68234584.156,True,0.0,False,710223021.672,,710223021.672,6,False,True
C,M,20250801,2025,8,202508,97,EUR,European Union,M,Import,156,CHN,China,0,W00,World,H6,HS,True,9503,"Tricycles, scooters, pedal cars and similar wheeled toys; dolls' carriages; dolls; other toys; reduced-size (scale) models and similar recreational models, working or not; puzzles of all kinds",4,False,C00,TOTAL CPC,0,0,TOTAL MOT,8,kg,69616427.0,False,8,kg,69616427.0,False,69616427.0,False,0.0,False,670866340.971,,670866340.971,0,False,True
C,M,20250901,2025,9,202509,97,EUR,European Union,M,Import,156,CHN,China,0,W00,World,H6,HS,True,3923,"Plastic articles for the conveyance or packing of goods; stoppers, lids, caps and other closures of plastics",4,False,C00,TOTAL CPC,0,0,TOTAL MOT,8,kg,30457267.58,True,-1,N/A,0.0,False,30457267.58,True,0.0,False,177547375.013,,177547375.013,6,False,True
C,M,20250901,2025,9,202509,97,EUR,European Union,M,Import,156,CHN,China,0,W00,World,H6,HS,True,3924,"Tableware, kitchenware, other household articles and hygienic or toilet articles, of plastics",4,False,C00,TOTAL CPC,0,0,TOTAL MOT,8,kg,30786851.0,False,8,kg,30786851.0,False,30786851.0,False,0.0,False,137020413.461,,137020413.461,0,False,True
C,M,20250901,2025,9,202509,97,EUR,European Union,M,Import,156,CHN,China,0,W00,World,H6,HS,True,3926,"Articles of plastics and articles of other materials of heading no. 3901 to 3914, n.e.c. in chapter 39",4,False,C00,TOTAL CPC,0,0,TOTAL MOT,8,kg,62812890.332,True,-1,N/A,0.0,False,62812890.332,True,0.0,False,511066860.011,,511066860.011,6,False,True
C,M,20250901,2025,9,202509,97,EUR,European Union,M,Import,156,CHN,China,0,W00,World,H6,HS,True,8414,"Air or vacuum pumps, air or other gas compressors and fans; ventilating or recycling hoods incorporating a fan; gas-tight biological safety cabinets whether or not fitted with filters",4,False,C00,TOTAL CPC,0,0,TOTAL MOT,-1,N/A,0.0,True,-1,N/A,0.0,False,36631012.349,True,0.0,False,340394515.789,,340394515.789,6,False,True
C,M,20250901,2025,9,202509,97,EUR,European Union,M,Import,156,CHN,China,0,W00,World,H6,HS,True,8415,"Air conditioning machines; comprising a motor driven fan and elements for changing the temperature and humidity, including those machines in which the humidity cannot be separately regulated",4,False,C00,TOTAL CPC,0,0,TOTAL MOT,-1,N/A,0.0,True,-1,N/A,0.0,False,33053636.0,False,0.0,False,298421530.888,,298421530.888,2,False,True
C,M,20250901,2025,9,202509,97,EUR,European Union,M,Import,156,CHN,China,0,W00,World,H6,HS,True,8418,"Refrigerators, freezers and other refrigerating or freezing equipment, electric or other; heat pumps other than air conditioning machines of heading no. 8415",4,False,C00,TOTAL CPC,0,0,TOTAL MOT,-1,N/A,0.0,True,-1,N/A,0.0,False,71730471.0,False,0.0,False,359094396.152,,359094396.152,2,False,True
C,M,20250901,2025,9,202509,97,EUR,European Union,M,Import,156,CHN,China,0,W00,World,H6,HS,True,8450,Household or laundry-type washing machines; including machines which both wash and dry,4,False,C00,TOTAL CPC,0,0,TOTAL MOT,-1,N/A,0.0,True,-1,N/A,0.0,False,49228396.074,True,0.0,False,158298683.014,,158298683.014,6,False,True
C,M,20250901,2025,9,202509,97,EUR,European Union,M,Import,156,CHN,China,0,W00,World,H6,HS,True,8508,Vacuum cleaners,4,False,C00,TOTAL CPC,0,0,TOTAL MOT,-1,N/A,0.0,True,-1,N/A,0.0,False,26698058.0,False,0.0,False,470807550.408,,470807550.408,2,False,True
C,M,20250901,2025,9,202509,97,EUR,European Union,M,Import,156,CHN,China,0,W00,World,H6,HS,True,8509,"Electro-mechanical domestic appliances; with self-contained electric motor, other than vacuum cleaners of heading 85.08.",4,False,C00,TOTAL CPC,0,0,TOTAL MOT,-1,N/A,0.0,True,-1,N/A,0.0,False,24072879.0,False,0.0,False,285134907.691,,285134907.691,2,False,True
C,M,20250901,2025,9,202509,97,EUR,European Union,M,Import,156,CHN,China,0,W00,World,H6,HS,True,8516,"Electric water, space, soil heaters; electro-thermic hair-dressing apparatus; hand dryers, irons; electro-thermic appliances for domestic purposes; electro heating resistors, not of heading no. 8545",4,False,C00,TOTAL CPC,0,0,TOTAL MOT,-1,N/A,0.0,True,-1,N/A,0.0,False,97947775.0,False,0.0,False,731608400.961,,731608400.961,2,False,True
C,M,20250901,2025,9,202509,97,EUR,European Union,M,Import,156,CHN,China,0,W00,World,H6,HS,True,9401,"Seats (not those of heading no. 9402), whether or not convertible into beds and parts thereof",4,False,C00,TOTAL CPC,0,0,TOTAL MOT,-1,N/A,0.0,True,-1,N/A,0.0,False,120275618.914,True,0.0,False,500298379.289,,500298379.289,6,False,True
C,M,20250901,2025,9,202509,97,EUR,European Union,M,Import,156,CHN,China,0,W00,World,H6,HS,True,9403,"Furniture and parts thereof, n.e.c. in chapter 94",4,False,C00,TOTAL CPC,0,0,TOTAL MOT,-1,N/A,0.0,True,-1,N/A,0.0,False,219230578.0,False,0.0,False,534328182.124,,534328182.124,2,False,True
C,M,20250901,2025,9,202509,97,EUR,European Union,M,Import,156,CHN,China,0,W00,World,H6,HS,True,9405,"Luminaires and light fittings; including searchlights, spotlights and parts thereof, n.e.c.; illuminated signs, name-plates and the like, having permanently fixed light source and parts thereof n.e.c. or included",4,False,C00,TOTAL CPC,0,0,TOTAL MOT,8,kg,76864843.621,True,-1,N/A,0.0,False,76864843.621,True,0.0,False,819556268.34,,819556268.34,6,False,True
C,M,20250901,2025,9,202509,97,EUR,European Union,M,Import,156,CHN,China,0,W00,World,H6,HS,True,9503,"Tricycles, scooters, pedal cars and similar wheeled toys; dolls' carriages; dolls; other toys; reduced-size (scale) models and similar recreational models, working or not; puzzles of all kinds",4,False,C00,TOTAL CPC,0,0,TOTAL MOT,8,kg,87776242.098,True,-1,N/A,0.0,False,87776242.098,True,0.0,False,831343643.151,,831343643.151,6,False,True
